Date,Open,High,Low,Close,Adj Close,Volume,MA_30,MA_90,Daily_Return,Volatility,Year,Month,EMA_30,Lag_1,Lag_2,Lag_3
2012-01-03,58.485714,58.92857,58.42857,58.747143,50.765709,75555200,,,,,2012,1,58.747143,,,
2012-01-04,58.57143,59.240002,58.468571,59.062859,51.038536,65005500,,,0.005374150705507619,,2012,1,58.910262933333335,58.747143,,
2012-01-05,59.278572,59.792858,58.952858,59.718571,51.605175,67817400,,,0.011101934635436406,,2012,1,59.19785421510552,59.062859,58.747143,
2012-01-06,59.967144,60.392857,59.888573,60.342857,52.14463,79573200,,,0.010453800041531514,,2012,1,59.5133442073807,59.718571,59.062859,58.747143
2012-01-09,60.785713,61.107143,60.192856,60.247143,52.061932,98506100,,,-0.0015861695113309482,,2012,1,59.68030119870902,60.342857,59.718571,59.062859
2012-01-10,60.844284,60.857143,60.214287,60.462856,52.248333,64549100,,,0.0035804685377363032,,2012,1,59.83339571842284,60.247143,60.342857,59.718571
2012-01-11,60.382858,60.407143,59.901428,60.364285,52.163139,53771200,,,-0.0016302736344442348,,2012,1,59.925216478281165,60.462856,60.247143,60.342857
2012-01-12,60.325714,60.414288,59.82143,60.19857,52.019955,53146800,,,-0.002745249115433168,,2012,1,59.96786944637913,60.364285,60.462856,60.247143
2012-01-13,59.957142,60.064285,59.808571,59.972858,51.824898,56505400,,,-0.0037494578359584807,,2012,1,59.96858257458607,60.19857,60.364285,60.462856
2012-01-17,60.599998,60.855713,60.422855,60.671429,52.428562,60724300,59.978857100000006,,0.011648119220864839,,2012,1,60.06174884772944,59.972858,60.19857,60.364285
2012-01-18,60.994286,61.352856,60.900002,61.30143,52.972977,69197800,60.234285799999995,,0.01038381673851796,,2012,1,60.21560715600404,60.671429,59.972858,60.19857
2012-01-19,61.450001,61.624287,60.93,61.107143,52.805092,65434600,60.43871419999999,,-0.003169371415968625,,2012,1,60.32003344292501,61.30143,60.671429,59.972858
2012-01-20,61.07,61.07143,59.964287,60.042858,51.885387,103493600,60.4711429,,-0.01741670364134018,,2012,1,60.289190460380375,61.107143,61.30143,60.671429
2012-01-23,60.381428,61.207142,60.328571,61.058571,52.763115,76515600,60.5427143,,0.016916466567930444,,2012,1,60.37097961856462,60.042858,61.107143,61.30143
2012-01-24,60.728573,60.728573,59.935715,60.058571,51.898972,136909500,60.52385710000001,,-0.01637771706121327,,2012,1,60.33910112817972,61.058571,60.042858,61.107143
2012-01-25,64.919998,64.921425,63.389999,63.808571,55.139496,239578500,60.8584286,,0.06243904804195233,,2012,1,60.68032494893833,60.058571,61.058571,60.042858
2012-01-26,64.05143,64.112854,63.305714,63.51857,54.888889,80996300,61.1738571,,-0.004544859655296163,,2012,1,60.95033204439156,63.808571,60.058571,61.058571
2012-01-27,63.477142,64.068573,63.395714,63.897144,55.216022,74927300,61.54371450000001,,0.005960052312260711,,2012,1,61.22233962555469,63.51857,63.808571,60.058571
2012-01-30,63.672855,64.842857,63.627144,64.715714,55.923389,94835300,62.018000099999995,,0.012810744718105171,,2012,1,61.53607934442539,63.897144,63.51857,63.808571
2012-01-31,65.084282,65.46286,64.724289,65.211426,56.351761,97920900,62.471999800000006,,0.007659839772454546,,2012,1,61.858018905510285,64.715714,63.897144,63.51857
2012-02-01,65.487144,65.57,65.078575,65.169998,56.315968,67511500,62.8588566,,-0.0006352874418049659,,2012,2,62.14158531998081,65.211426,64.715714,63.897144
2012-02-02,65.128571,65.309998,64.854286,65.017143,56.183865,46699100,63.24985660000001,,-0.0023454811215430915,,2012,2,62.38269799324964,65.169998,65.211426,64.715714
2012-02-03,65.328575,65.714287,65.080002,65.668571,56.746796,71649900,63.8124279,,0.010019326748946789,,2012,2,62.65298968379172,65.017143,65.169998,65.211426
2012-02-06,65.482857,66.425713,65.457146,66.281425,57.276386,62353200,64.3347133,,0.009332531387046705,,2012,2,62.94625679281421,65.668571,65.017143,65.169998
2012-02-07,66.464287,67.10714,66.368568,66.975716,57.876339,79055900,65.0264278,,0.010474895492968095,,2012,2,63.26671039527107,66.281425,65.668571,65.017143
2012-02-08,67.214287,68.112854,67.099998,68.097145,58.845402,101972500,65.4552852,,0.01674381502692701,,2012,2,63.64518226930169,66.975716,66.281425,65.668571
2012-02-09,68.68,70.964287,68.651428,70.452858,60.881111,221053700,66.148714,,0.034593417976627405,,2012,2,64.1712950096416,68.097145,66.975716,66.281425
2012-02-10,70.137146,71.08857,69.792854,70.488571,60.911942,157825500,66.8078567,,0.0005069063344453895,,2012,2,64.6533544903493,70.452858,68.097145,66.975716
2012-02-13,71.361427,71.975716,71.012856,71.800003,62.0452,129304000,67.5162856,,0.018604888443546574,,2012,2,65.1923460464346,70.488571,70.452858,68.097145
2012-02-14,72.094284,72.794289,71.714287,72.779999,62.892056,115099600,68.27314290000001,,0.013648968789040206,4.048272102571183,2012,2,65.75842584837702,71.800003,70.488571,70.452858
2012-02-15,73.465714,75.184288,70.984283,71.095711,61.4366,376530000,68.8657142,,-0.023142182236083997,4.1665537063418006,2012,2,66.15263876782738,72.779999,71.800003,70.488571
2012-02-16,70.214287,72.127144,69.51857,71.744286,61.997032,236138000,69.5384285,,0.00912256155649116,4.291253118832817,2012,2,66.56181554542141,71.095711,72.779999,71.800003
2012-02-17,71.872856,72.538574,71.471428,71.73143,61.985954,133951300,70.1447144,,-0.00017919197077242988,4.397641673481691,2012,2,66.93686146116757,71.744286,71.095711,72.779999
2012-02-21,72.41143,73.550003,72.017143,73.550003,63.557446,151398800,70.8715722,,0.025352526779404805,4.591864659360494,2012,2,67.41280976043335,71.73143,71.744286,71.095711
2012-02-22,73.297142,73.641426,72.724289,73.291428,63.334015,120825600,71.5031434,,-0.0035156354786282096,4.717700767629609,2012,2,67.83276404504038,73.550003,71.73143,71.744286
2012-02-23,73.582855,73.975716,72.785713,73.769997,63.747555,142006900,72.0704286,,0.006529672201229353,4.833974521246372,2012,2,68.25399012593243,73.291428,73.550003,71.73143
2012-02-24,74.238571,74.699997,74.091431,74.629997,64.49073,103768000,72.48814250000001,,0.011657855970903741,4.9477632841238846,2012,2,68.70345545156589,73.769997,73.291428,73.550003
2012-02-27,74.472855,75.5,73.754288,75.108574,64.904282,136895500,72.9501428,,0.006412662725954643,5.030360384141999,2012,2,69.1522902219825,74.629997,73.769997,73.291428
2012-02-28,75.422859,76.487144,75.121429,76.487144,66.095551,150096800,73.41885690000001,,0.01835436257916445,5.12614653246725,2012,2,69.66343454760971,75.108574,74.629997,73.769997
2012-02-29,77.365715,78.230003,76.528572,77.491432,66.963387,238002800,73.8900002,,0.013130154264878957,5.2546585071661855,2012,2,70.20613832277516,76.487144,75.108574,74.629997
2012-03-01,78.309998,78.315712,76.96714,77.781425,67.213989,170817500,74.55857160000001,,0.0037422588861177886,5.367546060756551,2012,3,70.72880671979638,77.491432,76.487144,75.108574
2012-03-02,77.748573,78.114288,77.502853,77.882858,67.301636,107928100,75.1724288,,0.0013040774195123284,5.416291911600545,2012,3,71.22020966561783,77.781425,77.491432,76.487144
2012-03-05,77.917145,78.211426,75.14286,76.165718,65.817802,202281100,75.6158576,,-0.022047727113455484,5.261690611904185,2012,3,71.55849896642232,77.882858,77.781425,77.491432
2012-03-06,74.808571,76.241432,73.745712,75.751427,65.459801,202559700,75.836,,-0.005439336894322855,5.095611978002583,2012,3,71.84419868328709,76.165718,77.882858,77.781425
2012-03-07,76.685715,76.825714,74.757141,75.812859,65.512878,199630200,76.0881431,,0.0008109682211001612,4.8020457937850916,2012,3,72.11364112678801,75.751427,76.165718,77.882858
2012-03-08,76.384285,77.57,76.017143,77.427139,66.907837,129114300,76.45385730000001,,0.021292957702597537,4.7547063595984564,2012,3,72.47317408040514,75.812859,75.751427,76.165718
2012-03-09,77.744286,78.248573,77.587143,77.881432,67.300438,104729800,76.7790008,,0.005867361313712127,4.663637890212965,2012,3,72.8379705236359,77.427139,75.812859,75.751427
2012-03-12,78.425713,78.85714,78.14286,78.85714,68.143532,101820600,77.1538574,,0.01252812095185929,4.588087744337105,2012,3,73.24278563605188,77.881432,77.427139,75.812859
2012-03-13,79.648575,81.168571,79.39286,81.157143,70.13105,172713800,77.6208573,,0.029166705766909606,4.632169612176854,2012,3,73.77360682279921,78.85714,77.881432,77.427139
2012-03-14,82.578575,84.959999,82.199997,84.225716,72.782761,354711000,78.2942857,68.58165714,0.03781026397146592,4.846557507355024,2012,3,74.47285046250063,81.157143,78.85714,77.881432
2012-03-15,85.658569,85.715714,82.650002,83.651428,72.286484,289929500,78.88128600000002,69.07974284,-0.006818440106819756,4.9270054679338156,2012,3,75.08543495779469,84.225716,81.157143,78.85714
2012-03-16,83.531425,84.171425,82.571426,83.652855,72.287727,206371900,79.4582857,69.57154276,1.7058883920118006e-05,4.916893126671026,2012,3,75.65596122292558,83.651428,84.225716,81.157143
2012-03-19,85.48143,85.96714,84.150002,85.871429,74.204872,225309000,80.4288568,70.09459992000001,0.026521198828181047,5.016514034945339,2012,3,76.33482557175347,83.652855,83.651428,84.225716
2012-03-20,85.644287,86.699997,84.497147,86.565712,74.804832,204165500,81.51028529999999,70.61905702,0.008085145526109727,5.111682257196201,2012,3,77.013399196514,85.871429,83.652855,83.651428
2012-03-21,86.105713,87.092857,85.915718,86.071426,74.377708,161010500,82.53614200000001,71.13554268,-0.005709951302658944,5.128746532947128,2012,3,77.61309638499665,86.565712,85.871429,83.652855
2012-03-22,85.397141,86.35714,85.075714,85.620003,73.98761,155967700,83.35542840000001,71.63868562,-0.005244748704407498,5.111916749597249,2012,3,78.14230855424253,86.071426,86.565712,85.871429
2012-03-23,85.784286,85.971428,84.914284,85.150002,73.581444,107622200,84.0822854,72.13439996,-0.005489383129313796,5.137948169781764,2012,3,78.60474838548897,85.620003,86.071426,86.565712
2012-03-26,85.684288,86.735718,85.03714,86.711426,74.930763,148935500,84.867714,72.66465708000001,0.018337333685558788,5.197106587467101,2012,3,79.13892305004377,85.150002,85.620003,86.071426
2012-03-27,86.597145,88.040001,86.580002,87.78286,75.856613,151782400,85.53028570000001,73.22085712,0.012356318531769883,5.32295961625183,2012,3,79.70771618395972,86.711426,85.150002,85.620003
2012-03-28,88.339996,88.778572,87.187141,88.23143,76.244255,163865100,85.9308571,73.77205714,0.005109995276982415,5.460469690129679,2012,3,80.26787772235336,87.78286,86.711426,85.150002
2012-03-29,87.540001,88.080002,86.747147,87.122856,75.286285,152059600,86.2779999,74.28848566,-0.012564388903138046,5.406607710971037,2012,3,80.71783248277715,88.23143,87.78286,86.711426
2012-03-30,86.96714,87.222855,85.419998,85.650002,74.013542,182759500,86.4777146,74.77934284,-0.01690548344742049,5.277298403087779,2012,3,81.04121260916301,87.122856,88.23143,87.78286
2012-04-02,85.975716,88.395714,85.76857,88.375717,76.368927,149587900,86.7281434,75.34600002,0.03182387549739918,5.2123729092584155,2012,4,81.52159890598537,85.650002,87.122856,88.23143
2012-04-03,89.614288,90.315712,88.93,89.902855,77.688583,208639900,87.0618577,75.9228857,0.017280063481691643,5.269354811526221,2012,4,82.07000626421582,88.375717,85.650002,87.122856
2012-04-04,89.192856,89.408569,88.14286,89.187141,77.070114,143245200,87.3734292,76.5054571,-0.0079609707611622,5.217607297833179,2012,4,82.53527247626161,89.902855,88.375717,85.650002
2012-04-05,89.568573,90.665718,89.057144,90.525711,78.22683,160324500,87.864,77.03979989999999,0.015008553755524012,5.203119811775963,2012,4,83.0571818573916,89.187141,89.902855,88.375717
2012-04-09,89.447144,91.405716,89.328575,90.889999,78.541626,149384200,88.4379997,77.58722848000001,0.004024138512427777,5.195704506038895,2012,4,83.56838664879537,90.525711,89.187141,89.902855
2012-04-10,91.418571,92.0,89.428574,89.777145,77.579979,222431300,88.7445716,78.1048285,-0.012243965367410792,5.107199585768331,2012,4,83.9732950601884,90.889999,90.525711,89.187141
2012-04-11,90.885712,90.98143,89.048569,89.457146,77.303429,174153700,88.9120002,78.59965714,-0.003564370419665397,5.033748053857402,2012,4,84.33067813177246,89.777145,90.889999,90.525711
2012-04-12,89.285713,90.190002,88.64286,88.96714,76.88002,153584200,88.9855712,79.07477141999999,-0.005477550110977059,4.955867934598819,2012,4,84.63263930789758,89.457146,89.777145,90.889999
2012-04-13,89.158569,89.242859,86.215714,86.461426,74.714745,214911200,88.9194282,79.50059998,-0.028164488596576165,4.807066323177532,2012,4,84.75167084290234,88.96714,89.457146,89.777145
2012-04-16,87.151428,87.182854,82.60714,82.875717,71.616173,262696700,88.6419997,79.85777146000001,-0.04147177725243634,4.64692405794322,2012,4,84.62963905699387,86.461426,88.96714,89.457146
2012-04-17,82.705711,87.14286,81.701431,87.099998,75.266533,256382000,88.51442779999999,80.2864,0.05097127545816593,4.361586000510602,2012,4,84.79025137697192,82.875717,86.461426,88.96714
2012-04-18,87.674286,88.60714,86.101425,86.905716,75.098648,238632800,88.21471389999999,80.69888582,-0.002230562622975052,3.9854695202958053,2012,4,84.92772127767084,87.099998,82.875717,86.461426
2012-04-19,85.745712,86.389999,83.502853,83.919998,72.518593,208679800,87.6879996,81.03777145999999,-0.034355829943337524,3.550373986704982,2012,4,84.86226665942111,86.905716,87.099998,82.875717
2012-04-20,84.482857,84.945717,81.488571,81.854286,70.733521,257746300,86.8208571,81.31291428,-0.024615253208180587,3.268327252717494,2012,4,84.66697469780945,83.919998,86.905716,87.099998
2012-04-23,81.515717,82.381432,79.517143,81.671425,70.575485,241632300,85.8989997,81.53728562,-0.002233981981102362,3.0058664116056506,2012,4,84.47256922180998,81.854286,83.919998,86.905716
2012-04-24,80.372856,81.098572,79.285713,80.040001,69.165718,269037300,84.9252853,81.72831422,-0.019975456532073443,2.9133794631047,2012,4,84.18501381476509,81.671425,81.854286,83.919998
2012-04-25,87.94857,88.285713,86.571426,87.14286,75.303566,226444400,84.6938567,82.03517136,0.08874136570787883,2.7584292356357483,2012,4,84.37683059561942,80.040001,81.671425,81.854286
2012-04-26,87.752853,87.812859,86.01857,86.814285,75.019646,134017100,84.4785712,82.31585708,-0.003770532663261217,2.7290897051840637,2012,4,84.53484710783106,87.14286,80.040001,81.671425
2012-04-27,86.438568,86.597145,85.785713,86.14286,74.43943,101680600,84.44671459999999,82.61680006,-0.0077340382403656704,2.6779474112155532,2012,4,84.63905961825175,86.814285,87.14286,80.040001
2012-04-30,85.400002,85.485718,83.285713,83.425713,72.091446,126536200,84.50171420000001,82.8504286,-0.03154233560390263,2.6867220198408117,2012,4,84.5604477051858,86.14286,86.814285,87.14286
2012-05-01,83.557144,85.251427,83.03286,83.16143,71.863052,152749800,84.1078574,83.0790286,-0.003167884222937456,2.7546907134583773,2012,5,84.46983104346543,83.425713,86.14286,86.814285
2012-05-02,82.891426,83.914284,82.694283,83.711426,72.338333,106847300,83.78842840000002,83.28225705999999,0.006613594787872268,2.799488597241435,2012,5,84.42072045809188,83.16143,83.425713,86.14286
2012-05-03,84.35714,84.485718,82.900002,83.117142,71.824791,97637400,83.70814279999999,83.47877134000001,-0.007099198142915375,2.8610905777346605,2012,5,84.3363272867571,83.711426,83.16143,83.425713
2012-05-04,82.440002,82.622856,80.738571,80.75,69.779243,132498100,83.5977142,83.6183714,-0.028479588482481777,3.031532112356402,2012,5,84.10420170588921,83.117142,83.711426,83.16143
2012-05-07,80.214287,81.824287,80.175713,81.354286,70.301445,115029600,83.5660003,83.75285717999999,0.007483417956656302,3.149221989709349,2012,5,83.9262501882789,80.75,83.117142,83.711426
2012-05-08,81.368568,81.64286,79.818573,81.168571,70.140945,124313000,83.6788573,83.87405712,-0.002282793066366584,3.264566334325996,2012,5,83.7478311635351,81.354286,80.75,83.117142
2012-05-09,80.528572,81.997147,80.121429,81.311432,70.264397,120176000,83.0957145,83.97054288,0.0017600531614632153,3.3407756438628797,2012,5,83.59022744565348,81.168571,81.354286,80.75
2012-05-10,82.082855,82.26857,81.205711,81.502853,70.429832,83300000,82.5645713,84.0507713,0.002354170813275047,3.381359739655888,2012,5,83.4552242303781,81.311432,81.168571,81.354286
2012-05-11,80.714287,82.067146,80.621429,80.958572,69.959488,99886500,82.0461425,84.11431424,-0.0066780607054331975,3.4559381614090965,2012,5,83.29377635388683,81.502853,81.311432,81.168571
2012-05-14,80.367142,81.072861,79.657143,79.745712,68.911415,88156600,81.6781424,84.15157132,-0.014981242505117343,3.591213423681402,2012,5,83.06437245161105,80.958572,81.502853,81.311432
2012-05-15,80.207146,80.459999,78.821426,79.024284,68.287987,119084000,81.26442779999999,84.20874264,-0.009046605540370622,3.68733032263567,2012,5,82.80319275424243,79.745712,80.958572,81.502853
2012-05-16,79.150002,79.555717,77.291428,78.011429,67.412743,140224000,80.6944281,84.25394268,-0.012817009515707745,3.739623034421433,2012,5,82.49346002775074,79.024284,79.745712,80.958572
2012-05-17,77.901428,78.214287,75.73143,75.73143,65.442513,179305000,79.9558569,84.2523141,-0.029226473982421286,3.9271108213476333,2012,5,82.05642562744964,78.011429,79.024284,79.745712
2012-05-18,76.279999,77.629997,74.597145,75.76857,65.474609,183073100,79.4577139,84.21914272,0.0004904172547646191,3.9774412137898865,2012,5,81.65008396205248,75.73143,78.011429,79.024284
2012-05-21,76.35714,80.220001,76.292854,80.182854,69.289162,157776500,79.3405707,84.26517116,0.058260093862138485,3.745797294137473,2012,5,81.55527694939633,75.76857,75.73143,78.011429
2012-05-22,81.364288,81.982857,78.940002,79.567146,68.757088,173717600,79.1804282,84.27937127999999,-0.007678798761640682,3.5620388290501697,2012,5,81.42682409848224,80.182854,75.76857,75.73143
2012-05-23,79.64286,81.828575,79.03286,81.508568,70.434761,146224400,79.20014180000001,84.28639978000001,0.024399794357334414,3.3215000452898784,2012,5,81.43210506508706,79.567146,80.182854,75.76857
2012-05-24,82.267143,82.35714,80.175713,80.760002,69.78791,124057500,79.12585670000001,84.21708550000001,-0.009183893403697074,3.085589268473941,2012,5,81.3886884599284,81.508568,79.567146,80.182854
2012-05-25,80.655716,80.835716,79.781425,80.327141,69.413841,82126800,79.06271360000001,84.15059976,-0.0053598438494343315,2.985227532759433,2012,5,81.32012009589288,80.760002,81.508568,79.567146
2012-05-29,81.557144,82.0,80.758568,81.752853,70.645882,95127200,79.2634277,84.11259971999999,0.017748820414260846,2.97898040914351,2012,5,81.34806939865646,80.327141,80.760002,81.508568
2012-05-30,81.314285,82.855713,80.937141,82.738571,71.497665,132357400,79.6348564,84.04994256,0.012057291749805854,2.813992909906115,2012,5,81.4378725114177,81.752853,80.327141,80.760002
2012-05-31,82.96286,83.071426,81.637146,82.53286,71.319878,122918600,80.0869995,83.96928552000001,-0.0024862769263925832,2.641343725379062,2012,5,81.50858561596696,82.738571,81.752853,80.327141
2012-06-01,81.308571,81.807144,80.074287,80.141426,69.253372,130246900,80.5279991,83.85068552000001,-0.02897553774339101,2.6130546729501276,2012,6,81.42030147364282,82.53286,82.738571,81.752853
2012-06-04,80.214287,81.071426,78.35714,80.612854,69.660744,139248900,81.0124275,83.75054254000001,0.005882450856314891,2.615397486124222,2012,6,81.36816372733254,80.141426,82.53286,82.738571
2012-06-05,80.181427,80.924286,79.761429,80.404289,69.480499,97053600,81.034571,83.65562828,-0.002587242476243201,2.6203542409563685,2012,6,81.30592872524593,80.612854,80.141426,82.53286
2012-06-06,81.110001,81.978569,80.785713,81.637146,70.545883,100363900,81.241571,83.55414268,0.015333224325881467,2.60978707332938,2012,6,81.32731350470807,80.404289,80.612854,80.141426
2012-06-07,82.470001,82.474289,81.5,81.674286,70.577957,94941700,81.2581428,83.4319712,0.00045493996078693755,2.372654325309584,2012,6,81.34971443052397,81.637146,80.404289,80.612854
2012-06-08,81.657143,82.940002,81.285713,82.902855,71.639626,86879100,81.47242809999999,83.32539969999999,0.015042298625053352,2.14961711059732,2012,6,81.44998238436943,81.674286,81.637146,80.404289
2012-06-11,83.959999,84.071426,81.51857,81.595711,70.510078,147816200,81.5992851,83.21485679999999,-0.015767177137626986,1.9272554101220585,2012,6,81.4593899651996,82.902855,81.674286,81.637146
2012-06-12,82.065712,82.374283,80.957146,82.308571,71.126038,108845100,81.6548569,83.14802818,0.008736488612741011,1.8872018897341152,2012,6,81.51420709793727,81.595711,82.902855,81.674286
2012-06-13,82.074287,82.639999,81.482857,81.737144,70.632256,73395000,81.5547142,83.01525672,-0.006942496912016649,1.8448920901202102,2012,6,81.52859780074994,82.308571,81.595711,82.902855
2012-06-14,81.605713,81.928574,81.03714,81.647141,70.554489,86393300,81.4661423,82.85014244,-0.0011011272916509052,1.7702395518905212,2012,6,81.53624956765546,81.737144,82.308571,81.595711
2012-06-15,81.571426,82.08857,81.364288,82.01857,70.875465,83813800,81.65385669999999,82.70677101999999,0.004549197870872046,1.730483231462369,2012,6,81.5673815487887,81.647141,81.737144,82.308571
2012-06-18,81.565712,83.984283,81.48143,83.682854,72.313637,110103000,81.9608567,82.56991388,0.020291551047525003,1.8135225190623596,2012,6,81.70392327404205,82.01857,81.647141,81.737144
2012-06-19,83.342857,84.285713,83.300003,83.915718,72.514885,90351100,82.3119996,82.43042826000001,0.002782696680015073,1.8983285639065641,2012,6,81.84667803074771,83.682854,82.01857,81.647141
2012-06-20,84.029999,84.178574,82.971428,83.677139,72.308708,89735800,82.5159989,82.30842813999999,-0.0028430788139118812,1.9648462275380958,2012,6,81.96481743900303,83.915718,83.682854,82.01857
2012-06-21,83.634285,84.031425,82.491432,82.524284,71.312492,81587800,82.60099869999999,82.1697709,-0.013777418943542119,1.9842965499552434,2012,6,82.00092496559427,83.677139,83.915718,83.682854
2012-06-22,82.720001,83.169998,82.202858,83.157143,71.85936,71117900,82.6264275,82.05357096,0.007668760870436664,2.0208341759667063,2012,6,82.07554463549319,82.524284,83.677139,83.915718
2012-06-25,82.471428,82.828575,81.48143,81.538574,70.460701,76095600,82.6207138,81.95511392,-0.019463980382298685,2.0224566441276384,2012,6,82.0408905257351,83.157143,82.524284,83.677139
2012-06-26,81.618568,82.07,81.047142,81.718575,70.616219,69134100,82.5617142,81.93197108,0.00220755638920056,2.0091268657679717,2012,6,82.02008988725144,81.538574,83.157143,82.524284
2012-06-27,82.14286,82.391426,81.702858,82.071426,70.92115,50749300,82.5951424,81.83139964,0.004317879992400853,1.9741523418782936,2012,6,82.02340280166825,81.718575,81.538574,83.157143
2012-06-28,81.667145,82.0,80.80143,81.292854,70.248352,70709100,82.5597137,81.7191424,-0.009486517268507022,1.8763471225455775,2012,6,81.97625854470985,82.071426,81.718575,81.538574
2012-06-29,82.571426,83.428574,82.035713,83.428574,72.093903,105375200,82.7007141,81.70931392,0.026271927911400317,1.5817320509727197,2012,6,82.06997877403302,81.292854,82.071426,81.718575
2012-07-02,83.53286,84.781425,83.371429,84.645714,73.145668,100023000,82.7970001,81.76514248,0.014589006399653881,1.2416585676681833,2012,7,82.23619250008261,83.428574,81.292854,82.071426
2012-07-03,84.982857,85.714287,84.85714,85.629997,73.996246,60428200,82.968428,81.84431391999999,0.011628267439506734,1.36999588738402,2012,7,82.45519355491935,84.645714,83.428574,81.292854
2012-07-05,85.794289,87.762856,85.664284,87.134285,75.29615,121095800,83.3141426,81.9861996,0.017567301794954027,1.568813138097497,2012,7,82.75712965510286,85.629997,84.645714,83.428574
2012-07-06,86.727142,86.919998,85.940002,86.554283,74.794975,104732600,83.71714250000001,81.97442806000001,-0.006656415439686092,1.736230308951018,2012,7,83.00215225678713,87.134285,85.629997,84.645714
2012-07-09,86.471428,87.699997,86.30143,87.69857,75.783798,94851400,84.17128520000001,81.99211376,0.01322045496003943,1.9428050571589648,2012,7,83.30519897693745,86.554283,87.134285,85.629997
2012-07-10,88.281425,88.552856,86.472855,86.887146,75.082603,127989400,84.7061424,82.00699947999999,-0.009252419965342651,2.0272577578476296,2012,7,83.53632945369827,87.69857,86.554283,87.134285
2012-07-11,86.58857,86.808571,85.317146,86.347145,74.615967,117330500,85.1689994,82.06542811999999,-0.006214969933527326,2.103806775311759,2012,7,83.71769964163808,86.887146,87.69857,86.554283
2012-07-12,85.748573,86.209999,84.668571,85.557144,73.933273,107010400,85.5175712,82.11334240000001,-0.009149127049886907,2.14825838262042,2012,7,83.83639015306866,86.347145,86.887146,87.69857
2012-07-13,86.135712,86.741432,85.714287,86.424286,74.682602,77856800,86.0307144,82.16759959999999,0.010135237800831698,2.2214212026935654,2012,7,84.00337313062846,85.557144,86.347145,86.887146
2012-07-16,86.445717,87.374283,86.431427,86.701431,74.922119,75315100,86.3580001,82.23928538,0.0032067953676817584,2.217334569318633,2012,7,84.17746279309351,86.424286,85.557144,86.347145
2012-07-17,87.255714,87.35714,86.164284,86.705711,74.925812,73406200,86.5639998,82.3583996,4.936481382866731e-05,2.216090867223751,2012,7,84.34059435111406,86.701431,86.424286,85.557144
2012-07-18,86.655716,86.905716,86.222855,86.608574,74.841896,63175000,86.6618575,82.46348535999999,-0.0011203068273091255,2.179987731781959,2012,7,84.48693137049973,86.705711,86.701431,86.424286
2012-07-19,87.325714,87.907143,86.571426,87.760002,75.836884,109215400,86.7244292,82.59531397999999,0.013294619075473912,2.23883071380207,2012,7,84.69811848315119,86.608574,86.705711,86.701431
2012-07-20,87.575714,87.777145,86.242859,86.328575,74.599937,99367800,86.70185839999999,82.69565684,-0.01631069926365769,2.220041991153018,2012,7,84.80331913596936,87.760002,86.608574,86.705711
2012-07-23,84.914284,86.557144,83.958572,86.261429,74.541885,121993900,86.5581443,82.79082835999999,-0.0007777957646120104,2.22973255497581,2012,7,84.89739903057493,86.328575,87.760002,86.608574
2012-07-24,86.76857,87.097145,85.501427,85.845711,74.182663,141283100,86.4540008,82.88857114000001,-0.004819280237057244,2.1763769012154603,2012,7,84.9585854919471,86.261429,86.328575,87.760002
2012-07-25,82.065712,82.971428,81.428574,82.138573,70.979172,219328200,86.03314359999999,82.93642836,-0.04318372993614095,2.1827436014252823,2012,7,84.77663517051793,85.845711,86.261429,86.328575
2012-07-26,82.822861,82.914284,81.480003,82.125717,70.968056,101658200,85.6900009,82.99845702,-0.00015651598914434572,2.166334747614618,2012,7,84.60559585256252,82.138573,85.845711,86.261429
2012-07-27,82.144287,83.690002,81.655716,83.594284,72.237114,100984100,85.4070007,83.11011411999999,0.017881938248405227,2.1030303815001146,2012,7,84.54034552296405,82.125717,82.138573,85.845711
2012-07-30,84.417145,85.634285,83.974289,85.004288,73.455574,94785600,85.2372864,83.29557128,0.016867229821598828,2.043230256136327,2012,7,84.57027918551131,83.594284,82.125717,82.138573
2012-07-31,86.175713,87.385712,86.102859,87.251427,75.397385,115581900,85.291858,83.52522842,0.02643559581370769,2.0815554102407674,2012,7,84.7432666806704,85.004288,83.594284,82.125717
2012-08-01,87.987144,88.057144,86.14286,86.687141,74.909775,96125400,85.29971470000001,83.65531416,-0.0064673555425059925,2.0985171368409588,2012,8,84.86868485650342,87.251427,85.004288,83.594284
2012-08-02,86.120003,87.241432,85.75,86.827141,75.030754,83039600,85.20642860000001,83.80051405999998,0.0016150030833292917,2.1100268285329236,2012,8,84.99504339672995,86.687141,87.251427,85.004288
2012-08-03,87.66143,88.28286,87.365715,87.957146,76.007233,86230200,85.3692857,83.92948562,0.013014421377757879,2.116099948943108,2012,8,85.18615603105809,86.827141,86.687141,87.251427
2012-08-06,88.184288,89.267143,87.894287,88.935715,76.852821,75525800,85.6367143,84.09299988,0.011125520148186796,2.179863786743424,2012,8,85.42807400374157,87.957146,86.827141,86.687141
2012-08-07,88.96714,89.285713,88.291428,88.701431,76.650383,72611700,85.9222863,84.26048568,-0.0026343072633980835,2.1277122252771163,2012,8,85.63926726246777,88.935715,87.957146,86.827141
2012-08-08,88.484283,89.125717,88.157143,88.55143,76.520775,61176500,86.563572,84.39645721999999,-0.0016910775655919474,2.051830993179961,2012,8,85.82715616677471,88.701431,88.935715,87.957146
2012-08-09,88.264282,88.818573,88.257141,88.675713,76.957161,55410600,87.21857159999999,84.51520006000001,0.0014035120607314155,1.9774041272496274,2012,8,86.01094083254166,88.55143,88.701431,88.935715
2012-08-10,88.387146,88.822861,88.385712,88.814285,77.077438,48734700,87.7405717,84.64082855999999,0.0015626826705075203,1.8112114846401433,2012,8,86.19180801199704,88.675713,88.55143,88.701431
2012-08-13,89.055717,90.0,89.035713,90.0,78.106461,69708100,88.2401429,84.83800003999998,0.01335049874015204,1.8375435397087383,2012,8,86.43750577978771,88.814285,88.675713,88.55143
2012-08-14,90.267143,91.230003,90.029999,90.241432,78.315979,85042300,88.5391434,85.03057159999999,0.002682577777777917,1.9135209543395948,2012,8,86.68292781470953,90.0,88.814285,88.675713
2012-08-15,90.185715,90.571426,89.678574,90.118568,78.209335,64335600,88.8822861,85.22485718,-0.0013615032172805686,1.992855169290149,2012,8,86.90458830640978,90.241432,90.0,88.814285
2012-08-16,90.172859,90.965714,90.071426,90.905716,78.892494,63633500,89.2901436,85.41022857999998,0.008734581756780768,2.1199197048683254,2012,8,87.16273242550842,90.118568,90.241432,90.0
2012-08-17,91.428574,92.598572,91.258568,92.587143,80.351715,110690300,89.7531433,85.62848572000001,0.01849638365974693,2.3433192150075515,2012,8,87.51270308373938,90.905716,90.118568,90.241432
2012-08-20,92.858574,95.021431,92.842857,95.021431,82.464294,153346200,90.36171490000001,85.87085724,0.02629185782306731,2.7372714041444874,2012,8,87.99714839028566,92.587143,90.905716,90.118568
2012-08-21,95.831429,96.41143,92.904289,93.722855,81.337326,203179900,90.86385729999999,86.11340012000001,-0.013666138115726922,2.958447545730612,2012,8,88.36655683999571,95.021431,92.587143,90.905716
2012-08-22,93.488571,95.571426,92.587143,95.552856,82.925507,141330700,91.5639999,86.37828582,0.019525664257667108,3.269356955577075,2012,8,88.83019846414403,93.722855,95.021431,92.587143
2012-08-23,95.158569,95.699997,94.449997,94.66143,82.151878,105032200,92.1625716,86.63677153999998,-0.009329140303247607,3.447342083058582,2012,8,89.20641410112457,95.552856,93.722855,95.021431
2012-08-24,94.215714,95.639999,93.650002,94.745712,82.225029,109335100,92.7557143,86.89874295999999,0.0008903520684189203,3.6170673467502548,2012,8,89.56379451366377,94.66143,95.552856,93.722855
2012-08-27,97.141426,97.267143,96.220001,96.525711,83.769806,106752100,93.4082854,87.18888578,0.018787119357971616,3.871784520934876,2012,8,90.01295788727933,94.745712,94.66143,95.552856
2012-08-28,96.425713,96.585716,95.809998,96.400002,83.660683,66854200,94.02414239999999,87.44322874000001,-0.0013023369493750936,4.076141603893914,2012,8,90.42503166150752,96.525711,94.745712,94.66143
2012-08-29,96.464287,96.809998,96.085716,96.209999,83.495804,50701700,94.6332855,87.68911436,-0.0019709854362867096,4.23267871230777,2012,8,90.79826079374769,96.400002,96.525711,94.745712
2012-08-30,95.805717,95.935715,94.692856,94.83857,82.305595,75674900,95.0265709,87.91234297999999,-0.014254537098581488,4.322619677707185,2012,8,91.05892945349783,96.209999,96.400002,96.525711
2012-08-31,95.321426,95.514282,93.89286,95.034286,82.475456,84580300,95.2712852,88.16254301999999,0.0020636751482017157,4.370639231911113,2012,8,91.31540733667332,94.83857,96.209999,96.400002
2012-09-04,95.108574,96.44857,94.928574,96.424286,83.681786,91973000,95.4115707,88.42788588000002,0.014626300238631762,4.453423219943875,2012,9,91.64501633972012,95.034286,94.83857,96.209999
2012-09-05,96.510002,96.621429,95.657143,95.747147,83.094116,84093800,95.6139999,88.71205734000002,-0.0070224943122730865,4.4657804563204975,2012,9,91.90967288117201,96.424286,95.034286,94.83857
2012-09-06,96.167145,96.898575,95.828575,96.610001,83.842957,97799100,95.7197144,89.00988586000001,0.009011798544765082,4.275456523325922,2012,9,92.21292301918785,95.747147,96.424286,95.034286
2012-09-07,96.864288,97.497147,96.538574,97.205711,84.359955,82416600,95.9741425,89.31257156,0.006166131806581765,4.041875719988867,2012,9,92.53504151544045,96.610001,95.747147,96.424286
2012-09-10,97.207146,97.612854,94.585716,94.677139,82.16552,121999500,95.96728519999999,89.58025726,-0.02601258685305019,3.764380366326177,2012,9,92.67324261448304,97.205711,96.610001,95.747147
2012-09-11,95.015717,95.728569,93.785713,94.370003,81.898964,125995800,95.7517144,89.79908584,-0.003244035500481246,3.532142149769462,2012,9,92.78271196109483,94.677139,97.205711,96.610001
2012-09-12,95.264282,95.699997,93.714287,95.684288,83.039574,178058300,95.680143,90.01985731999999,0.013926936083704433,3.437059382078545,2012,9,92.96991191040381,94.370003,94.677139,97.205711
2012-09-13,96.767143,97.928574,96.395714,97.568573,84.674828,149590000,95.8160004,90.25862884,0.019692731579922462,3.3484383518230385,2012,9,93.26660193944734,95.684288,94.370003,94.677139
2012-09-14,98.565712,99.568573,98.269997,98.754288,85.703873,150118500,96.20757219999999,90.4910289,0.012152632385020068,3.284122819573059,2012,9,93.62064867611942,97.568573,95.684288,94.370003
2012-09-17,99.907143,99.971428,99.230003,99.968575,86.75766,99507800,96.7010011,90.75931474000001,0.01229604328674827,3.3160738313291387,2012,9,94.03019498786189,98.754288,97.568573,95.684288
2012-09-18,99.982857,100.332855,99.488571,100.272858,87.021759,93375800,97.0858583,91.01080049999999,0.003043786509910662,3.3752990048684843,2012,9,94.43294990388846,99.968575,98.754288,97.568573
2012-09-19,100.03714,100.57,99.938568,100.300003,87.045334,81718700,97.5411439,91.27905763999999,0.0002707113424453844,3.377789548637478,2012,9,94.81147162449321,100.272858,99.968575,98.754288
2012-09-20,99.879997,100.008568,99.08857,99.814285,86.623787,84142100,97.8615723,91.54840044000001,-0.004842651899023442,3.298929774106906,2012,9,95.13423550554694,100.300003,100.272858,99.968575
2012-09-21,100.344284,100.724289,99.908569,100.012856,86.796127,142897300,98.14228680000001,91.83751467999998,0.0019894046227952877,3.1913399026060962,2012,9,95.44898679106589,99.814285,100.300003,100.272858
2012-09-24,98.122856,99.302856,97.571426,98.684288,85.643105,159941600,98.5430017,92.08271472,-0.013283972212532413,2.988499268152697,2012,9,95.6577168791534,100.012856,99.814285,100.300003
2012-09-25,98.322861,98.968575,96.14286,96.220001,83.504486,129697400,98.7280015,92.27308611999999,-0.02497142199576896,2.7842236826472044,2012,9,95.69399343302663,98.684288,100.012856,99.814285
2012-09-26,95.534286,96.098572,94.457146,95.025711,82.468048,144125800,98.6621438,92.43948612,-0.012412076362377067,2.574326306788793,2012,9,95.65087826058803,96.220001,98.684288,100.012856
2012-09-27,94.898575,97.452858,94.335716,97.331429,84.469032,148522500,98.63842939999999,92.65394322,0.024264148889135972,2.3183882791556654,2012,9,95.75930130476206,95.025711,96.220001,98.684288
2012-09-28,96.964287,97.30143,95.25,95.300003,82.706062,133777700,98.29300090000001,92.80474324000001,-0.020871223415408813,2.0892245805611855,2012,9,95.7296690497539,97.331429,95.025711,96.220001
2012-10-01,95.879997,96.678574,93.785713,94.19857,81.750168,135898700,97.71600040000001,92.96214314,-0.011557533739007364,2.0038870355506564,2012,10,95.63088813435989,95.300003,97.331429,95.025711
2012-10-02,94.544289,95.192856,92.949997,94.472855,81.988228,156998100,97.1360001,93.12637165999999,0.0029117745630320435,2.0208679713540096,2012,10,95.55617608466127,94.19857,95.300003,97.331429
2012-10-03,94.980003,95.980003,94.66143,95.921425,83.245377,106070300,96.6981423,93.32788594,0.015333187506612278,1.9537659088610477,2012,10,95.57974060002594,94.472855,94.19857,95.300003
2012-10-04,95.89286,96.321426,95.078575,95.257141,82.668839,92681400,96.2424279,93.59025730000002,-0.006925293280411471,1.9600596876615417,2012,10,95.55892766541707,95.921425,94.472855,94.19857
2012-10-05,95.028572,95.14286,93.040001,93.227142,80.907135,148501500,95.56385650000001,93.81228579999998,-0.0213107277700052,2.0255727654443163,2012,10,95.40848949385986,95.257141,95.921425,94.472855
2012-10-08,92.41143,92.508568,90.872856,91.167145,79.119362,159498500,94.81214220000001,93.96374302,-0.02209653707929815,2.2310540292620997,2012,10,95.13485370723892,93.227142,95.257141,95.921425
2012-10-09,91.235718,91.498573,89.078575,90.835716,78.831726,209649300,94.2737137,94.08037157999999,-0.0036353995729492272,2.454279345603929,2012,10,94.85748936026978,91.167145,93.227142,95.257141
2012-10-10,91.391426,92.139999,91.0,91.558571,79.459068,127589000,93.9269997,94.16651446,0.007957827953929408,2.599057427645427,2012,10,94.64465546979719,90.835716,91.167145,93.227142
2012-10-11,92.35714,92.457146,89.728569,89.728569,77.870895,136520300,93.1667137,94.22734302,-0.019987227629404636,2.846340116064116,2012,10,94.3274879764101,91.558571,90.835716,91.167145
2012-10-12,89.937141,90.76857,89.328575,89.958572,78.070511,115003700,92.6325706,94.28997164,0.0025633196044840822,3.040369099700073,2012,10,94.04562191046888,89.728569,91.558571,90.835716
2012-10-15,90.335716,90.732857,89.121429,90.68,78.696594,108125500,92.2807136,94.34442872,0.00801955815839328,3.17475454582249,2012,10,93.8284846389441,89.958572,89.728569,91.558571
2012-10-16,90.767143,92.900002,90.14286,92.827141,80.559998,137442900,92.1161422,94.42225724,0.023678220114689008,3.2089617067972385,2012,10,93.76388171941345,90.68,89.958572,89.728569
2012-10-17,92.695717,93.255714,92.0,92.087143,79.91777,97259400,91.732714,94.48997147999998,-0.007971784889938549,3.2661816426138395,2012,10,93.65570486474682,92.827141,90.68,89.958572
2012-10-18,91.370003,91.722855,90.0,90.377144,78.433754,119156100,91.24471430000001,94.52648576,-0.018569356636463308,3.3778843076741962,2012,10,93.4441845106345,92.087143,92.827141,90.68
2012-10-19,90.150002,90.252853,87.08857,87.120003,75.607056,186021500,90.6340004,94.49537155999998,-0.036039432713209085,3.653416600003594,2012,10,93.036172261948,90.377144,92.087143,92.827141
2012-10-22,87.488571,90.76857,87.251427,90.575714,78.606094,136682700,90.57485729999999,94.53060014,0.0396661028581462,3.733267234780308,2012,10,92.87743282331623,87.120003,90.377144,92.087143
2012-10-23,90.14286,90.557144,87.385712,87.622856,76.043457,176786400,90.2535713,94.48305726000001,-0.032600990592246415,3.947396237571287,2012,10,92.53842747554795,90.575714,87.120003,90.377144
2012-10-24,88.777145,89.507141,87.234283,88.118568,76.473671,139631800,89.909571,94.44059998,0.005657336711325511,4.102371129978231,2012,10,92.2532749433154,87.622856,90.575714,87.120003
2012-10-25,88.571426,88.85714,86.507141,87.077141,75.569862,164081400,89.64442820000001,94.37977143999998,-0.011818473945241603,4.246964145848649,2012,10,91.91933048050595,88.118568,87.622856,90.575714
2012-10-26,87.061432,87.714287,84.428574,86.285713,74.883018,254608200,89.27714230000001,94.28737138000001,-0.009088814709706572,4.355788244338199,2012,10,91.55587094465152,87.077141,88.118568,87.622856
2012-10-31,84.982857,85.994286,83.957146,85.045715,73.806885,127500800,88.7137138,94.13654281999999,-0.0143708379624794,4.431337021215239,2012,10,91.13586051230135,86.285713,87.077141,88.118568
2012-11-01,85.459999,86.14286,84.881432,85.220001,73.958138,90324500,87.9529998,93.94051421999998,0.0020493213561669776,4.420332063318693,2012,11,90.754191840943,85.045715,86.285713,87.077141
2012-11-02,85.127144,85.278572,82.10714,82.400002,71.510796,149843400,86.9842857,93.71405716,-0.03309081162766003,4.524308563748322,2012,11,90.21521143411152,85.220001,85.045715,86.285713
2012-11-05,83.360001,83.96714,82.514282,83.517143,72.480324,132283900,86.2982856,93.4733429,0.013557536078700583,4.507847233532941,2012,11,89.78307767391499,82.400002,85.220001,85.045715
2012-11-06,84.318573,84.391426,82.870003,83.264282,72.260864,93729300,85.9127135,93.24539994000001,-0.0030276538554486754,4.423016002383562,2012,11,89.36250992626292,83.517143,82.400002,85.220001
2012-11-07,81.977142,82.077141,79.39286,79.714287,69.495987,198412200,84.8265708,92.94477144000001,-0.042635268265448945,4.59536647125422,2012,11,88.74004353666732,83.264282,83.517143,82.400002
2012-11-08,80.089996,80.318573,76.470001,76.821426,66.97393,264036500,83.74642779999999,92.55068574,-0.03629037038241334,5.043292848681735,2012,11,87.97110001406375,79.714287,83.264282,83.517143
2012-11-09,77.202858,79.26857,76.245712,78.151428,68.133469,232478400,82.7497138,92.18571425999998,0.01731290434520183,5.32990548090539,2012,11,87.33757243610735,76.821426,79.714287,83.264282
2012-11-12,79.164284,79.214287,76.949997,77.547142,67.606636,128950500,81.7967139,91.81245712,-0.007732245148482808,5.468026656438443,2012,11,86.70593143520678,78.151428,76.821426,79.714287
2012-11-13,76.987144,78.639999,76.622856,77.557144,67.615341,133237300,80.923857,91.46682860000001,0.00012897960830082766,5.631009523131115,2012,11,86.11568679816587,77.547142,78.151428,76.821426
2012-11-14,77.928574,78.207146,76.597145,76.697144,66.865578,119292600,80.0889999,91.10008576,-0.01108859810515972,5.828149898166294,2012,11,85.50803859989813,77.557144,77.547142,78.151428
2012-11-15,76.790001,77.071426,74.660004,75.08857,65.463219,197477700,79.0758568,90.67337144,-0.02097306256931797,6.044787754270556,2012,11,84.83581453382867,76.697144,77.557144,77.547142
2012-11-16,75.028572,75.714287,72.25,75.382858,65.719765,316723400,78.37414240000001,90.26608565999999,0.003919211672295697,6.089986145391544,2012,11,84.22594612810833,75.08857,76.697144,77.557144
2012-11-19,77.244286,81.071426,77.125717,80.818573,70.458694,205829400,78.1042854,89.9502571,0.07210810447117844,5.875152392112671,2012,11,84.00611552202824,75.382858,75.08857,76.697144
2012-11-20,81.701431,81.707146,79.225716,80.129997,69.858414,160688500,77.7908569,89.60874282,-0.008520021752920548,5.744472614868728,2012,11,83.75604327238842,80.818573,75.382858,75.08857
2012-11-21,80.60714,81.052856,79.514282,80.242859,69.956779,93250500,77.8437141,89.32005722,0.0014084862626413397,5.671356761383504,2012,11,83.52938614885115,80.129997,80.818573,75.382858
2012-11-23,81.024284,81.714287,80.371429,81.64286,71.177345,68206600,78.3258575,89.06551436,0.017447047842599872,5.559730278313525,2012,11,83.40767474738374,80.242859,80.129997,80.818573
2012-11-26,82.271431,84.285713,81.958572,84.218575,73.422874,157644900,78.93257220000001,88.8362001,0.03154856407529083,5.379148357303632,2012,11,83.45999090760198,81.64286,80.242859,80.129997
2012-11-27,84.221428,84.345711,82.871429,83.540001,72.831291,133332500,79.5318581,88.55562865999998,-0.00805729614874151,5.263919078231743,2012,11,83.46515285042122,84.218575,81.64286,80.242859
2012-11-28,82.46714,83.685715,81.751427,83.277145,72.602112,130216100,80.1038582,88.24608579999999,-0.0031464687198172747,5.127719862033004,2012,11,83.45302330866357,83.540001,84.218575,81.64286
2012-11-29,84.317146,84.89286,83.60714,84.194283,73.401703,128674700,80.8535721,87.93059996,0.011013081680453896,4.945201565637242,2012,11,83.50084652569797,83.277145,83.540001,84.218575
2012-11-30,83.827141,84.057144,83.239998,83.611427,72.893555,97829900,81.7058578,87.59737134000001,-0.006922750324983351,4.60209021214216,2012,11,83.50798075140138,84.194283,83.277145,83.540001
2012-12-03,84.807144,84.941429,83.64286,83.741432,73.006874,91070000,82.5417152,87.26619992,0.001554871201994823,4.268463562868031,2012,12,83.5230421253495,83.611427,84.194283,83.277145
2012-12-04,83.114288,83.114288,81.732857,82.264282,71.719093,139267100,82.6862861,86.91519985999999,-0.01763941653159229,4.010116834389921,2012,12,83.44183177919243,83.741432,83.611427,84.194283
2012-12-05,81.272858,81.321426,76.96714,76.970001,67.10347,261159500,82.3702865,86.45434276,-0.06435698302210913,4.023081606510861,2012,12,83.02429423506743,82.264282,83.741432,83.611427
2012-12-06,75.562859,79.044289,74.089996,78.177139,68.155861,294303100,82.1637145,86.04419978,0.015683227027631252,3.741326075026476,2012,12,82.71157449028485,76.970001,82.264282,83.741432
2012-12-07,79.057144,79.314285,75.714287,76.178574,66.413506,196760200,81.6172859,85.64337124,-0.02556457073723306,3.690336159492578,2012,12,82.29009052187271,78.177139,76.970001,82.264282
2012-12-10,75.0,76.93,74.511429,75.688568,65.986305,157621100,80.76428519999999,85.25662838,-0.006432333585031369,3.5865660793063427,2012,12,81.86418578082935,76.178574,78.177139,76.970001
2012-12-11,77.110001,78.508568,76.767143,77.341431,67.427284,148086400,80.1444282,84.85682842,0.021837683598400215,3.437833280217071,2012,12,81.57239510993541,75.688568,76.178574,78.177139
2012-12-12,78.252853,78.285713,76.610001,77.0,67.129616,121786000,79.5167137,84.49082836,-0.004414593777040454,3.3139021005884657,2012,12,81.2774018393267,77.341431,75.688568,76.178574
2012-12-13,75.878571,76.805717,75.114288,75.669998,65.970093,156314900,78.66428520000001,84.12025692000002,-0.017272753246753147,3.2812894307117153,2012,12,80.9156338064307,77.0,77.341431,75.688568
2012-12-14,73.535713,74.01857,72.225716,72.827141,63.491661,252394800,77.5858566,83.68734264000001,-0.03756914332150518,3.3634593417054672,2012,12,80.39379550247656,75.669998,77.0,77.341431
2012-12-17,72.704285,74.285713,71.604286,74.118568,64.617569,189401800,76.62357019999999,83.2512855,0.017732770808619236,3.452163225413436,2012,12,79.98894207285112,72.827141,75.669998,77.0
2012-12-18,75.0,76.414284,74.321426,76.271431,66.494446,156421300,76.0242851,82.8715713,0.029046203375111324,3.3911735631500175,2012,12,79.74910262531576,74.118568,72.827141,75.669998
2012-12-19,75.924286,76.242859,75.071426,75.187141,65.549156,112342300,75.8459991,82.51077128000001,-0.014216201083207758,3.3563313934103736,2012,12,79.45478249350153,76.271431,74.118568,72.827141
2012-12-20,75.714287,75.742859,74.125717,74.53286,64.978737,120422400,75.4815712,82.17808558,-0.008702033237305784,3.4331269926403998,2012,12,79.13723907961823,75.187141,76.271431,74.118568
2012-12-21,73.209999,74.238571,72.891426,74.190002,64.679832,149067100,75.28271400000001,81.8451713,-0.004600091825269992,3.510147010532873,2012,12,78.81806246825494,74.53286,75.187141,76.271431
2012-12-24,74.335716,74.89286,74.101425,74.309998,64.784447,43938300,75.144857,81.50019984000001,0.0016174147023204632,3.5890325792778253,2012,12,78.5272195775286,74.190002,74.53286,75.187141
2012-12-26,74.14286,74.208572,73.017143,73.285713,63.891468,75609100,74.7392852,81.17134272,-0.013783946004143233,3.701625259139094,2012,12,78.18905783913058,74.309998,74.190002,74.53286
2012-12-27,73.362854,73.75,72.094284,73.580002,64.148018,113780100,74.3972854,80.84377132,0.00401563944666794,3.7932504518585692,2012,12,77.89169937838516,73.285713,74.309998,74.190002
2012-12-28,72.898575,73.497147,72.58857,72.798569,63.466763,88569600,74.1101425,80.4861427,-0.010620181826034636,3.9047758285434337,2012,12,77.56311030154576,73.580002,73.285713,74.309998
2012-12-31,72.932854,76.485718,72.714287,76.024284,66.278984,164873100,74.4298568,80.15008556000001,0.04431014296448588,3.8854319192395748,2012,12,77.46383117961624,72.798569,73.580002,73.285713
2013-01-02,79.117142,79.285713,77.375717,78.432854,68.378807,140129500,74.8612854,79.87699977999999,0.0316815874254075,3.856900848085874,2013,1,77.52634878428957,76.024284,72.798569,73.580002
2013-01-03,78.26857,78.524284,77.285713,77.442856,67.515701,88241300,74.9784279,79.61831402,-0.012622236084893657,3.8211789309426205,2013,1,77.5209621527744,78.432854,76.024284,72.798569
2013-01-04,76.709999,76.947144,75.118568,75.285713,65.635078,148583400,74.98828510000001,79.38162822,-0.027854641621171683,3.8258859250775212,2013,1,77.37675252323554,77.442856,78.432854,76.024284
2013-01-07,74.571426,75.614288,73.599998,74.842857,65.249001,121039100,75.01928480000001,79.06697107999999,-0.00588233786136827,3.8308470226051434,2013,1,77.21327538551506,75.285713,77.442856,78.432854
2013-01-08,75.601425,75.984283,74.464287,75.044289,65.424622,114676800,75.1047135,78.81539974,0.0026913991271071414,3.777091053901876,2013,1,77.07334077424113,74.842857,75.285713,77.442856
2013-01-09,74.64286,75.001427,73.71286,73.871429,64.4021,101901100,75.0608566,78.53045696,-0.015628904152853007,3.5948624708224957,2013,1,76.86676581311421,75.044289,74.842857,75.285713
2013-01-10,75.507141,75.531425,73.645714,74.78714,65.200417,150286500,75.2109993,78.28465693999999,0.012396010370937738,3.3945410989135314,2013,1,76.73259640098611,73.871429,75.044289,74.842857
2013-01-11,74.428574,75.045715,74.145714,74.328575,64.800636,87626700,75.2858566,78.04551418,-0.006131602304888184,3.1830825245756595,2013,1,76.57749824086014,74.78714,73.871429,75.044289
2013-01-14,71.811432,72.5,71.215714,71.678574,62.49033,183551900,75.1738571,77.77817136,-0.03565251990906593,2.9369629867184432,2013,1,76.26143860245956,74.328575,74.78714,73.871429
2013-01-15,71.185715,71.284286,69.054283,69.417145,60.518787,219193100,74.51314319999999,77.46211424,-0.03154958132956154,2.8060381946495117,2013,1,75.81987126025386,71.678574,74.328575,74.78714
2013-01-16,70.662857,72.777145,70.35714,72.298569,63.030853,172701200,73.8997147,77.26008558,0.04150882321651217,2.3962982717459127,2013,1,75.59269046300582,69.417145,71.678574,74.328575
2013-01-17,72.901428,72.964287,71.718575,71.811432,62.606155,113419600,73.3365723,77.02597136,-0.006737851201453315,2.0591270697554354,2013,1,75.34873829780983,72.298569,69.417145,71.678574
2013-01-18,71.21714,71.745712,70.914284,71.428574,62.272381,118230700,72.95085839999999,76.78925720000001,-0.005331435251144989,2.103936011719833,2013,1,75.095824466042,71.811432,72.298569,69.417145
2013-01-22,72.080002,72.554283,70.947144,72.110001,62.866467,115386600,72.6775728,76.63717147999999,0.009539977656560783,2.0383134259330884,2013,1,74.90319068969102,71.428574,71.811432,72.298569
2013-01-23,72.687141,73.57,72.110001,73.43,64.017242,215377400,72.5161439,76.56934296,0.018305352679165887,2.01693821314418,2013,1,74.80814612705879,72.110001,71.428574,71.811432
2013-01-24,65.714287,66.53286,64.321426,64.35714,56.10741,365213100,71.564715,76.29345719999999,-0.1235579463434564,2.6951580732856413,2013,1,74.1338876539292,73.43,72.110001,71.428574
2013-01-25,64.527145,65.175713,62.142857,62.84,54.784744,302006600,70.370001,75.99931436,-0.023573763532686476,3.2947384759352674,2013,1,73.4052497273075,64.35714,73.43,72.110001
2013-01-28,62.547142,64.744286,62.265713,64.261429,56.02396,196379400,69.36328639999999,75.73340006000001,0.0226198122215151,3.6244842562584414,2013,1,72.81532579921846,62.84,64.35714,73.43
2013-01-29,65.5,65.742859,64.58857,65.46714,57.07513,142789500,68.742143,75.50879997999999,0.01876259240982625,3.8391389386657013,2013,1,72.34124928837628,64.261429,62.84,64.35714
2013-01-30,65.285713,66.085716,64.928574,65.261429,56.895782,104288800,68.3265714,75.31225716,-0.003142202332345523,4.070356661186161,2013,1,71.88448668221595,65.46714,64.261429,62.84
2013-01-31,65.28286,65.611427,64.997147,65.07,56.728886,79833600,67.6037145,75.10600000000001,-0.0029332639957977413,4.270719000916176,2013,1,71.44484237391536,65.261429,65.46714,64.261429
2013-02-01,65.587143,65.639999,64.050003,64.802856,56.495995,134871100,66.9028569,74.78568566,-0.004105486399262115,4.397844975677096,2013,2,71.01632711831198,65.07,65.261429,65.46714
2013-02-04,64.844284,65.134285,63.142857,63.188572,55.088631,119279300,66.0788567,74.44685716,-0.024910692207763208,4.613766192205939,2013,2,70.5113106528112,64.802856,65.07,65.261429
2013-02-05,63.435715,65.677139,63.174286,65.405716,57.021576,143336900,65.4084282,74.1501143,0.035087737067392544,4.6961124563041095,2013,2,70.18191744558757,63.188572,64.802856,65.07
2013-02-06,65.209999,66.64286,64.654289,65.335716,56.960533,148426600,64.5989998,73.82397142,-0.0010702428515574347,4.768672561778577,2013,2,69.86925928441887,65.405716,63.188572,64.802856
2013-02-07,66.178574,67.14286,64.874283,66.888573,58.654213,176145200,64.8521431,73.47737138,0.023767352606956837,4.7695835191489495,2013,2,69.67695694153876,65.335716,65.405716,63.188572
2013-02-08,67.714287,68.401428,66.89286,67.854286,59.501026,158289600,65.3535717,73.16365708000001,0.014437637950506232,4.762983875177344,2013,2,69.5593652667757,66.888573,65.335716,65.405716
2013-02-11,68.071426,69.277145,67.60714,68.561432,60.121113,129372600,65.783572,72.86934282,0.010421537705075812,4.732261926192341,2013,2,69.49498247479953,67.854286,66.888573,65.335716
2013-02-12,68.501427,68.91143,66.82,66.842857,58.614113,152263300,65.92114369999999,72.5223143,-0.025066206318444473,4.741984461804184,2013,2,69.32387760403728,68.561432,67.854286,66.888573
2013-02-13,66.744286,67.662857,66.174286,66.715714,58.502632,118801900,66.0665722,72.18440004,-0.0019021179779911135,4.633839789028023,2013,2,69.15560898311529,66.842857,68.561432,67.854286
2013-02-14,66.360001,67.377144,66.288574,66.655716,58.450001,88818800,66.2251438,71.84268572,-0.0008993083698393134,4.35320848736721,2013,2,68.99432556367816,66.715714,66.842857,68.561432
2013-02-15,66.978569,67.165718,65.702858,65.737144,57.64452,97936300,66.31857260000001,71.51214296,-0.01378084364137655,4.110729858421033,2013,2,68.78418481620633,66.655716,66.715714,66.842857
2013-02-19,65.871429,66.104286,64.835716,65.71286,57.623222,108945900,66.5710014,71.28700014,-0.00036941063335504953,3.9630385454887036,2013,2,68.58603482680428,65.737144,66.655716,66.715714
2013-02-20,65.384285,65.384285,64.114288,64.121429,56.227711,119075600,66.4425727,71.00588594,-0.024217953685169102,3.856444937609374,2013,2,68.29799573949097,65.71286,65.737144,66.655716
2013-02-21,63.714287,64.167145,63.259998,63.722858,55.878208,111795600,66.2812869,70.75677162,-0.006215878314252854,3.712429150711882,2013,2,68.00282556110746,64.121429,65.71286,65.737144
2013-02-22,64.178574,64.514282,63.799999,64.401428,56.473236,82663700,66.0325724,70.53102882,0.010648769080633391,3.5784697101660607,2013,2,67.77047733014932,63.722858,64.121429,65.71286
2013-02-25,64.835716,65.017143,63.224285,63.257141,55.469814,93144800,65.5728579,70.24934302000001,-0.01776803769009594,3.3806614748781425,2013,2,67.47929433968973,64.401428,63.722858,64.121429
2013-02-26,63.402859,64.505714,62.522858,64.138573,56.242744,125374900,65.130572,69.99211448,0.013934110616855122,3.1319795918488826,2013,2,67.26376392969581,63.257141,64.401428,63.722858
2013-02-27,64.061432,64.634285,62.950001,63.509998,55.691559,146837600,64.79728610000001,69.74891448,-0.009800264811005266,3.0433735277034386,2013,2,67.0215854815868,64.138573,63.257141,64.401428
2013-02-28,63.435715,63.98143,63.057144,63.057144,55.294441,80628800,64.4314291,69.55351454,-0.007130436376332483,3.0537121623953847,2013,2,66.76581506240042,63.509998,64.138573,63.257141
2013-03-01,62.57143,62.597141,61.425713,61.495716,53.925251,138112100,63.915429100000004,69.30105750000001,-0.024762111014732913,2.954217449348009,2013,3,66.42580867001001,63.057144,63.509998,64.138573
2013-03-04,61.114285,61.171429,59.857143,60.007141,52.619907,145688900,63.34242879999999,68.97577170000001,-0.02420615771023793,2.92774593582386,2013,3,66.01170107695198,61.495716,63.057144,63.509998
2013-03-05,60.21143,62.169998,60.107143,61.591427,54.009163,159608400,62.930285500000004,68.70385742,0.02640162443333205,2.7910033122845004,2013,3,65.72652210331482,60.007141,61.495716,63.057144
2013-03-06,62.072857,62.17857,60.632858,60.808571,53.322685,115062500,62.59899969999999,68.42937164,-0.012710470241256155,2.5799679599081053,2013,3,65.40923493439047,61.591427,60.007141,61.495716
2013-03-07,60.642857,61.715714,60.151428,61.511429,53.939014,117118400,62.377856799999996,68.17580018000001,0.011558535062433872,2.076392905291126,2013,3,65.15776358306651,60.808571,61.591427,60.007141
2013-03-08,61.400002,62.204285,61.23,61.674286,54.081837,97870500,62.1051426,67.92308594,0.002647589279709317,2.1360821969273966,2013,3,64.93302309323603,61.511429,60.808571,61.591427
2013-03-11,61.392857,62.715714,60.734287,62.552856,54.852242,118559000,62.03471410000001,67.70842880000001,0.014245320975422304,2.143618698824604,2013,3,64.77946392554672,61.674286,61.511429,60.808571
2013-03-12,62.228573,62.697144,61.081429,61.204285,53.669682,116477900,61.741285299999994,67.46091446,-0.02155890372135849,2.2178972285373244,2013,3,64.5488072201335,62.552856,61.674286,61.511429
2013-03-13,61.207142,62.07143,60.765713,61.192856,53.659664,101387300,61.509571099999995,67.2288002,-0.00018673529149138002,2.271557343815704,2013,3,64.33229423771589,61.204285,62.552856,61.674286
2013-03-14,61.832859,62.091427,61.492859,61.785713,54.179539,75968900,61.382428000000004,66.94402878,0.009688336821540133,2.297500127282663,2013,3,64.16799867365614,61.192856,61.204285,62.552856
2013-03-15,62.561428,63.46143,62.464287,63.380001,55.577553,160990200,61.570856500000005,66.64297172,0.0258035057392636,2.2900555444859934,2013,3,64.11716011396813,61.785713,61.192856,61.204285
2013-03-18,63.064285,65.351425,63.028572,65.102859,57.088329,151549300,62.08042830000001,66.39617178,0.027182991051073024,2.2947670031406164,2013,3,64.18075359060018,63.380001,61.785713,61.192856
2013-03-19,65.64286,65.852859,64.071426,64.927139,56.934231,131693800,62.4139995,66.1890003,-0.002699113413744181,2.2977712167802236,2013,3,64.22890748806147,65.102859,63.380001,61.785713
2013-03-20,65.345711,65.375717,64.227142,64.582855,56.632324,77165200,62.791427899999995,65.98380026000001,-0.005302620834717553,2.2849391840371207,2013,3,64.25174281144812,64.927139,65.102859,63.380001
2013-03-21,64.317146,65.425713,64.300003,64.675713,56.713757,95813900,63.1078563,65.77642873999999,0.0014378119394071742,2.2742328426830754,2013,3,64.27909572687867,64.582855,64.927139,65.102859
2013-03-22,64.940002,66.014282,64.730003,65.987144,57.86375,98776300,63.53914209999999,65.61874304,0.020277024236284857,2.239378725268868,2013,3,64.38929238981179,64.675713,64.582855,64.927139
2013-03-25,66.384285,67.135712,65.968575,66.225716,58.072941,125283900,63.90642809999999,65.44751456,0.003615431514963019,2.1582938485183534,2013,3,64.50777133255656,65.987144,64.675713,64.582855
2013-03-26,66.491432,66.548569,65.790001,65.877144,57.767284,73573500,64.373714,65.27848594,-0.005263393452779042,2.0059897914975555,2013,3,64.5961179563686,66.225716,65.987144,64.675713
2013-03-27,65.208572,65.257141,64.389999,64.582855,56.632324,82809300,64.71271390000001,65.13657156000001,-0.019647011412638138,1.9266445109668122,2013,3,64.59526228176321,65.877144,66.225716,65.987144
2013-03-28,64.260002,64.545715,63.08857,63.237144,55.452278,110709900,64.857857,65.01297154000001,-0.020836969811879547,1.8399461306192952,2013,3,64.50764174736389,64.582855,65.877144,66.225716
2013-04-01,63.128571,63.385715,61.105713,61.272858,53.729809,97433000,64.64714269999999,64.79245732,-0.031062218749157933,1.7891303887998131,2013,4,64.2989460215225,63.237144,64.582855,65.877144
2013-04-02,61.085712,62.591427,60.914288,61.398571,53.84005,132379800,64.27671389999999,64.5842001,0.0020516914683497145,1.7670560316590318,2013,4,64.11182505222004,61.272858,63.237144,64.582855
2013-04-03,61.624287,62.468571,61.472858,61.712856,54.115654,90804000,63.95528559999999,64.38988574,0.00511876734069272,1.7238833865371,2013,4,63.95705285516956,61.398571,61.272858,63.237144
2013-04-04,61.965714,62.142857,60.75,61.102856,53.580742,89611900,63.6072857,64.16974284,-0.009884488249903733,1.7500947828548825,2013,4,63.772911122429875,61.712856,61.398571,61.272858
2013-04-05,60.642857,60.707142,59.954285,60.457142,53.014526,95923800,63.1854286,63.910285679999994,-0.010567656608391651,1.804259793448226,2013,4,63.558990533725066,61.102856,61.712856,61.398571
2013-04-08,60.692856,61.07143,60.355713,60.887142,53.391586,75207300,62.67542840000001,63.84088572,0.0071124764713488275,1.816811108719521,2013,4,63.38661320884729,60.457142,61.102856,61.712856
2013-04-09,60.908573,61.214287,60.392857,60.997143,53.488045,76653500,62.1525711,63.80402858,0.0018066375984604477,1.8427244867301371,2013,4,63.23245384043306,60.887142,60.457142,61.102856
2013-04-10,61.157143,62.437141,60.85857,62.241428,54.579151,93982000,61.7889995,63.76362856,0.02039907016628617,1.8240372550770119,2013,4,63.168516689398,60.997143,60.887142,60.457142
2013-04-11,61.959999,62.57,61.599998,62.047142,54.408779,82091100,61.5354282,63.6952286,-0.0031214900789229283,1.8193774310392572,2013,4,63.0961699352016,62.241428,60.997143,60.887142
2013-04-12,62.021427,62.021427,61.298573,61.400002,53.841305,59653300,61.351714,63.61800006000001,-0.010429811577783887,1.8297037001705954,2013,4,62.98673974577476,62.047142,62.241428,60.997143
2013-04-15,61.0,61.127144,59.935715,59.978573,52.594868,79380000,61.2222855,63.51617152,-0.023150308692172383,1.8795816425160579,2013,4,62.79266447175595,61.400002,62.047142,62.241428
2013-04-16,60.224285,60.944286,60.081429,60.89143,53.395344,76442800,61.171571400000005,63.437943000000004,0.015219718548489025,1.8460981871441757,2013,4,62.6700041831977,59.978573,61.400002,62.047142
2013-04-17,60.03857,60.085712,56.872856,57.542858,50.458996,236264000,60.754571600000006,63.32502872,-0.05499250058669991,2.052023093584645,2013,4,62.339220558329295,60.89143,59.978573,61.400002
2013-04-18,57.855713,57.970001,55.677143,56.007141,49.112339,166574800,60.24500009999999,63.137057219999996,-0.026688229493224136,2.344744494831735,2013,4,61.93069929633295,57.542858,60.89143,59.978573
2013-04-19,55.424286,57.085712,55.014286,55.790001,48.921928,152318600,59.778286,62.94614291999999,-0.00387700561255222,2.6203876481629202,2013,4,61.534525212545574,56.007141,57.542858,60.89143
2013-04-22,56.091427,57.457142,55.895714,56.952858,49.941639,107480100,59.3848576,62.74742862,0.020843466197464355,2.779086176317629,2013,4,61.23893377937133,55.790001,56.007141,57.542858
2013-04-23,57.712856,58.34,56.972858,58.01857,50.876152,166059600,59.0870003,62.5507143,0.018712177710203726,2.8625176866491016,2013,4,61.03116837418038,56.952858,55.790001,56.007141
2013-04-24,56.220001,59.32143,56.07143,57.922855,50.792217,242412800,58.655142999999995,62.33794276,-0.0016497304225181475,2.944246358731163,2013,4,60.830632027395666,58.01857,56.952858,55.790001
2013-04-25,58.747143,59.134285,58.142857,58.34,51.158012,96209400,58.2844288,62.16788562,0.007201734099605561,3.003523874099585,2013,4,60.669946090096815,57.922855,58.01857,56.952858
2013-04-26,58.544285,59.824287,58.32143,59.599998,52.262901,191024400,58.104428399999996,62.0255713,0.021597497428865298,3.0230727993543582,2013,4,60.600917181039215,58.34,57.922855,58.01857
2013-04-29,60.064285,61.945713,60.0,61.445713,53.881386,160081600,58.251142400000006,61.92137124,0.03096837352242865,3.0007704787583727,2013,4,60.65542013711531,59.599998,58.34,57.922855
2013-04-30,62.157143,63.607143,61.724285,63.254284,55.467304,172884600,58.4874278,61.87171404,0.029433640065336997,2.9399125589768405,2013,4,60.82308877347105,61.445713,59.599998,58.34
2013-05-01,63.494286,63.561428,62.055714,62.755714,55.030113,126727300,59.0087134,61.812571119999994,-0.0078819957870363,2.8738235075909966,2013,5,60.94777427198503,63.254284,61.445713,59.599998
2013-05-02,63.111427,64.084282,62.947144,63.645714,55.810555,105457100,59.7725707,61.80305682,0.014181975524969692,2.841136233699555,2013,5,61.121834899635786,62.755714,63.254284,61.445713
2013-05-03,64.472855,64.747147,64.164284,64.28286,56.369263,90325200,60.62185659999999,61.81425685999999,0.010010823352535558,2.8254655295021927,2013,5,61.32577200292552,63.645714,62.755714,63.254284
2013-05-06,65.101425,66.028572,64.901428,65.815712,57.713413,124160400,61.508142,61.84254254,0.023845423181233727,2.8155959081040813,2013,5,61.61544555117759,64.28286,63.645714,62.755714
2013-05-07,66.424286,66.535713,64.814285,65.522858,57.456627,120938300,62.258570799999994,61.88785688,-0.0044496061973774426,2.774874016746472,2013,5,61.867536676951794,65.815712,64.28286,63.645714
2013-05-08,65.577141,66.48143,65.115715,66.262856,58.105518,118149500,63.0925709,61.93034254,0.01129373813333956,2.798250167892677,2013,5,62.15110566558157,65.522858,65.815712,64.28286
2013-05-09,65.687141,66.14286,65.082855,65.252853,57.598583,99621900,63.78385619999999,61.96519964,-0.015242370476756917,2.8288606835194314,2013,5,62.351218396864745,66.262856,65.522858,65.815712
2013-05-10,65.424286,65.672859,64.354286,64.709999,57.119423,83713000,64.2948563,61.99825674000001,-0.008319237781066913,2.8777703981776868,2013,5,62.503397790637024,65.252853,66.262856,65.522858
2013-05-13,64.501427,65.414284,64.5,64.96286,57.342613,79237200,64.646571,62.06759962,0.00390760321291328,2.9565461622171543,2013,5,62.66207277190733,64.709999,65.252853,66.262856
2013-05-14,64.835716,65.028572,63.164288,63.408573,55.970642,111779500,64.6619999,62.13562826,-0.023925778514061857,2.9798211346301327,2013,5,62.71023407695156,64.96286,64.709999,65.252853
2013-05-15,62.737144,63.0,60.337143,61.264286,54.077888,185403400,64.51285709999999,62.12908544,-0.03381698875324002,2.9795319145201855,2013,5,62.61694710423416,63.408573,64.96286,64.709999
2013-05-16,60.462856,62.549999,59.842857,62.082859,54.800449,150801000,64.3565716,62.1545712,0.013361340732837457,2.981245657631261,2013,5,62.582489807183045,61.264286,63.408573,64.96286
2013-05-17,62.721428,62.869999,61.572857,61.894287,54.633984,106976100,64.1177143,62.16222836,-0.003037424549020895,2.9761499744882776,2013,5,62.53808962606994,62.082859,61.264286,63.408573
2013-05-20,61.701427,63.685715,61.442856,63.275715,55.853371,112894600,63.863714599999994,62.194256939999995,0.022319152008326792,2.990937745020902,2013,5,62.58567835987641,61.894287,62.082859,61.264286
2013-05-21,62.592857,63.639999,62.028572,62.808571,55.441029,114005500,63.5922859,62.19937124,-0.007382674379894372,2.9969274700961925,2013,5,62.600058530208244,63.275715,61.894287,62.082859
2013-05-22,63.435715,64.050003,62.602856,63.049999,55.654129,110759600,63.2710002,62.236285519999996,0.003843870289613749,3.0060893168184775,2013,5,62.62908694761658,62.808571,63.275715,61.894287
2013-05-23,62.278572,63.737144,62.255714,63.162857,55.753757,88255300,63.0620006,62.275685540000005,0.0017899762377475703,3.0177579410987443,2013,5,62.663523725192384,63.049999,62.808571,63.275715
2013-05-24,62.978573,63.665714,62.908573,63.592857,56.133308,69041700,62.9502864,62.311828420000005,0.006807798450282343,3.03648715959982,2013,5,62.72348071066821,63.162857,63.049999,62.808571
2013-05-28,64.271431,64.444283,62.978573,63.062859,55.665478,96536300,62.760286300000004,62.305485579999996,-0.00833423791606025,3.0254733901961113,2013,5,62.74537608417498,63.592857,63.162857,63.049999
2013-05-29,62.857143,63.92857,62.771427,63.564285,56.108093,82644100,62.775857499999994,62.274714100000004,0.00795120944326344,3.0345170662638608,2013,5,62.79820891745739,63.062859,63.592857,63.162857
2013-05-30,63.664288,64.928574,63.501427,64.511429,56.944138,88379900,63.1005718,62.266399899999996,0.014900568770654932,2.949050612581544,2013,5,62.908739245369965,63.564285,63.062859,63.592857
2013-05-31,64.64286,65.300003,64.214287,64.247147,56.710838,96075700,63.31700060000001,62.259685739999995,-0.0040966694444174445,2.7270326328903347,2013,5,62.99508813277027,64.511429,63.564285,63.062859
2013-06-03,64.389999,64.622856,63.21143,64.388573,56.835697,93088100,63.5664292,62.25394294000001,0.0022012806265154783,2.4357349566640516,2013,6,63.08499038227365,64.247147,64.511429,63.564285
2013-06-04,64.745712,64.918571,63.912857,64.187141,56.657883,73182200,63.65757180000001,62.21794288,-0.003128381180306561,2.185337361169972,2013,6,63.156096873743344,64.388573,64.247147,64.511429
2013-06-05,63.664288,64.388573,63.387142,63.587143,56.128265,72647400,63.735428999999996,62.16517142000001,-0.009347635533416221,1.9729418885144063,2013,6,63.183906301245045,64.187141,64.388573,64.247147
2013-06-06,63.638573,63.857143,62.007141,62.637142,55.289696,104233500,63.69414329999999,62.10037138,-0.014940142852463145,1.7085315969163424,2013,6,63.14863118503418,63.587143,64.187141,64.388573
2013-06-07,62.357143,63.32,61.824287,63.115715,55.712135,101133900,63.689429100000005,62.071028580000004,0.007640402877896468,1.4242155267306096,2013,6,63.146507560193186,62.637142,63.587143,64.187141
2013-06-10,63.532856,64.154289,62.400002,62.69857,55.343933,112538300,63.6000004,62.0602571,-0.0066092097665376714,1.2298395142466174,2013,6,63.117608362760286,63.115715,62.637142,63.587143
2013-06-11,62.248573,63.251427,61.902859,62.514286,55.181252,71528100,63.545143100000004,62.08508566,-0.002939205790498889,1.179278759187983,2013,6,63.07868433935503,62.69857,63.115715,62.637142
2013-06-12,62.785713,63.035713,61.642857,61.741428,54.499069,66306800,63.362857399999996,62.0919428,-0.012362902137281084,1.2281474095276104,2013,6,62.99240973681317,62.514286,62.69857,63.115715
2013-06-13,61.785713,62.44857,61.25,62.279999,54.974457,71458100,63.1397144,62.103285660000004,0.008723008479816885,1.2424156492365852,2013,6,62.94644775379156,61.741428,62.514286,62.69857
2013-06-14,62.200001,62.327145,61.214287,61.435715,54.22921,67966500,62.85857119999999,62.10994284,-0.013556262260055463,1.302709428754871,2013,6,62.84898112451189,62.279999,61.741428,62.514286
2013-06-17,61.634285,62.242859,61.48,61.714287,54.475101,64853600,62.5911426,62.135085739999994,0.004534365718702915,1.334237840388891,2013,6,62.77577505196077,61.435715,62.279999,61.741428
2013-06-18,61.651428,62.128571,61.458572,61.681427,54.446087,48756400,62.3405712,62.15097143999999,-0.0005324536926109014,1.2916324282790699,2013,6,62.7051719518325,61.714287,61.435715,62.279999
2013-06-19,61.628571,61.665714,60.42857,60.42857,53.340206,77735000,62.02471390000001,62.13959997999999,-0.020311738248208755,1.3221003430945688,2013,6,62.558294406549535,61.681427,61.714287,61.435715
2013-06-20,59.900002,60.854286,59.310001,59.548573,52.563431,89327700,61.71585699999999,62.08574288,-0.014562598453016551,1.3394732261757047,2013,6,62.364118831929176,60.42857,61.681427,61.714287
2013-06-21,59.784286,60.0,58.299999,59.07143,52.14225,120279600,61.3114285,62.02622864,-0.00801266891819552,1.4360090274810842,2013,6,62.151687294381,59.548573,60.42857,61.681427
2013-06-24,58.200001,58.380001,56.864285,57.505714,50.760197,120186500,60.7921429,61.94834288,-0.026505469733846043,1.6695405397193221,2013,6,61.85194708183453,59.07143,59.548573,60.42857
2013-06-25,57.957142,58.255714,56.975716,57.51857,50.771538,78540700,60.2925713,61.899142819999994,0.00022356039262461103,1.8284468675108454,2013,6,61.57237436687244,57.505714,59.07143,59.548573
2013-06-26,57.700001,57.827145,56.522858,56.867142,50.196545,91931000,59.8051427,61.81865705999999,-0.011325524956548705,2.0552454621775635,2013,6,61.268810988359434,57.51857,57.505714,59.07143
2013-06-27,57.035713,57.341427,56.220001,56.254284,49.655571,84311500,59.20257119999999,61.792885580000004,-0.010777014255437756,2.3040053152495514,2013,6,60.94529311813761,56.867142,57.51857,57.505714
2013-06-28,55.908573,57.181427,55.552856,56.647144,50.002346,144629100,58.723714099999995,61.80568564,0.006983645903305691,2.4885052790164575,2013,6,60.66799317502788,56.254284,56.867142,57.51857
2013-07-01,57.527142,58.895714,57.317142,58.459999,51.602547,97763400,58.3982853,61.8590856,0.03200258427856495,2.554200541252607,2013,7,60.52554193792736,56.647144,56.254284,56.867142
2013-07-02,58.565716,60.232857,58.495716,59.784286,52.771496,117466300,58.208571199999994,61.91571416,0.022652874147329305,2.5509191088398606,2013,7,60.477718974189486,58.459999,56.647144,56.254284
2013-07-03,60.122856,60.425713,59.635715,60.114285,53.062782,60232200,58.17714269999999,61.957628459999995,0.005519828404407123,2.5471250792414257,2013,7,60.45427162101569,59.784286,58.459999,56.647144
2013-07-05,60.055714,60.470001,59.335712,59.631428,52.636562,68506200,58.185428200000004,61.991799920000005,-0.008032317110650222,2.543176104931122,2013,7,60.40118493578827,60.114285,59.784286,58.459999
2013-07-08,60.015713,60.142857,58.664288,59.292858,52.337708,74534600,58.207570999999994,62.010857079999994,-0.005677710753463683,2.5382450842023885,2013,7,60.32967997218828,59.631428,60.114285,59.784286
2013-07-09,59.085712,60.5,58.625713,60.335712,53.258228,88146100,58.4905708,62.025571359999994,0.017588189120517628,2.495895121289856,2013,7,60.33006913527291,59.292858,59.631428,60.114285
2013-07-10,59.942856,60.685715,59.75,60.104286,53.053955,70351400,58.749142400000004,61.998742820000004,-0.003835638833598276,2.468275212043299,2013,7,60.3155024813842,60.335712,59.292858,59.631428
2013-07-11,60.421429,61.17857,60.167141,61.041428,53.881161,81573100,59.16657100000001,61.954485700000006,0.015591932994595492,2.41545472368527,2013,7,60.36233638581143,60.104286,60.335712,59.292858
2013-07-12,61.092857,61.398571,60.487144,60.93,53.782806,69890800,59.634142600000004,61.91797142,-0.001825448775543137,2.310818970798943,2013,7,60.398959844791634,61.041428,60.104286,60.335712
2013-07-15,60.715714,61.637142,60.685715,61.062859,53.900089,60479300,60.075714100000006,61.86631432,0.0021805186279337807,2.2113012617563657,2013,7,60.44179204835379,60.93,61.041428,60.104286
2013-07-16,60.931427,61.529999,60.595715,61.457142,54.248123,54134500,60.3754284,61.80979996,0.006457001955967989,2.0978083717377087,2013,7,60.507298496847554,61.062859,60.93,61.041428
2013-07-17,61.385715,61.745716,61.174286,61.472858,54.261986,49747600,60.5442856,61.72294288,0.00025572292313902345,1.986892563147964,2013,7,60.56959265834167,61.457142,61.062859,60.93
2013-07-18,61.91143,62.124287,61.515713,61.68,54.444832,54719700,60.70085710000001,61.646085719999995,0.0033696497403781223,1.9092181163203947,2013,7,60.6412318416749,61.472858,61.457142,61.062859
2013-07-19,61.871429,61.997143,60.621429,60.707142,53.586102,67180400,60.808428500000005,61.53497144,-0.01577266536964983,1.8596547772776362,2013,7,60.64548410995396,61.68,61.472858,61.457142
2013-07-22,61.351429,61.392857,60.781429,60.901428,53.757599,51949100,60.9692855,61.447942940000004,0.003200381266507346,1.7838382769978445,2013,7,60.66199661898928,60.707142,61.68,61.472858
2013-07-23,60.857143,60.994286,59.815716,59.855713,52.834541,92348900,60.9212856,61.350857219999995,-0.017170615441069792,1.7188092450533798,2013,7,60.60997832098971,60.901428,60.707142,61.68
2013-07-24,62.704285,63.512856,62.18,62.93,55.548214,147984200,61.203857000000006,61.310200019999996,0.051361630259086466,1.740747162228843,2013,7,60.75965713899108,59.855713,60.901428,60.707142
2013-07-25,62.957142,63.057144,62.258572,62.642857,55.294762,57373400,61.363999899999996,61.2948857,-0.00456289528047038,1.7777676748800273,2013,7,60.881153904218,62.93,59.855713,60.901428
2013-07-26,62.185715,63.005714,62.048573,62.998573,55.608746,50038100,61.5708572,61.32957144,0.005678476637807295,1.8124881818390082,2013,7,61.017761587817404,62.642857,62.93,59.855713
2013-07-29,62.971428,64.284286,62.885715,63.970001,56.466217,62014400,61.8615714,61.36731428,0.015419841335136297,1.9303852698490382,2013,7,61.20822864666863,62.998573,62.642857,62.93
2013-07-30,64.279999,65.307144,64.175713,64.760002,57.163551,77355600,62.1918574,61.42462858,0.012349554285609576,2.0855224567162973,2013,7,61.43737531462632,63.970001,62.998573,62.642857
2013-07-31,64.998573,65.334282,64.204285,64.647141,57.063919,80739400,62.50928570000001,61.452057100000005,-0.0017427578214095352,2.218256402271106,2013,7,61.644456971747914,64.760002,63.970001,62.998573
2013-08-01,65.10714,65.257141,64.751427,65.239998,57.587246,51562700,62.865285500000006,61.50068564,0.009170660772144457,2.386405146392205,2013,8,61.87642736066814,64.647141,64.760002,63.970001
2013-08-02,65.43,66.121429,65.237144,66.077141,58.326183,68695900,63.402285400000004,61.56122848,0.012831744722003213,2.578910721687791,2013,8,62.147441143851644,65.239998,64.647141,64.760002
2013-08-05,66.384285,67.238571,66.021431,67.064285,59.197529,79713900,64.0185711,61.639257040000004,0.014939266213106928,2.797887009628621,2013,8,62.464656876507256,66.077141,65.239998,64.647141
2013-08-06,66.860001,67.412857,66.024284,66.464287,58.667927,83714400,64.6794285,61.69668564,-0.008946609957893426,2.881708116080795,2013,8,62.72269752963649,67.064285,66.077141,65.239998
2013-08-07,66.257141,66.714287,65.96714,66.425713,58.633869,74714500,65.0289998,61.76394272,-0.0005803718318680984,2.9303188484252334,2013,8,62.96160175353149,66.464287,67.064285,66.077141
2013-08-08,66.265717,66.300003,65.421425,65.858574,58.517097,63944300,65.3505715,61.809828499999995,-0.008537943732722875,2.8825633853566712,2013,8,63.14850318878795,66.425713,66.464287,67.064285
2013-08-09,65.519997,65.779999,64.807144,64.921425,57.684414,66716300,65.5428567,61.81802842,-0.014229718973265415,2.7207392678200826,2013,8,63.26288524112446,65.858574,66.425713,66.464287
2013-08-12,65.265717,66.949997,65.232857,66.765717,59.323116,91108500,65.8224283,61.86839982000001,0.028408064055895244,2.627910906198384,2013,8,63.48887438685881,64.921425,65.858574,66.425713
2013-08-13,67.277145,70.665718,66.864288,69.938568,62.142277,220485300,66.3402849,61.97939972,0.04752215871507848,2.8339256024224753,2013,8,63.904983652223535,66.765717,64.921425,65.858574
2013-08-14,71.125717,72.035713,70.485718,71.214287,63.275768,189093100,66.99699949999999,62.11994264,0.018240565062756176,3.1425120098862003,2013,8,64.37655161014541,69.938568,66.765717,64.921425
2013-08-15,70.917145,71.771431,69.868568,71.129997,63.200893,122573500,67.58599939999999,62.27079971999999,-0.0011836108111282773,3.385544913373982,2013,8,64.8122577643303,71.214287,69.938568,66.765717
2013-08-16,71.449997,71.848572,71.265717,71.761429,63.76194,90576500,68.1544282,62.453285460000004,0.00887715488023999,3.5983840085011134,2013,8,65.2605913924387,71.129997,71.214287,69.938568
2013-08-19,72.048569,73.391426,72.0,72.534286,64.448639,127629600,68.7014283,62.64165688,0.010769810617901499,3.7925137663052753,2013,8,65.72986201228203,71.761429,71.129997,71.214287
2013-08-20,72.815712,72.938568,71.545715,71.581429,63.60202,89672100,69.2131425,62.819314059999996,-0.01313664271817594,3.9140875840637777,2013,8,66.10738246310304,72.534286,71.761429,71.129997
2013-08-21,71.941429,72.449997,71.599998,71.765717,63.765739,83969900,69.7471429,63.00434268000001,0.002574522506389121,3.9957021924918696,2013,8,66.47243630419362,71.581429,72.534286,71.761429
2013-08-22,72.139999,72.227142,71.171425,71.851425,63.841904,61051900,70.34642799999999,63.20654262,0.0011942749767275274,4.0824158085801825,2013,8,66.81946783295574,71.765717,71.581429,72.534286
2013-08-23,71.895714,71.907143,71.335716,71.574287,63.595646,55682900,71.0117142,63.39242838,-0.0038570981716786745,4.117129292862935,2013,8,67.12623035986215,71.851425,71.765717,71.581429
2013-08-26,71.535713,72.885712,71.5,71.852859,63.843174,82741400,71.52042839999999,63.60077126,0.003892068110996405,4.138421332212149,2013,8,67.43117414309715,71.574287,71.851425,71.765717
2013-08-27,71.14286,71.78714,69.471428,69.798569,62.017876,106047200,71.5064285,63.762456900000004,-0.028590233271023946,4.074495486752663,2013,8,67.58390929515555,71.852859,71.574287,71.851425
2013-08-28,69.428574,70.828575,69.428574,70.128571,62.311089,76902000,71.3978569,63.93139978,0.004727919278688875,3.998849287304701,2013,8,67.7480810180489,69.798569,71.852859,71.574287
2013-08-29,70.235718,70.928574,70.16143,70.242859,62.412655,59914400,71.3091431,64.12768556,0.001629692411670547,3.9130635947256467,2013,8,67.90903443623942,70.128571,69.798569,71.852859
2013-08-30,70.285713,70.421425,69.5,69.602859,61.84399,68074300,71.0932861,64.32877128,-0.009111246454248101,3.732786945977048,2013,8,68.0183134403531,70.242859,70.128571,69.798569
2013-09-03,70.442856,71.514282,69.621429,69.797142,62.016617,82982200,70.8195717,64.54328552,0.002791307753608141,3.534488216022085,2013,9,68.13307657323362,69.602859,70.242859,70.128571
2013-09-04,71.365715,71.748573,70.897141,71.241432,63.299889,86258200,70.785572,64.81799988,0.02069268108427713,3.2464133790932275,2013,9,68.33361563302513,69.797142,69.602859,70.242859
2013-09-05,71.464287,71.525711,70.519997,70.752853,62.86578,59091900,70.6842856,65.08268554,-0.0068580738242319805,3.1179874054013967,2013,9,68.48969546315264,71.241432,69.797142,69.602859
2013-09-06,71.205711,71.339996,69.992859,71.174286,63.240242,89881400,70.61657169999998,65.36882842,0.005956409983919553,2.951201348453271,2013,9,68.66289485262676,70.752853,71.241432,69.797142
2013-09-09,72.14286,72.559998,71.925713,72.309998,64.249352,85171800,70.6901428,65.6899427,0.015956774051797185,2.809393432546773,2013,9,68.89819182987678,71.174286,70.752853,71.241432
2013-09-10,72.314285,72.492859,69.928574,70.662857,62.785843,185798900,70.5711426,65.97025696,-0.022778883218887547,2.650746301443929,2013,9,69.01204119569122,72.309998,71.174286,70.752853
2013-09-11,66.715714,67.669998,66.401428,66.815712,59.367546,224674100,70.2728569,66.13737122,-0.05444366621066565,2.5540183164138264,2013,9,68.87034253790462,70.662857,72.309998,71.174286
2013-09-12,66.928574,67.914284,66.572861,67.527145,59.999676,101012800,70.0127143,66.2922284,0.010647690172036262,2.4209084851051137,2013,9,68.78368463223332,66.815712,70.662857,72.309998
2013-09-13,67.048569,67.404289,66.385712,66.414284,59.010853,74708900,69.6298568,66.41822838,-0.016480202146855305,2.3588685125976085,2013,9,68.63082007531497,67.527145,66.815712,70.662857
2013-09-16,65.85714,65.944283,63.888573,64.302856,57.134789,135926700,69.0998565,66.51165694000001,-0.0317917753957867,2.467600646038022,2013,9,68.35159658658486,66.414284,67.527145,66.815712
2013-09-17,63.994286,65.672859,63.92857,65.045715,57.794842,99845200,68.6247138,66.62671408,0.01155250398209362,2.5606406523698153,2013,9,68.1383139035793,64.302856,66.414284,67.527145
2013-09-18,66.168571,66.621429,65.808571,66.382858,58.982941,114215500,68.1388564,66.747657,0.02055697289206515,2.563881102957037,2013,9,68.02505868399349,65.045715,64.302856,66.414284
2013-09-19,67.242859,67.975716,67.035713,67.471428,59.950153,101135300,67.8107139,66.89499984,0.01639835995009431,2.5292167327983694,2013,9,67.98934057534873,66.382858,65.045715,64.302856
2013-09-20,68.285713,68.364288,66.571426,66.772858,59.32946,174825700,67.3705711,67.00962844,-0.010353567735367997,2.490103221431497,2013,9,67.91085782855203,67.471428,66.382858,65.045715
2013-09-23,70.871429,70.987144,68.942856,70.091431,62.278099,190526700,67.14871439999999,67.19285706,0.049699430268508316,2.3406962594098237,2013,9,68.05153996864549,66.772858,67.471428,66.382858
2013-09-24,70.697144,70.781425,69.688568,69.871429,62.082623,91086100,67.06957159999999,67.36902846,-0.0031387859665754636,2.278090566606122,2013,9,68.16895216421678,70.091431,66.772858,67.471428
2013-09-25,69.885712,69.94857,68.775711,68.790001,61.121758,79239300,67.26700050000001,67.51568564,-0.015477399209911757,2.283941162603705,2013,9,68.2090198310415,69.871429,70.091431,66.772858
2013-09-26,69.428574,69.794289,69.128571,69.459999,61.717056,59305400,67.4602859,67.67542846,0.009739758544268451,2.2657446133960137,2013,9,68.28972816452271,68.790001,69.871429,70.091431
2013-09-27,69.111427,69.238571,68.674286,68.964287,61.276608,57010100,67.71528620000001,67.8211142,-0.007136654292206335,2.250544468726719,2013,9,68.33324808939223,69.459999,68.790001,69.871429
2013-09-30,68.178574,68.808571,67.772858,68.10714,60.514988,65039100,68.0957146,67.96911416,-0.012428853212097968,2.2255592298809557,2013,9,68.31866047072177,68.964287,69.459999,68.790001
2013-10-01,68.349998,69.877144,68.339996,69.708572,61.937904,88470900,68.5620003,68.14525703999999,0.023513423115403276,2.1480785747628226,2013,10,68.40833218228813,68.10714,68.964287,69.459999
2013-10-02,69.375717,70.257141,69.10714,69.937141,62.140995,72296000,68.9174286,68.3468856,0.0032789224257814276,2.109424031416834,2013,10,68.5069650092373,69.708572,68.10714,68.964287
2013-10-03,70.072861,70.335716,68.677139,69.058571,61.360367,80688300,69.07614290000001,68.46945702,-0.012562280748651067,2.0566940986545266,2013,10,68.54255249251231,69.937141,69.708572,68.10714
2013-10-04,69.122856,69.228569,68.371429,69.004288,61.312141,64717100,69.2992859,68.59668563999999,-0.0007860429084175502,1.9944145787017449,2013,10,68.57234188009217,69.058571,69.937141,69.708572
2013-10-07,69.508568,70.378571,69.335716,69.678574,61.911263,78073100,69.2580002,68.73028565999999,0.009771653610859632,1.9425250639931644,2013,10,68.64371169427977,69.004288,69.058571,69.937141
2013-10-08,69.991432,70.091431,68.648575,68.705711,61.046852,72729300,69.14142840000001,68.82499985999999,-0.01396215427715275,1.8685193444350854,2013,10,68.64771164948753,69.678574,69.004288,69.058571
2013-10-09,69.234283,69.684288,68.325714,69.512856,61.764019,75431300,69.21371389999999,68.92005694,0.011747858922528387,1.864649943845991,2013,10,68.70352741403674,68.705711,69.678574,69.004288
2013-10-10,70.188568,70.339996,69.577141,69.94857,62.151165,69650700,69.26257100000001,69.02608552,0.006268106722589595,1.8609056369749954,2013,10,68.78385274216342,69.512856,68.705711,69.678574
2013-10-11,69.57,70.548569,69.308571,70.401428,62.553543,66934700,69.4062851,69.12931412,0.006474156655382535,1.8650371280702613,2013,10,68.8882124362174,69.94857,69.512856,68.705711
2013-10-14,69.975716,71.082855,69.907143,70.862854,62.963535,65474500,69.68185650000001,69.22502838,0.006554213644643703,1.894958895216075,2013,10,69.01560866613887,70.401428,69.94857,69.512856
2013-10-15,71.072861,71.714287,70.788574,71.239998,63.298634,80018400,69.8349991,69.30854264,0.005322167803176514,1.934851605536743,2013,10,69.15911765542025,70.862854,70.401428,69.94857
2013-10-16,71.541428,71.790001,71.318573,71.587143,63.60709,62775300,69.99999929999998,69.41099976000001,0.00487289457812734,1.949590360349938,2013,10,69.31576445184476,71.239998,70.862854,70.401428
2013-10-17,71.425713,72.111427,71.382858,72.071426,64.037384,63398300,70.3012848,69.52391402,0.006764943811209401,2.004132863695904,2013,10,69.49354906785479,71.587143,71.239998,70.862854
2013-10-18,72.284286,72.751427,72.244286,72.69857,64.594612,72635500,70.67071299999999,69.66071394000001,0.008701701004223183,2.0774916275690973,2013,10,69.70032461186418,72.071426,71.587143,71.239998
2013-10-21,73.110001,74.900002,73.074287,74.480003,66.177467,99526700,71.1508559,69.8518855,0.024504374707783105,2.2251529360644273,2013,10,70.00869095948586,72.69857,72.071426,71.587143
2013-10-22,75.201431,75.492859,72.575714,74.267143,65.988335,133515900,71.70699909999999,70.00191402,-0.0028579483274187023,2.398223282293512,2013,10,70.28342980080937,74.480003,72.69857,72.071426
2013-10-23,74.14286,75.095711,74.14286,74.994286,66.634415,78430800,72.2551421,70.10302838,0.009790911170502348,2.564466771801303,2013,10,70.58735600720878,74.267143,74.480003,72.69857
2013-10-24,75.0,76.067146,74.635712,75.987144,67.516586,96191200,72.85899950000001,70.19848552,0.013239115310731853,2.7866252941720417,2013,10,70.93572942609856,74.994286,74.267143,74.480003
2013-10-25,75.902855,76.175713,75.015717,75.137146,66.76136,84448000,73.3325713,70.27862850000001,-0.011186076423664537,2.868505400388858,2013,10,71.20678855989867,75.987144,74.994286,74.267143
2013-10-28,75.577141,75.85714,74.744286,75.697144,67.258911,137610200,73.8160003,70.3573428,0.00745301132411913,2.821371391761118,2013,10,71.49648891087297,75.137146,75.987144,74.994286
2013-10-29,76.610001,77.035713,73.505714,73.811432,65.583397,158951800,74.0731437,70.38288571999999,-0.024911270100229865,2.6842596293907035,2013,10,71.64584007791343,75.697144,75.137146,75.987144
2013-10-30,74.230003,75.360001,73.860001,74.985718,66.626801,88540900,74.41300120000001,70.4509715,0.01590926998950537,2.652858405416746,2013,10,71.86131607288677,73.811432,75.697144,75.137146
2013-10-31,75.0,75.355713,74.46714,74.671425,66.347549,68924100,74.67300110000001,70.50908566,-0.004191371482233586,2.6379626245608225,2013,10,72.04261342302311,74.985718,73.811432,75.697144
2013-11-01,74.860001,74.971428,73.691429,74.290001,66.008629,68722500,74.8321442,70.55785718,-0.005108031619859843,2.543512397995554,2013,11,72.18760616992485,74.671425,74.985718,73.811432
2013-11-04,74.442856,75.260002,74.115715,75.25,66.861618,61156900,74.9091439,70.63137144000001,0.012922317769251235,2.6114240123261316,2013,11,72.38517996541357,74.290001,74.671425,74.985718
2013-11-05,74.940002,75.555717,74.714287,75.064285,66.696602,66303300,74.9888581,70.69559996,-0.00246797342192695,2.6528300693705686,2013,11,72.55802545151593,75.25,74.290001,74.671425
2013-11-06,74.878571,74.980003,74.028572,74.417145,66.507652,55843900,74.931144,70.78797148,-0.00862114386355628,2.6207469994762977,2013,11,72.67796864819232,75.064285,75.25,74.290001
2013-11-07,74.225716,74.741432,73.197144,73.21286,65.431374,65655100,74.6537156,70.84965726,-0.016182897099855098,2.5779591371127943,2013,11,72.7124777676638,74.417145,75.064285,75.25
2013-11-08,73.511429,74.447144,73.227142,74.365715,66.461685,69829200,74.57657250000001,70.93211438,0.015746618831718795,2.5280979488376123,2013,11,72.81913823426612,73.21286,74.417145,75.064285
2013-11-11,74.284286,74.524284,73.487144,74.150002,66.268875,56863100,74.4218583,71.02305724,-0.0029007049821277997,2.4090256863568396,2013,11,72.90500041270057,74.365715,73.21286,74.417145
2013-11-12,73.952858,74.845711,73.85714,74.28714,66.391464,51069200,74.4694291,71.11285720000001,0.0018494672461371042,2.361476974173716,2013,11,72.99417070865537,74.150002,74.365715,73.21286
2013-11-13,74.0,74.60714,73.851425,74.375717,66.470612,49305200,74.408429,71.1755429,0.0011923598081713394,2.314997737526994,2013,11,73.0833027274518,74.28714,74.150002,74.365715
2013-11-14,74.687141,75.611427,74.552856,75.451431,67.432014,70604800,74.4864296,71.26951446,0.014463242082089822,2.238307818153325,2013,11,73.23608519664845,74.375717,74.28714,74.150002
2013-11-15,75.225716,75.584282,74.927139,74.998573,67.027267,79480100,74.5572868,71.34600019999999,-0.006001980267279605,2.11953469732777,2013,11,73.34979408718726,75.451431,74.375717,74.28714
2013-11-18,74.998573,75.312859,74.028572,74.089996,66.215294,61236000,74.4412864,71.38160016,-0.01211459050027519,2.0057683776336375,2013,11,73.3975490493042,74.998573,75.451431,74.375717
2013-11-19,74.147141,74.76857,73.995712,74.221428,66.332726,52234700,74.35700069999999,71.45277158,0.0017739506963936336,1.7925758204467381,2013,11,73.45070252999426,74.089996,74.998573,75.451431
2013-11-20,74.175713,74.345711,73.475716,73.571426,65.751816,48479200,74.27242879999999,71.58788586,-0.00875760568767281,1.6108399730721488,2013,11,73.45849114096237,74.221428,74.089996,74.998573
2013-11-21,73.942856,74.458572,73.381432,74.44857,66.535744,65506700,74.3959998,71.72631436,0.011922346047771315,1.4382141997506062,2013,11,73.52236719638415,73.571426,74.221428,74.089996
2013-11-22,74.21714,74.594284,74.075714,74.257141,66.364662,55931400,74.38514239999999,71.8831715,-0.002571291832737632,1.2709057161530581,2013,11,73.56977195790775,74.44857,73.571426,74.221428
2013-11-25,74.431427,75.124283,74.428574,74.82,66.867691,57327900,74.4521422,72.09351438,0.007579863598572878,1.1199327467628306,2013,11,73.65043183159112,74.257141,74.44857,73.571426
2013-11-26,74.874283,76.591431,74.85714,76.199997,68.101006,100345700,74.64342789999999,72.31660002000001,0.01844422614274266,1.0254343391424752,2013,11,73.81491990697234,74.82,74.257141,74.44857
2013-11-27,76.615715,78.0,76.199997,77.994286,69.704597,90862100,75.0052848,72.54882858,0.02354710066458421,1.0858350287075442,2013,11,74.08455642910316,76.199997,74.82,74.257141
2013-11-29,78.497147,79.761429,78.258568,79.438568,70.995354,79531900,75.4039985,72.78817138,0.018517792444436187,1.3034407942676072,2013,11,74.42997653045136,77.994286,76.199997,74.82
2013-12-02,79.714287,80.618568,78.688568,78.747147,70.377434,118136200,75.77885590000001,73.02765716,-0.008703845215336736,1.4209664239003466,2013,12,74.70850365751902,79.438568,77.994286,76.199997
2013-12-03,79.757141,80.91143,79.668571,80.902855,72.304024,112742000,76.4601418,73.24388564,0.027375061600644512,1.7717401654296472,2013,12,75.10813922800168,78.747147,79.438568,77.994286
2013-12-04,80.785713,81.312859,80.117142,80.714287,72.13549,94452400,77.1094277,73.46074279999999,-0.0023307953718073593,2.019554328126748,2013,12,75.46982618103384,80.902855,78.747147,79.438568
2013-12-05,81.807144,82.162857,80.915718,81.128571,72.505753,111895000,77.8651422,73.7075142,0.005132722042133553,2.263907192529188,2013,12,75.83490649193489,80.714287,80.902855,78.747147
2013-12-06,80.827141,80.964287,79.938568,80.002853,71.499664,86088100,78.42057050000001,73.91837128,-0.013875728194448156,2.396918376872871,2013,12,76.10380626664876,81.128571,80.714287,80.902855
2013-12-09,80.128571,81.368568,80.128571,80.918571,72.318069,80123400,79.0867135,74.15745696,0.011446066804642552,2.5662708946634103,2013,12,76.4144362494456,80.002853,81.128571,80.714287
2013-12-10,80.511429,81.125717,80.171425,80.792854,72.205704,69567400,79.6839989,74.41117124,-0.001553623580426211,2.7090926746754938,2013,12,76.69691481399751,80.918571,80.002853,81.128571
2013-12-11,81.0,81.567146,79.955711,80.194283,71.670746,89929700,80.0834275,74.62088546,-0.007408712161597886,2.7662126867666172,2013,12,76.92255147115897,80.792854,80.918571,80.002853
2013-12-12,80.305717,80.762856,80.004288,80.077141,71.566086,65572500,80.291713,74.82368546000001,-0.0014607275683230503,2.831934539019105,2013,12,77.12607337624549,80.194283,80.792854,80.918571
2013-12-13,80.407143,80.41143,79.095711,79.204285,70.785973,83205500,80.26828470000001,75.02659974,-0.010900189356160994,2.848106085701601,2013,12,77.26015154551997,80.077141,80.194283,80.792854
2013-12-16,79.288574,80.377144,79.28714,79.64286,71.177933,70648200,80.357856,75.23937117999999,0.005537263545779103,2.8583045708797017,2013,12,77.41387467161546,79.204285,80.077141,80.194283
2013-12-17,79.401428,79.919998,79.054283,79.284286,70.857491,57475600,80.1959991,75.43148542,-0.004502274277945362,2.8729606890059007,2013,12,77.53454637022092,79.64286,79.204285,80.077141
2013-12-18,78.528572,78.778572,76.971428,78.681427,70.31871,141465800,79.9927131,75.63099974,-0.007603764004382896,2.8633976195253754,2013,12,77.60853866891635,79.284286,79.64286,79.204285
2013-12-19,78.5,78.571426,77.675713,77.779999,69.513092,80077200,79.6578559,75.7963426,-0.011456680875907344,2.8180653688230928,2013,12,77.61960062576046,78.681427,79.284286,79.64286
2013-12-20,77.918571,78.80143,77.831429,78.431427,70.095276,109103400,79.5007133,75.96599974,0.008375263671577038,2.7186122667066637,2013,12,77.67197652087269,77.779999,78.681427,79.284286
2013-12-23,81.14286,81.531425,80.394287,81.441429,72.785355,125326600,79.5529991,76.18679976,0.03837749885642139,2.749538449360101,2013,12,77.91516700339703,78.431427,77.779999,78.681427
2013-12-24,81.412857,81.697144,80.861427,81.095711,72.476387,41888700,79.5832848,76.39145690000001,-0.004244989365302043,2.734877651749153,2013,12,78.12036339027463,81.441429,78.431427,77.779999
2013-12-26,81.157143,81.35714,80.482857,80.557144,71.995049,51002000,79.6195709,76.57779982,-0.006641128036968591,2.687924094540968,2013,12,78.27757504251498,81.095711,81.441429,78.431427
2013-12-27,80.545715,80.629997,79.928574,80.012856,71.508598,56471100,79.61314239999999,76.74631407999999,-0.0067565453909338435,2.6134806856957224,2013,12,78.38952865267531,80.557144,81.095711,81.441429
2013-12-30,79.637146,80.012856,78.902855,79.21714,70.797493,63407400,79.61442789999998,76.88922836,-0.009944851862305759,2.5616994345872866,2013,12,78.44292293314787,80.012856,80.557144,81.095711
2013-12-31,79.167145,80.182854,79.14286,80.145714,71.627357,55771100,79.66471329999999,77.03817124,0.01172188241080141,2.4955407311277096,2013,12,78.55278042133187,79.21714,80.012856,80.557144
2014-01-02,79.382858,79.575714,78.860001,79.01857,70.62001,58671200,79.63814169999999,77.12894258,-0.014063684054271497,2.3461242428281643,2014,1,78.58283136189111,80.145714,79.21714,80.012856
2014-01-03,78.980003,79.099998,77.204285,77.28286,69.068787,98116900,79.498285,77.18925691999999,-0.021965849293400286,2.203965191271321,2014,1,78.4989622417691,79.01857,80.145714,79.21714
2014-01-06,76.778572,78.114288,76.228569,77.704285,69.445427,103152700,79.49071359999999,77.2434569,0.005453020242780937,1.9792670867678281,2014,1,78.44769274230013,77.28286,79.01857,80.145714
2014-01-07,77.760002,77.994286,76.845711,77.148575,68.948753,79302300,79.3624284,77.26668552,-0.007151600455496232,1.8199282413110767,2014,1,78.36387869440979,77.704285,77.28286,79.01857
2014-01-08,76.972855,77.937141,76.955711,77.637146,69.385429,64632400,78.98200010000001,77.31668552,0.00633285838396902,1.601664772607243,2014,1,78.31699271412529,77.148575,77.704285,77.28286
2014-01-09,78.114288,78.122856,76.478569,76.645714,68.499359,69787200,78.5370004,77.33565692,-0.01277007271751085,1.4574069209813927,2014,1,78.20916828095592,77.637146,77.148575,77.704285
2014-01-10,77.118568,77.257141,75.872856,76.134285,68.042282,76244000,78.0947145,77.38211398,-0.006672636646062102,1.4622185419696236,2014,1,78.07530484347491,76.645714,77.637146,77.148575
2014-01-13,75.701431,77.5,75.697144,76.53286,68.398491,94623200,77.7467149,77.41305682000001,0.0052351578529961085,1.5288685777886182,2014,1,77.97579227292815,76.134285,76.645714,77.637146
2014-01-14,76.888573,78.104286,76.808571,78.055717,69.759499,83140400,77.63057260000001,77.48074266,0.01989808038011387,1.5427472555511554,2014,1,77.98094870693278,76.53286,76.134285,76.645714
2014-01-15,79.074287,80.028572,78.808571,79.622856,71.16008,97909700,77.5782868,77.58739976,0.020077184096585654,1.542733774941819,2014,1,78.08687820971132,78.055717,76.53286,76.134285
2014-01-16,79.271431,79.550003,78.811432,79.178574,70.763023,57319500,77.5942872,77.66597124,-0.0055798299925338135,1.5088637047392386,2014,1,78.15731019618156,79.622856,78.055717,76.53286
2014-01-17,78.78286,78.867142,77.128571,77.238571,69.02919,106684900,77.58985829999999,77.70945696,-0.02450161580328547,1.5174538060849958,2014,1,78.09803669965372,79.178574,79.622856,78.055717
2014-01-21,77.284286,78.581429,77.202858,78.438568,70.101646,82131700,77.6632866,77.78988542,0.015536240306672777,1.4676453779926197,2014,1,78.12000646096638,77.238571,79.178574,79.622856
2014-01-22,78.701431,79.612854,78.258568,78.78714,70.413162,94996300,77.8271431,77.90137102,0.004443885309073803,1.4539286812031473,2014,1,78.16304733445241,78.438568,77.238571,79.178574
2014-01-23,78.562859,79.5,77.830002,79.454285,71.009415,100809800,78.00885699999999,78.00314242,0.008467689016253166,1.4075534860422594,2014,1,78.2463529902942,78.78714,78.438568,77.238571
2014-01-24,79.14286,79.374283,77.821426,78.010002,69.718643,107338700,78.1452858,78.08034242000001,-0.01817753441491543,1.366046047020574,2014,1,78.23110453930748,79.454285,78.78714,78.438568
2014-01-27,78.581429,79.257141,77.964287,78.64286,70.284225,138719700,78.39614329999999,78.16745682,0.008112523827393359,1.3387818991493048,2014,1,78.25766940773926,78.010002,79.454285,78.78714
2014-01-28,72.68,73.571426,71.724289,72.35714,64.666603,266380800,77.9785713,78.12708528,-0.07992740854033031,1.745735563560779,2014,1,77.87699009111093,78.64286,78.010002,79.454285
2014-01-29,71.992859,72.48143,71.23143,71.535713,63.932476,125702500,77.32657090000001,78.04877092,-0.01135239728933457,2.1463619204166497,2014,1,77.46787544007151,72.35714,78.64286,78.010002
2014-01-30,71.791428,72.35714,70.957146,71.397141,63.808632,169625400,76.5039994,77.97674228,-0.001937102381295852,2.4591391027786464,2014,1,77.07621515361527,71.535713,72.35714,78.64286
2014-01-31,70.739998,71.647141,70.507141,71.514282,63.91333,116199300,75.73757020000001,77.925228,0.0016406959488755035,2.7067333714957638,2014,1,76.71738075660784,71.397141,71.535713,72.35714
2014-02-03,71.80143,72.53286,71.328575,71.647141,64.032051,100366000,75.1784272,77.87374226,0.0018577967405168927,2.9118109598589426,2014,2,76.39026851424605,71.514282,71.397141,71.535713
2014-02-04,72.264282,72.779999,71.822861,72.684288,64.958969,94170300,74.6029992,77.8559995,0.014475762542988102,3.0361886063081975,2014,2,76.15117299719792,71.647141,71.514282,71.397141
2014-02-05,72.365715,73.611427,72.321426,73.227142,65.444122,82086200,74.04699939999999,77.83157094,0.007468656774900273,3.114171602034417,2014,2,75.96252583608837,72.684288,71.647141,71.514282
2014-02-06,72.865715,73.35714,72.544289,73.215714,65.825577,64441300,73.42314230000001,77.8107424,-0.00015606235185305906,3.0787385693113247,2014,2,75.78531216924395,73.227142,72.684288,71.647141
2014-02-07,74.482857,74.704285,73.91143,74.239998,66.746498,92570100,73.0461419,77.79914235999999,0.013989947567813132,3.002746283021076,2014,2,75.68561448090564,73.215714,73.227142,72.684288
2014-02-10,74.094284,75.998573,74.0,75.57,67.94223,86389800,72.7388559,77.78654241999999,0.017914898111931477,2.911410194145455,2014,2,75.67815548213754,74.239998,73.215714,73.227142
2014-02-11,75.80143,76.821426,75.64286,76.565712,68.83744,70564200,73.1597131,77.75797094,0.013176022231044193,2.831229133421354,2014,2,75.73541719296738,75.57,74.239998,73.215714
2014-02-12,76.707146,77.080002,76.177139,76.559998,68.832306,77025200,73.6621416,77.70039953999999,-7.462870586261161e-05,2.777718410702713,2014,2,75.78861595471142,76.565712,75.57,74.239998
2014-02-13,76.379997,77.835716,76.314285,77.775711,69.925316,76849500,74.29999860000001,77.68097082,0.015879219328088334,2.6942679494133395,2014,2,75.91681563505261,76.559998,76.565712,75.57
2014-02-14,77.495712,77.997147,77.315712,77.71286,69.868805,68231100,74.91985639999999,77.61717091999999,-0.0008081057593931629,2.6562313054003632,2014,2,76.03268946504923,77.775711,76.559998,76.565712
2014-02-18,78.0,78.741432,77.944283,77.998573,70.125679,65062900,75.5549996,77.56285664,0.0036765214920668754,2.6705466564243276,2014,2,76.15952066085252,77.71286,77.775711,76.559998
2014-02-19,77.821426,78.127144,76.335716,76.767143,69.018547,78442000,75.9632851,77.47562807999999,-0.0157878529393094,2.656672707880463,2014,2,76.19872210208784,77.998573,77.71286,77.775711
2014-02-20,76.141426,76.714287,75.571426,75.878571,68.219681,76464500,76.22842800000001,77.39314243999999,-0.011574899954268303,2.649108593518686,2014,2,76.17806719227572,76.767143,77.998573,77.71286
2014-02-21,76.112854,76.367142,74.942856,75.035713,67.461868,69696200,76.4104279,77.27548528,-0.011107984624538991,2.637379978165834,2014,2,76.10436692180632,75.878571,76.767143,77.998573
2014-02-24,74.735718,75.702858,74.631432,75.364288,67.757278,72227400,76.5228569,77.16691395999999,0.004378914877506412,2.6360580385563854,2014,2,76.05661989459301,75.035713,75.878571,76.767143
2014-02-25,75.625717,75.652855,74.428574,74.580002,67.05217,57988000,76.4238571,77.05462834,-0.010406600006623967,2.646644184717254,2014,2,75.9613542239741,75.364288,75.035713,75.878571
2014-02-26,74.80143,75.0,73.657143,73.907143,66.447235,69054300,76.15800019999999,76.93122838,-0.009021976159238831,2.666724214717485,2014,2,75.82882446758866,74.580002,75.364288,75.035713
2014-02-27,73.877144,75.540001,73.721428,75.381432,67.77269,75470500,76.0401436,76.85477132,0.019947855378471324,2.6319964890686807,2014,2,75.79996043742165,73.907143,74.580002,75.364288
2014-02-28,75.582855,76.10714,74.58857,75.177139,67.589027,92992200,75.7802864,76.7654569,-0.0027101236283227914,2.5251129988073195,2014,2,75.75977840920089,75.381432,73.907143,74.580002
2014-03-03,74.774284,75.807144,74.687141,75.394287,67.784248,59695300,75.54842909999999,76.68765692,0.0028884844899459416,2.429163466388933,2014,3,75.7361983182847,75.177139,75.381432,73.907143
2014-03-04,75.85714,76.091431,75.395714,75.891426,68.231224,64785000,75.3377144,76.6318569,0.006593855048990571,2.4063861952579133,2014,3,75.74621300742763,75.394287,75.177139,75.381432
2014-03-05,75.845711,76.39286,75.589996,76.05143,68.375069,50015700,75.2661431,76.59728552,0.002108327757604611,2.339515053656483,2014,3,75.76590442630327,75.891426,75.394287,75.177139
2014-03-06,76.112854,76.348572,75.442856,75.821426,68.168274,46372200,75.2604286,76.5450855,-0.003024321830634835,2.2469254621498833,2014,3,75.76948646331596,76.05143,75.891426,75.394287
2014-03-07,75.870003,75.997147,75.150002,75.777145,68.128456,55182400,75.3345718,76.43179982,-0.0005840169769426584,2.1012126725750364,2014,3,75.76998056245687,75.821426,76.05143,75.891426
2014-03-10,75.480003,76.190002,75.477142,75.845711,68.190117,44646000,75.3827141,76.32679981999999,0.0009048374678142235,2.0323192813773328,2014,3,75.77486639713706,75.777145,75.821426,76.05143
2014-03-11,76.492859,76.96286,76.084282,76.584282,68.854141,69806100,75.5831421,76.24734258,0.009737808377852764,1.9370375714018033,2014,3,75.82708675861208,75.845711,75.777145,75.821426
2014-03-12,76.358574,76.764282,76.0,76.658569,68.920921,49831600,75.8582847,76.18025684,0.0009700032181538809,1.8999955713781713,2014,3,75.8807307741855,76.584282,75.845711,75.777145
2014-03-13,76.777145,77.094284,75.594284,75.807144,68.155441,64435700,75.9008559,76.11205692,-0.011106716588983101,1.7833556386489076,2014,3,75.87598324036706,76.658569,76.584282,75.845711
2014-03-14,75.541428,75.841431,74.714287,74.955711,67.389977,59299800,75.8787131,76.00825686,-0.011231566776872648,1.6336835607904878,2014,3,75.81661083776274,75.807144,76.658569,76.584282
2014-03-17,75.385712,75.709999,75.121429,75.248573,67.653259,49886200,75.86414169999999,75.93285691999999,0.003907133907381732,1.4675573528074657,2014,3,75.77996323532643,74.955711,75.807144,76.658569
2014-03-18,75.128571,75.995712,75.028572,75.914284,68.25177,52411800,75.8664275,75.9054854,0.008846825573688877,1.28190155237279,2014,3,75.78862909111183,75.248573,74.955711,75.807144
2014-03-19,76.03714,76.605713,75.571426,75.894287,68.233803,56189000,75.8507132,75.86928544,-0.0002634155121582493,1.1594301789729193,2014,3,75.79544573039495,75.914284,75.248573,74.955711
2014-03-20,75.69857,76.095711,75.335716,75.528572,67.905006,52099600,75.8214278,75.83688538,-0.004818742153806732,1.0627282528950013,2014,3,75.77822807036947,75.894287,75.914284,75.248573
2014-03-21,75.989998,76.25,75.190002,76.124283,68.440552,93511600,75.85614159999999,75.80662812,0.007887227101288419,0.9481550942695098,2014,3,75.80055419486177,75.528572,75.894287,75.914284
2014-03-24,76.917145,77.214287,76.437141,77.027145,69.252289,88925200,75.974285,75.81425674,0.011860367867110089,0.9193427778307975,2014,3,75.87968908551586,76.124283,75.528572,75.894287
2014-03-25,77.35714,77.964287,77.084282,77.855713,69.997231,70573300,76.10142809999999,75.8486853,0.010756831244361775,0.9787085243638283,2014,3,76.00717449935354,77.027145,76.124283,75.528572
2014-03-26,78.074287,78.428574,76.980003,77.111427,69.328056,74942000,76.1467139,75.86025664,-0.00955981226451541,0.9938449722802386,2014,3,76.07841659616945,77.855713,77.027145,76.124283
2014-03-27,77.145714,77.35714,76.445717,76.779999,69.030113,55507900,76.2439994,75.83474228,-0.004298040029787065,0.9985055690542621,2014,3,76.12367997706174,77.111427,77.855713,77.027145
2014-03-28,76.902855,76.991432,76.321426,76.694283,68.953056,50141000,76.4178566,75.77617082,-0.0011163844896638908,0.9529746449405476,2014,3,76.16049307531583,76.779999,77.111427,77.855713
2014-03-31,77.03286,77.258568,76.561432,76.677139,68.937645,42167300,76.5607132,75.72614211999999,-0.00022353687040799208,0.9074138654600638,2014,3,76.19382507045673,76.694283,76.779999,77.111427
2014-04-01,76.822861,77.410004,76.681427,77.378571,69.56826,50190000,76.7071419,75.72894212,0.009147863485099439,0.866242493611375,2014,4,76.27026029171758,76.677139,76.694283,76.779999
2014-04-02,77.482857,77.639999,77.18,77.507141,69.683846,45105200,76.8684273,75.71031358,0.0016615711344682982,0.8996049821151744,2014,4,76.35005904709064,77.378571,76.677139,76.694283
2014-04-03,77.341431,77.5,76.805717,76.970001,69.200912,40586000,77.0125702,75.67397079999999,-0.006930200147622578,0.9166382011354544,2014,4,76.39005530211705,77.507141,77.378571,76.677139
2014-04-04,77.115715,77.14286,75.797142,75.974289,68.305725,68812800,76.9975708,75.60437087999999,-0.012936364649391074,0.8972929647836312,2014,4,76.36323166972241,76.970001,77.507141,77.378571
2014-04-07,75.431427,75.842857,74.555717,74.781425,67.233276,72462600,76.77299880000001,75.53979934,-0.01570089059997648,0.9189863014454601,2014,4,76.2611796265145,75.974289,76.970001,77.507141
2014-04-08,75.027145,75.160004,74.099998,74.777145,67.229416,60972100,76.46514199999999,75.46248504,-5.723346405872576e-05,0.908810095738313,2014,4,76.16543545706196,74.781425,75.974289,76.970001
2014-04-09,74.662857,75.784286,74.574287,75.760002,68.113075,51542400,76.32999950000001,75.53054228,0.01314381553347621,0.8164329462721257,2014,4,76.13927845983216,74.777145,74.781425,75.974289
2014-04-10,75.811432,76.034286,74.738571,74.78286,67.234543,59913000,76.1302856,75.59548522,-0.012897861327934024,0.8418137376872669,2014,4,76.05176759145589,75.760002,74.777145,74.781425
2014-04-11,74.14286,74.690002,73.877144,74.230003,66.737495,67929400,75.8838576,75.65214246000001,-0.00739283038920957,0.8934720766734146,2014,4,75.93423439200711,74.78286,75.760002,74.777145
2014-04-14,74.557144,74.594284,73.887146,74.525711,67.003365,51418500,75.6687148,75.71237104,0.003983672208662137,0.9291532498958343,2014,4,75.84336191510343,74.230003,74.78286,75.760002
2014-04-15,74.324287,74.519997,73.047142,73.994286,66.525581,66622500,75.3302863,75.75931394,-0.007130760550543402,1.000791398960059,2014,4,75.72406669477418,74.525711,74.230003,74.78286
2014-04-16,74.007141,74.441429,73.44857,74.144287,66.660431,53691400,74.9940009,75.78851392,0.0020271970730281197,1.054439948797336,2014,4,75.6221454241436,73.994286,74.525711,74.230003
2014-04-17,74.285713,75.394287,74.171425,74.991432,67.422073,71083600,74.796144,75.82379972,0.011425627439104025,1.067499414857096,2014,4,75.58145423548918,74.144287,73.994286,74.525711
2014-04-21,75.048569,76.019997,74.851425,75.881432,68.222229,45637200,74.78685829999999,75.87711408,0.01186802246955354,1.067333783695331,2014,4,75.60080763965115,74.991432,74.144287,73.994286
2014-04-22,75.472855,75.975716,75.214287,75.957146,68.290314,50640800,74.9044304,75.91145704,0.0009977935050038411,1.067403556426541,2014,4,75.62379721128656,75.881432,74.991432,74.144287
2014-04-23,75.580002,75.875717,74.921425,74.964287,67.397652,98735000,74.9231446,75.89934278,-0.01307130470647222,1.071718716565807,2014,4,75.5812481653971,75.957146,75.881432,74.991432
2014-04-24,81.172859,81.428574,80.104286,81.110001,72.923035,189977900,75.45814449999999,75.99022855999999,0.08198189092360741,1.4364836331621191,2014,4,75.93794189666181,74.964287,75.957146,75.881432
2014-04-25,80.647141,81.71286,80.565712,81.705711,73.458626,97568800,76.15042960000001,76.09314282,0.00734447038164876,1.7758476344873617,2014,4,76.31005603236105,81.110001,74.964287,75.957146
2014-04-28,81.828575,85.10714,81.792854,84.870003,76.303528,167371400,77.2144296,76.23502866,0.03872791707301837,2.365683309769828,2014,4,76.86231067543453,81.705711,81.110001,74.964287
2014-04-29,84.82,85.139999,84.215714,84.618568,76.077469,84344400,78.22371530000001,76.37314282,-0.002962589738567556,2.7768435310516066,2014,4,77.3627143737936,84.870003,81.705711,81.110001
2014-04-30,84.662857,85.632858,84.257141,84.298569,75.78978,114160200,79.25414359999999,76.49914274,-0.0037816640905574683,3.0873419577032406,2014,4,77.81018886580692,84.618568,84.870003,81.705711
2014-05-01,84.571426,84.971428,83.765717,84.497147,75.96833,61012000,80.28942959999999,76.65374281999999,0.002355650900788042,3.359310966202154,2014,5,78.24160551962584,84.298569,84.618568,84.870003
2014-05-02,84.620003,84.885712,84.244286,84.654289,76.109573,47878600,81.25571529999999,76.82925718,0.0018597314297488232,3.5907137511324105,2014,5,78.65532703448869,84.497147,84.298569,84.618568
2014-05-05,84.305717,85.85714,84.285713,85.851425,77.185883,71766800,82.2527146,77.04557142,0.014141468957349579,3.8727301872230733,2014,5,79.11959141936039,84.654289,84.497147,84.298569
2014-05-06,85.971428,86.344284,84.915718,84.915718,76.344643,93641100,83.14857179999998,77.23660002000001,-0.010899143491211793,4.066491254651235,2014,5,79.49353506972423,85.851425,84.654289,84.497147
2014-05-07,85.035713,85.327141,83.961426,84.618568,76.077469,70716100,84.1139999,77.43737134,-0.003499352145853618,4.226721981858333,2014,5,79.82418235554849,84.915718,85.851425,84.654289
2014-05-08,84.035713,84.915718,83.771431,83.998573,75.941864,57574300,84.4028571,77.63919994,-0.00732693798363504,4.334324756430868,2014,5,80.09349788099698,84.618568,84.915718,85.851425
2014-05-09,83.505714,83.75,82.904289,83.648575,75.625427,72899400,84.59714349999999,77.8045428,-0.004166713641670983,4.408524172083463,2014,5,80.32285769512619,83.998573,84.618568,84.915718
2014-05-12,83.927139,84.808571,83.914284,84.690002,76.566986,53302200,84.57914339999999,77.99480006,0.012450026793642488,4.507454701539773,2014,5,80.60460894060192,83.648575,83.998573,84.618568
2014-05-13,84.571426,84.934288,84.385712,84.822861,76.687088,39934300,84.5995727,78.18337154,0.0015687684125924584,4.593161265497939,2014,5,80.87675423475665,84.690002,83.648575,83.998573
2014-05-14,84.632858,85.342857,84.534286,84.83857,76.701286,41601000,84.65357279999999,78.36231442,0.0001851977145641559,4.675694196875293,2014,5,81.13235525186913,84.822861,84.690002,83.648575
2014-05-15,84.957146,85.228569,84.005714,84.117142,76.049042,57711500,84.61557230000001,78.52362866,-0.0085035379544941,4.722066130006139,2014,5,81.32492213884532,84.83857,84.822861,84.690002
2014-05-16,84.089996,85.361427,83.628571,85.358574,77.17144,69064100,84.6860008,78.71437162000001,0.01475837112963263,4.786446304725677,2014,5,81.58515774279078,84.117142,84.83857,84.822861
2014-05-19,85.407143,86.761429,85.332855,86.370003,78.085861,79438800,84.73785860000001,78.92622878,0.01184917873628022,4.842507485774652,2014,5,81.89385743680428,85.358574,84.117142,84.83857
2014-05-20,86.358574,86.628571,85.818573,86.387146,78.101318,58709000,84.88500140000001,79.13705748000001,0.00019848326275972994,4.825816295729318,2014,5,82.18374702152659,86.370003,85.358574,84.117142
2014-05-21,86.261429,86.671425,86.008568,86.615715,78.307983,49214900,85.0847161,79.33768614,0.0026458681711742926,4.785021492354243,2014,5,82.4696804394926,86.387146,86.370003,85.358574
2014-05-22,86.657143,87.121429,86.300003,86.752853,78.431961,50190000,85.3601441,79.53957182,0.0015832923621308392,4.761137595891796,2014,5,82.74601415307373,86.615715,86.387146,86.370003
2014-05-23,86.75,87.818573,86.638573,87.732857,79.317978,58052400,85.7685723,79.77808608000001,0.011296504565676768,4.69518120944125,2014,5,83.06774594964962,86.752853,86.615715,86.387146
2014-05-27,87.982857,89.408569,87.947144,89.375717,80.803261,87216500,86.2371438,80.0664862,0.018725709570816873,4.625519182365176,2014,5,83.47471182386576,87.732857,86.752853,86.615715
2014-05-28,89.431427,89.975716,89.111427,89.144287,80.594025,78870400,86.6692864,80.34440048,-0.002589405800235256,4.505663205715498,2014,5,83.84049086748733,89.375717,87.732857,86.752853
2014-05-29,89.692856,90.98143,89.681427,90.76857,82.062523,94118500,87.2622864,80.6414862,0.018220831134136306,4.3671548903924,2014,5,84.28746371474621,89.144287,89.375717,87.732857
2014-05-30,91.139999,92.024284,89.842857,90.428574,81.755142,141005200,87.89342959999999,80.93217194,-0.003745745911828302,4.14168065102909,2014,5,84.68366437831097,90.76857,89.144287,89.375717
2014-06-02,90.565712,90.690002,88.928574,89.807144,81.193321,92337700,88.33828659999999,81.21774338,-0.006872053517066434,3.872171265737426,2014,6,85.014211450678,90.428574,90.76857,89.144287
2014-06-03,89.779999,91.248573,89.75,91.077141,82.341492,73177300,88.80900039999999,81.51680053999999,0.01414138055654024,3.658706604997379,2014,6,85.40536819579556,89.807144,90.428574,90.76857
2014-06-04,91.062859,92.555717,90.872856,92.117142,83.281761,83870500,89.38199999999999,81.81860048,0.01141890257622391,3.422841472327129,2014,6,85.83838586058295,91.077141,89.807144,90.428574
2014-06-05,92.314285,92.767143,91.80143,92.478569,83.608528,75951400,89.9682854,82.11105760000001,0.0039235585489614255,2.9742761402094913,2014,6,86.26678477280339,92.117142,91.077141,89.807144
2014-06-06,92.842857,93.03714,92.067146,92.224289,83.378609,87484600,90.515429,82.41331484,-0.0027496100204577045,2.98622362814611,2014,6,86.65113988423543,92.478569,92.117142,91.077141
2014-06-09,92.699997,93.879997,91.75,93.699997,84.712776,75415000,91.11214299999999,82.75171479999999,0.01600129440954534,3.087478933380087,2014,6,87.10590485944606,92.224289,92.478569,92.117142
2014-06-10,94.730003,95.050003,93.57,94.25,85.210014,62777000,91.5995713,83.10282914,0.005869829430197315,3.3142734715043796,2014,6,87.56681422335275,93.699997,92.224289,92.478569
2014-06-11,94.129997,94.760002,93.470001,93.860001,84.85743,45681000,92.0711427,83.44648638000001,-0.004137920424403196,3.465924777073937,2014,6,87.97282627345902,94.25,93.699997,92.224289
2014-06-12,94.040001,94.120003,91.900002,92.290001,83.438034,54749000,92.22328580000001,83.74471497999998,-0.016727040094533963,3.496093256528016,2014,6,88.25135367517134,93.860001,94.25,93.699997
2014-06-13,92.199997,92.440002,90.879997,91.279999,82.524895,54525000,92.3084283,84.02017214,-0.010943785773715575,3.47792555419974,2014,6,88.44675014774094,92.290001,93.860001,94.25
2014-06-16,91.510002,92.75,91.449997,92.199997,83.356644,35561000,92.5477136,84.32477206,0.010078856376849687,3.480087335343026,2014,6,88.6888951059512,91.279999,92.290001,93.860001
2014-06-17,92.309998,92.699997,91.800003,92.080002,83.248161,29726000,92.6479997,84.64688632000001,-0.0013014642505899676,3.5008794193022448,2014,6,88.90767619588983,92.199997,91.279999,92.290001
2014-06-18,92.269997,92.290001,91.349998,92.18,83.338585,33514000,92.65428549999999,84.99485782,0.0010859904195050785,3.478999927117613,2014,6,89.11879386067115,92.080002,92.199997,91.279999
2014-06-19,92.290001,92.300003,91.339996,91.860001,83.049271,35528000,92.5924287,85.33651494,-0.003471458016923501,3.417069149861657,2014,6,89.29564593417624,92.18,92.080002,92.199997
2014-06-20,91.849998,92.550003,90.900002,90.910004,82.190399,100898000,92.4610002,85.63951498,-0.010341791744591822,3.2836174793643873,2014,6,89.3997980674552,91.860001,92.18,92.080002
2014-06-23,91.32,91.620003,90.599998,90.830002,82.118065,43694000,92.1740007,85.96045781999999,-0.0008800131611479411,3.1032531746554493,2014,6,89.49206928890969,90.910004,91.860001,92.18
2014-06-24,90.75,91.739998,90.190002,90.279999,81.620804,39036000,91.77700060000001,86.28145774000001,-0.0060553009786347145,2.9573911071665786,2014,6,89.54290346381875,90.830002,90.910004,91.860001
2014-06-25,90.209999,90.699997,89.650002,90.360001,81.69313,36869000,91.4270006,86.59814354,0.0008861541967895015,2.8000583615201577,2014,6,89.59561943389497,90.279999,90.830002,90.910004
2014-06-26,90.370003,91.050003,89.800003,90.900002,82.181358,32629000,91.2880007,86.93625786000001,0.005976106618237109,2.6237499325021294,2014,6,89.67977314783724,90.360001,90.279999,90.830002
2014-06-27,90.82,92.0,90.769997,91.980003,83.157768,64029000,91.3580011,87.29297217999999,0.011881198858499475,2.3695949332181607,2014,6,89.82817507378321,90.900002,90.360001,90.279999
2014-06-30,92.099998,93.730003,92.089996,92.93,84.016647,49482300,91.4310014,87.65174354000001,0.010328299293488996,2.19789895427777,2014,6,90.0282928109585,91.980003,90.900002,90.360001
2014-07-01,93.519997,94.07,93.129997,93.519997,84.550034,38223000,91.57500089999999,88.00451484,0.006348832454535547,2.0890279024941907,2014,7,90.2535640489612,92.93,91.980003,90.900002
2014-07-02,93.870003,94.059998,93.089996,93.480003,84.513885,28465000,91.7050012,88.35497198000002,-0.0004276518528973927,1.9440520212099905,2014,7,90.46172140064111,93.519997,92.93,91.980003
2014-07-03,93.669998,94.099998,93.199997,94.029999,85.011116,22891800,91.922001,88.73628621999998,0.0058835684889742,1.8009890791389072,2014,7,90.69193285866426,93.480003,93.519997,92.93
2014-07-07,94.139999,95.989998,94.099998,95.970001,86.765053,56468000,92.4280007,89.03348622,0.02063173477221869,1.7497107505953369,2014,7,91.03245338391172,94.029999,93.480003,93.519997
2014-07-08,96.269997,96.800003,93.919998,95.349998,86.204521,65222000,92.8800003,89.30637195999999,-0.006460383385845758,1.6906176577908858,2014,7,91.31100464946579,95.970001,94.029999,93.480003
2014-07-09,95.440002,95.949997,94.760002,95.389999,86.240677,36436000,93.3910003,89.51677188,0.00041951757565850123,1.7182670532727438,2014,7,91.57416557530671,95.349998,95.970001,94.029999
2014-07-10,93.760002,95.550003,93.519997,95.040001,85.924271,39686000,93.85900029999999,89.72520054,-0.003669126781309595,1.6869861458947513,2014,7,91.79776786077079,95.389999,95.349998,95.970001
2014-07-11,95.360001,95.889999,94.860001,95.220001,86.086998,34018000,94.2910002,89.94362917999999,0.0018939393740116106,1.7290194221730404,2014,7,92.01855709555976,95.040001,95.389999,95.349998
2014-07-14,95.860001,96.889999,95.650002,96.449997,87.199005,42810000,94.7379996,90.18268617999998,0.012917412172680054,1.8155018188673828,2014,7,92.30445644423332,95.220001,95.040001,95.389999
2014-07-15,96.800003,96.849998,95.029999,95.32,86.177406,45477900,94.9769996,90.3960004,-0.01171588424207004,1.7806357001508526,2014,7,92.49900764137956,96.449997,95.220001,95.040001
2014-07-16,96.970001,97.099998,94.739998,94.779999,85.689194,53396300,95.10299979999999,90.57457187999998,-0.005665138480906329,1.7721264669252095,2014,7,92.64616837419379,95.32,96.449997,95.220001
2014-07-17,95.029999,95.279999,92.57,93.089996,84.161293,57298000,95.0639991,90.73805744,-0.01783079782476049,1.7622302995878059,2014,7,92.67480241456839,94.779999,95.32,96.449997
2014-07-18,93.620003,94.739998,93.019997,94.43,85.372757,49988000,95.1039992,90.93428607999998,0.014394715410665615,1.772915108671364,2014,7,92.7880409684672,93.089996,94.779999,95.32
2014-07-21,94.989998,95.0,93.720001,93.940002,84.929779,39079000,94.9009993,91.13311465999999,-0.005189007730594053,1.7678157279642954,2014,7,92.86236103501771,94.43,93.089996,94.779999
2014-07-22,94.68,94.889999,94.120003,94.720001,85.634956,55197000,94.8379996,91.35454317999998,0.008303161415729843,1.7862166347205883,2014,7,92.98220877469397,93.940002,94.43,93.089996
2014-07-23,95.419998,97.879997,95.169998,97.190002,87.868057,92918000,95.01799989999999,91.60454318000001,0.02607686839023593,1.9162076422751058,2014,7,93.25367930535887,94.720001,93.940002,94.43
2014-07-24,97.040001,97.32,96.419998,97.029999,87.723373,45729000,95.2169997,91.84868594,-0.0016462907367776891,2.026918962942644,2014,7,93.4973128340454,97.190002,94.720001,93.940002
2014-07-25,96.849998,97.839996,96.639999,97.669998,88.301987,43469000,95.4619994,92.1053145,0.006595887937708822,2.1503233543884694,2014,7,93.76651832862312,97.029999,97.190002,94.720001
2014-07-28,97.82,99.239998,97.550003,99.019997,89.522507,55318000,95.7189994,92.40337159999999,0.013822043899294423,2.310741842142114,2014,7,94.1054524364539,97.669998,97.029999,97.190002
2014-07-29,99.330002,99.440002,98.25,98.379997,88.943916,43143000,96.0249991,92.66380006,-0.006463340935063844,2.4231625849344534,2014,7,94.38122950506978,99.019997,97.669998,97.029999
2014-07-30,98.440002,98.699997,97.669998,98.150002,88.735962,33010000,96.36199940000002,92.89940004,-0.0023378227994863554,2.497140049330163,2014,7,94.62437611764594,98.379997,99.019997,97.669998
2014-07-31,97.160004,97.449997,95.330002,95.599998,86.43055,56843000,96.6129996,93.08365708,-0.025980682099221997,2.4727623780296026,2014,7,94.68731946489459,98.150002,98.379997,99.019997
2014-08-01,94.900002,96.620003,94.809998,96.129997,86.909714,48511000,96.7829993,93.27394272,0.0055439227101239386,2.4405871220541835,2014,8,94.7803954349014,95.599998,98.150002,98.379997
2014-08-04,96.370003,96.580002,95.169998,95.589996,86.421494,39958000,96.9479987,93.45068557999998,-0.005617403691378531,2.3440560574513603,2014,8,94.83262772942389,96.129997,95.599998,98.150002
2014-08-05,95.360001,95.68,94.360001,95.120003,85.996597,55933000,96.98799890000001,93.5984285,-0.004916759280960803,2.22387667519459,2014,8,94.85116806946105,95.589996,96.129997,95.599998
2014-08-06,94.75,95.480003,94.709999,94.959999,85.851921,38558000,96.76499859999998,93.71011414,-0.001682127785466947,2.045462521776361,2014,8,94.8581894198184,95.120003,95.589996,96.129997
2014-08-07,94.93,95.949997,94.099998,94.480003,85.842827,46711000,96.509999,93.81682846,-0.00505471782913558,1.847931427421413,2014,8,94.83379029595915,94.959999,95.120003,95.589996
2014-08-08,94.260002,94.82,93.279999,94.739998,86.079079,41865000,96.216999,93.89625702,0.002751852156482215,1.663985751345683,2014,8,94.82773918009082,94.480003,94.959999,95.120003
2014-08-11,95.269997,96.080002,94.839996,95.989998,87.214798,36585000,95.9139991,94.0074855,0.013194004922820524,1.5428052667892853,2014,8,94.90272362008496,94.739998,94.480003,94.959999
2014-08-12,96.040001,96.879997,95.610001,95.970001,87.196617,33795000,95.6729995,94.13074264,-0.00020832378806801,1.4691844557607066,2014,8,94.97158022524076,95.989998,94.739998,94.480003
2014-08-13,96.150002,97.239998,96.040001,97.239998,88.350533,31916000,95.5819991,94.25399978,0.013233270675906406,1.4480485232599645,2014,8,95.11792975909619,95.970001,95.989998,94.739998
2014-08-14,97.330002,97.57,96.800003,97.5,88.586761,28116000,95.7719993,94.36165693999999,0.0026738174141056614,1.423006407281127,2014,8,95.27161171012224,97.239998,95.970001,95.989998
2014-08-15,97.900002,98.190002,96.860001,97.980003,89.022903,48951000,95.9569999,94.47168562,0.004923107692307749,1.434715720679021,2014,8,95.44634663204984,97.5,97.239998,95.970001
2014-08-18,98.489998,99.370003,97.980003,99.160004,90.095024,47572000,96.3140007,94.61039992000002,0.012043283974996433,1.5499850039218066,2014,8,95.6859374299821,97.980003,97.5,97.239998
2014-08-19,99.410004,100.68,99.32,100.529999,91.33976,69399000,96.8550003,94.74699996,0.013816003879951522,1.7450643458915402,2014,8,95.99845753127359,99.160004,97.980003,97.5
2014-08-20,100.440002,101.089996,99.949997,100.57,91.376114,52699000,97.4160004,94.87339995999999,0.0003979011280004219,1.9080492507838267,2014,8,96.29339575506238,100.529999,99.160004,97.980003
2014-08-21,100.57,100.940002,100.110001,100.580002,91.385193,33478000,98.02600029999999,95.00779998,9.945311723180694e-05,2.0357356502484856,2014,8,96.56995099667125,100.57,100.529999,99.160004
2014-08-22,100.290001,101.470001,100.190002,101.32,92.057549,44184000,98.6840005,95.18839996000001,0.007357307469530561,2.1933062485276418,2014,8,96.87640577107956,100.580002,100.57,100.529999
2014-08-25,101.790001,102.169998,101.279999,101.540001,92.257446,40270000,99.2390008,95.3936,0.002171348203711121,2.3570454661033597,2014,8,97.17728288262282,101.32,100.580002,100.57
2014-08-26,101.419998,101.5,100.860001,100.889999,91.66684,33152000,99.73100059999999,95.56740004000001,-0.006401437793958631,2.4414882049171567,2014,8,97.41681295471166,101.540001,101.32,100.580002
2014-08-27,101.019997,102.57,100.699997,102.129997,92.793495,52369000,100.2200005,95.76839994,0.012290593837749997,2.5619947457464627,2014,8,97.72088934473025,100.889999,101.540001,101.32
2014-08-28,101.589996,102.779999,101.559998,102.25,92.902527,68460000,100.69500049999999,95.96979994000002,0.0011750024823753424,2.577890417846978,2014,8,98.01309003216701,102.129997,100.889999,101.540001
2014-08-29,102.860001,102.900002,102.199997,102.5,93.129669,44595000,101.1470002,96.18259992000002,0.0024449877750611915,2.645776884892988,2014,8,98.30256809460785,102.25,102.129997,100.889999
2014-09-02,103.059998,103.739998,102.720001,103.300003,93.85656,53564000,101.5610001,96.4303999,0.007804907317073173,2.706283720183148,2014,9,98.62498324979444,102.5,102.25,102.129997
2014-09-03,103.099998,103.199997,98.580002,98.940002,89.895134,125421000,101.40200039999999,96.59259990000001,-0.042207172055938824,2.6235761319219333,2014,9,98.64530704013029,103.300003,102.5,102.25
2014-09-04,98.849998,100.089996,97.790001,98.120003,89.150085,85718000,101.1570007,96.74939997999999,-0.008287840948295155,2.614079736507325,2014,9,98.61141645689608,98.940002,103.300003,102.5
2014-09-05,98.800003,99.389999,98.309998,98.970001,89.922386,58457000,100.9960006,96.92159998000001,0.008662841153806333,2.6018099681973874,2014,9,98.63455094354794,98.120003,98.940002,103.300003
2014-09-08,99.300003,99.309998,98.050003,98.360001,89.368134,46356700,100.7000007,97.07079996,-0.006163483821728932,2.5971678504022213,2014,9,98.6168380439642,98.970001,98.120003,98.940002
2014-09-09,99.080002,103.080002,96.139999,97.989998,89.031967,189846300,100.3450004,97.19099986,-0.0037617222065704503,2.59732514761381,2014,9,98.57639675080522,98.360001,98.970001,98.120003
2014-09-10,98.010002,101.110001,97.760002,101.0,91.766808,100869600,100.35600050000001,97.35239986,0.030717441182109173,2.636920343143094,2014,9,98.73275825075326,97.989998,98.360001,98.970001
2014-09-11,100.410004,101.440002,99.620003,101.43,92.157471,62353100,100.28600080000001,97.51059992,0.004257425742574261,2.6857373750964135,2014,9,98.90677384747886,101.0,97.989998,98.360001
2014-09-12,101.209999,102.190002,101.080002,101.660004,92.366486,62626100,100.2270012,97.67419994,0.002267613132209245,2.6727122958787994,2014,9,99.08440159925442,101.43,101.0,97.989998
2014-09-15,102.809998,103.050003,101.440002,101.629997,92.339211,61316500,100.1400009,97.8261999,-0.00029517016347946345,2.664918770061181,2014,9,99.24863356059284,101.660004,101.43,101.0
2014-09-16,99.800003,101.260002,98.889999,100.860001,91.639603,66908100,99.8960007,97.9239999,-0.007576463866273753,2.5997375409285666,2014,9,99.352592750232,101.629997,101.660004,101.43
2014-09-17,101.269997,101.800003,100.589996,101.580002,92.293785,60926500,100.1600007,98.04859998,0.007138617815401371,2.5112914518026326,2014,9,99.49629657279768,100.860001,101.629997,101.660004
2014-09-18,101.93,102.349998,101.559998,101.790001,92.484581,37299400,100.52700050000001,98.17660002000001,0.0020673262046204677,2.3950121270996245,2014,9,99.64427750358492,101.580002,100.860001,101.629997
2014-09-19,102.290001,102.349998,100.5,100.959999,91.730469,70902400,100.7260003,98.29499998,-0.008154062204990153,2.191566540924286,2014,9,99.72916276141814,101.790001,101.580002,100.860001
2014-09-22,101.800003,102.139999,100.580002,101.059998,91.821304,52788400,100.99600000000001,98.41179991999999,0.0009904813885743824,1.969353731963251,2014,9,99.81502309939115,100.959999,101.790001,101.580002
2014-09-23,100.599998,102.940002,100.540001,102.639999,93.256874,63402200,101.4610001,98.53559996,0.015634286871844205,1.8588371614390444,2014,9,99.99727960910785,101.059998,100.959999,101.790001
2014-09-24,102.160004,102.849998,101.199997,101.75,92.448242,60171800,101.5360001,98.66419995999999,-0.008671073739975443,1.6803555622879875,2014,9,100.11035834400411,102.639999,101.059998,100.959999
2014-09-25,100.510002,100.709999,97.720001,97.870003,88.922958,100092000,101.1800004,98.72600004,-0.038132648648648626,1.6411584398039578,2014,9,99.96581928955223,101.75,102.639999,101.059998
2014-09-26,98.529999,100.75,98.400002,100.75,91.53968,62370500,101.089,98.87920012,0.02942675908572312,1.5359602488456399,2014,9,100.01641159345209,97.870003,101.75,102.639999
2014-09-29,98.650002,100.440002,98.629997,100.110001,90.95816,49766300,100.9370004,98.99280014,-0.006352347394540936,1.4543739687258173,2014,9,100.022449619681,100.75,97.870003,101.75
2014-09-30,100.809998,101.540001,100.529999,100.75,91.53968,55264100,100.9260003,99.1290001,0.006392957682619604,1.4234017906478373,2014,9,100.06938835389514,100.110001,100.75,97.870003
2014-10-01,100.589996,100.690002,98.699997,99.18,90.113167,51491300,100.6860001,99.21820008,-0.015583126550868465,1.4530770872388397,2014,10,100.01200846009544,100.75,100.110001,100.75
2014-10-02,99.269997,100.220001,98.040001,99.900002,90.767372,47757800,100.4970002,99.27240008000001,0.007259548296027374,1.4610553363878231,2014,10,100.00478223686348,99.18,100.75,100.110001
2014-10-03,99.440002,100.209999,99.040001,99.620003,90.512955,43469600,100.3630006,99.32420016,-0.002802792736680826,1.4748338666186853,2014,10,99.97995776996906,99.900002,99.18,100.75
2014-10-06,99.949997,100.650002,99.419998,99.620003,90.512955,37051200,100.21900109999999,99.36320026,0.0,1.4826301809018492,2014,10,99.95673488158396,99.620003,99.900002,99.18
2014-10-07,99.43,100.120003,98.730003,98.75,89.722481,42094200,99.8300012,99.35780032000001,-0.008733215958646401,1.5113468155004672,2014,10,99.87888101825595,99.620003,99.620003,99.900002
2014-10-08,98.760002,101.110001,98.309998,100.800003,91.585068,57404700,99.7350015,99.40620043999999,0.02075952405063286,1.510728290323338,2014,10,99.9383082428846,98.75,99.620003,99.620003
2014-10-09,101.540001,102.379997,100.610001,101.019997,91.784966,77376500,100.0500009,99.46360034,0.0021824800937753075,1.483857011216047,2014,10,100.00809461431142,100.800003,98.75,99.620003
2014-10-10,100.690002,102.029999,100.300003,100.730003,91.521469,66331600,100.0480012,99.56620043999999,-0.0028706593606413477,1.4477416544435906,2014,10,100.05466934887195,101.019997,100.800003,98.75
2014-10-13,101.330002,101.779999,99.809998,99.809998,90.685585,53583400,100.01800089999999,99.63980046,-0.009133376080610267,1.3991836400591091,2014,10,100.03888410055762,100.730003,101.019997,100.800003
2014-10-14,100.389999,100.519997,98.57,98.75,89.722481,63688600,99.81800089999999,99.70300054,-0.010620158513578892,1.314083340133292,2014,10,99.95573028761842,99.809998,100.730003,101.019997
2014-10-15,97.970001,99.150002,95.18,97.540001,88.6231,100933600,99.65400100000001,99.7514005,-0.012253154430379665,1.3838681064610898,2014,10,99.79987678519143,98.75,99.809998,100.730003
2014-10-16,95.550003,97.720001,95.410004,96.260002,87.460114,72154500,99.290001,99.77740055999999,-0.013122811019860459,1.5142486005943485,2014,10,99.57149776679199,97.540001,98.75,99.809998
2014-10-17,97.5,99.0,96.809998,97.669998,88.741211,68179700,99.0950005,99.84120046,0.01464778693854596,1.5655706145925643,2014,10,99.44882036248283,96.260002,97.540001,98.75
2014-10-20,98.32,99.959999,98.220001,99.760002,90.640167,77517300,99.10900039999999,99.94160054,0.021398628471354986,1.5336486049407478,2014,10,99.46889659716136,97.669998,96.260002,97.540001
2014-10-21,103.019997,103.019997,101.269997,102.470001,93.102417,94623900,99.4810005,100.07120060000001,0.02716518590286321,1.538408949737294,2014,10,99.66251623605417,99.760002,97.669998,96.260002
2014-10-22,102.839996,104.110001,102.599998,102.989998,93.574875,68263100,99.7,100.21160054,0.005074626670492632,1.6126467615542848,2014,10,99.87719247888938,102.470001,99.760002,97.669998
2014-10-23,104.080002,105.050003,103.629997,104.830002,95.246681,71074700,100.0810005,100.36340062000001,0.017865851400443722,1.8014936812857365,2014,10,100.19672857702555,102.989998,102.470001,99.760002
2014-10-24,105.18,105.489998,104.529999,105.220001,95.601021,47053900,100.5300003,100.51780064,0.003720299461598797,1.9920091046419262,2014,10,100.52081066883035,104.830002,102.989998,102.470001
2014-10-27,104.849998,105.480003,104.699997,105.110001,95.501068,34187700,101.0600006,100.66040059999999,-0.0010454286158009252,2.1516553295878134,2014,10,100.81688746438968,105.220001,104.830002,102.989998
2014-10-28,105.400002,106.739998,105.349998,106.739998,96.98204,48060900,101.8590004,100.81200048000001,0.015507534815835555,2.4204280623189334,2014,10,101.19902362797745,105.110001,105.220001,104.830002
2014-10-29,106.650002,107.370003,106.360001,107.339996,97.527191,52687900,102.8389999,100.94820041999999,0.0056211168375701615,2.692091800920912,2014,10,101.59521539391439,106.739998,105.110001,105.220001
2014-10-30,106.959999,107.349998,105.900002,106.980003,97.200127,40654800,103.91099999999999,101.07640048000002,-0.0033537638663597713,2.899420331973148,2014,10,101.9426210459199,107.339996,106.739998,105.110001
2014-10-31,108.010002,108.040001,107.209999,108.0,98.126854,44639300,104.9440002,101.22480044,0.009534464118495123,3.150604227411134,2014,10,102.33341968811862,106.980003,107.339996,106.739998
2014-11-03,108.220001,110.300003,108.010002,109.400002,99.398888,52282600,105.90800019999999,101.38640047999999,0.012962981481481561,3.4656227165222195,2014,11,102.78932822436904,108.0,106.980003,107.339996
2014-11-04,109.360001,109.489998,107.720001,108.599998,98.672043,41574400,106.52099989999999,101.52760042,-0.00731265068898268,3.6827071420619917,2014,11,103.1642101453775,109.400002,108.0,106.980003
2014-11-05,109.099998,109.300003,108.129997,108.860001,98.908249,37435900,107.10800019999999,101.68700046,0.0023941344823965593,3.8925923491609002,2014,11,103.53168052309508,108.599998,109.400002,108.0
2014-11-06,108.599998,108.790001,107.800003,108.699997,99.191124,34968500,107.4949997,101.81840045999999,-0.0014698144270639535,3.980205199681736,2014,11,103.86512029579862,108.860001,108.599998,109.400002
2014-11-07,108.75,109.32,108.550003,109.010002,99.474014,33691500,107.8739998,101.9536005,0.0028519320014332994,4.134666291398692,2014,11,104.19704814768257,108.699997,108.860001,108.599998
2014-11-10,109.019997,109.330002,108.669998,108.830002,99.309769,27195500,108.24599989999999,102.08020053999999,-0.0016512246279933862,4.24286991988802,2014,11,104.49594839621918,109.010002,108.699997,108.860001
2014-11-11,108.699997,109.75,108.400002,109.699997,100.103653,27442300,108.54199980000001,102.20820042000001,0.007994073178460459,4.383671033258133,2014,11,104.83169346743084,108.830002,109.010002,108.699997
2014-11-12,109.379997,111.43,109.370003,111.25,101.518051,46942400,108.9330002,102.45440038000001,0.014129471671726623,4.533726568180042,2014,11,105.24577775985466,109.699997,108.830002,109.010002
2014-11-13,111.800003,113.449997,111.599998,112.82,102.950714,59522900,109.5169999,102.74840032,0.01411235955056167,4.757744572647995,2014,11,105.73443725921886,111.25,109.699997,108.830002
2014-11-14,113.150002,114.190002,111.209999,114.18,104.191765,44063600,110.1349999,103.0526003,0.012054600248183167,5.0064098604388,2014,11,106.27931227475314,112.82,111.25,109.699997
2014-11-17,114.269997,117.279999,113.300003,113.989998,104.018387,46746700,110.5939995,103.36520024,-0.0016640567524961458,5.1854092168477575,2014,11,106.77677586993035,114.18,112.82,111.25
2014-11-18,113.940002,115.690002,113.889999,115.470001,105.368912,44224000,111.28099979999999,103.7148003,0.012983621598098516,5.363332678782457,2014,11,107.3376291041284,113.989998,114.18,112.82
2014-11-19,115.440002,115.739998,113.800003,114.669998,104.638901,41869200,111.8619995,103.98820026,-0.006928232381326338,5.516561206623361,2014,11,107.81068516192656,115.470001,113.989998,114.18
2014-11-20,114.910004,116.860001,114.849998,116.309998,106.135429,43395500,112.6229996,104.28580022,0.01430191007764714,5.7217500115682345,2014,11,108.35902792567323,114.669998,115.470001,113.989998
2014-11-21,117.510002,117.57,116.029999,116.470001,106.281441,57179300,113.3689995,104.58200015999999,0.0013756598981284895,5.871994430043909,2014,11,108.88231651111366,116.309998,114.669998,115.470001
2014-11-24,116.849998,118.769997,116.620003,118.629997,108.25248,47450800,114.348999,104.92200015999998,0.018545513707001637,6.051460241529421,2014,11,109.51119912329987,116.470001,116.309998,114.669998
2014-11-25,119.07,119.75,117.449997,117.599998,107.312576,68840400,115.1389991,105.2568001,-0.00868244985288169,6.048863806656396,2014,11,110.03305711534503,118.629997,116.470001,116.309998
2014-11-26,117.940002,119.099998,117.830002,119.0,108.590118,40768300,115.9139991,105.60520006,0.011904779114026764,5.974886986623721,2014,11,110.61156955951631,117.599998,118.629997,116.470001
2014-11-28,119.269997,119.400002,118.050003,118.93,108.526222,24814400,116.52499909999999,105.94800003999998,-0.0005882352941175562,5.705646379329807,2014,11,111.14824249116043,119.0,117.599998,118.629997
2014-12-01,118.809998,119.25,111.269997,115.07,105.003899,83814000,116.6139991,106.23020006,-0.03245606659379474,5.279128642818829,2014,12,111.40125910463395,118.93,119.0,117.599998
2014-12-02,113.5,115.75,112.75,114.629997,104.602379,59348900,116.677999,106.50160004000001,-0.003823785521856138,4.915255185571956,2014,12,111.60956477530273,115.07,118.93,119.0
2014-12-03,115.75,116.349998,115.110001,115.93,105.788673,43063400,116.7239989,106.76740006,0.011340862200319268,4.714329034238255,2014,12,111.88830253173482,114.629997,115.07,118.93
2014-12-04,115.769997,117.199997,115.290001,115.489998,105.387161,42044500,116.80599889999999,107.04220002,-0.003795411023893802,4.482137000766071,2014,12,112.12066998130031,115.93,114.629997,115.07
2014-12-05,115.989998,116.080002,114.639999,115.0,104.94001,38318900,116.6749991,107.38479996,-0.004242774339644595,4.308208844330958,2014,12,112.3064332083132,115.489998,115.93,114.629997
2014-12-08,114.099998,114.650002,111.620003,112.400002,102.567482,57664900,116.2679992,107.6178,-0.02260867826086954,4.097672265029241,2014,12,112.31246990455107,115.0,115.489998,115.93
2014-12-09,110.190002,114.300003,109.349998,114.120003,104.137001,60208000,115.8169998,107.89800004,0.015302499727713581,3.8603951798043545,2014,12,112.42908494296712,112.400002,115.0,115.489998
2014-12-10,114.410004,114.849998,111.540001,111.949997,102.15683,44565300,115.25199969999998,108.12199998,-0.01901512393055227,3.6916928169214733,2014,12,112.39817604342085,114.120003,112.400002,115.0
2014-12-11,112.260002,113.800003,111.339996,111.620003,101.855705,41401700,114.51399999999998,108.37080003999999,-0.0029476910124437428,3.5461420928158645,2014,12,112.34797133094209,111.949997,114.120003,112.400002
2014-12-12,110.459999,111.870003,109.580002,109.730003,100.131035,56028100,113.59400030000002,108.56740006,-0.016932448926739396,3.415063939662134,2014,12,112.17907014830065,111.620003,111.949997,114.120003
2014-12-15,110.699997,111.599998,106.349998,108.230003,98.76226,67218100,112.91000060000002,108.73960005999999,-0.01366991669543649,3.4031971604981073,2014,12,111.92429162260383,109.730003,111.620003,111.949997
2014-12-16,106.370003,110.160004,106.260002,106.75,97.411713,60790700,112.12200090000002,108.8822,-0.013674609248601755,3.537500777151676,2014,12,111.59046635662939,108.230003,109.730003,111.620003
2014-12-17,107.120003,109.839996,106.82,109.410004,99.839035,53411800,111.47000129999999,109.09540008,0.02491807025761128,3.504661244912342,2014,12,111.44979136587912,106.75,108.230003,109.730003
2014-12-18,111.870003,112.650002,110.660004,112.650002,102.795593,59006200,111.18600169999999,109.33240005999998,0.02961336149846039,3.4114452348285216,2014,12,111.52722431001595,109.410004,106.75,108.230003
2014-12-19,112.260002,113.239998,111.660004,111.779999,102.001709,88429800,110.86400159999998,109.5476001,-0.007723062446106321,3.3136572877656807,2014,12,111.54353235453107,112.650002,109.410004,106.75
2014-12-22,112.160004,113.489998,111.970001,112.940002,103.060234,45167500,110.9180016,109.79180008000002,0.010377554217011697,3.210723728361874,2014,12,111.63362717036777,111.779999,112.650002,109.410004
2014-12-23,113.230003,113.330002,112.459999,112.540001,102.695244,26028400,110.7600014,110.04640013999999,-0.003541712350952575,3.093215816697955,2014,12,111.6921029013118,112.940002,111.779999,112.650002
2014-12-24,112.580002,112.709999,112.010002,112.010002,102.211563,14479600,110.76600189999999,110.31160017999999,-0.00470942771717231,3.0195780552086595,2014,12,111.712612520582,112.540001,112.940002,111.779999
2014-12-26,112.099998,114.519997,112.010002,113.989998,104.018387,33721000,111.00300139999999,110.64060012,0.017676957098884838,2.9835463854092534,2014,12,111.85954061602833,112.010002,112.540001,112.940002
2014-12-29,113.790001,114.769997,113.699997,113.910004,103.945374,27598900,111.42100150000002,110.99360016,-0.0007017633248840305,2.9777015674910254,2014,12,111.99182857628458,113.989998,112.010002,112.540001
2014-12-30,113.639999,113.919998,112.110001,112.519997,102.676979,29881500,111.85000090000001,111.29060014000001,-0.012202677123951289,2.986703757691968,2014,12,112.02590395845978,113.910004,113.989998,112.010002
2014-12-31,112.82,113.129997,110.209999,110.379997,100.724174,41403400,112.21300060000002,111.50300004,-0.019018841601995407,3.0504659143824697,2014,12,111.91971641275269,112.519997,113.910004,113.989998
2015-01-02,111.389999,111.440002,107.349998,109.330002,99.766006,53204600,112.20500040000002,111.64020005999998,-0.009512547821504347,3.130528955580675,2015,1,111.75263806354283,110.379997,112.519997,113.910004
2015-01-05,108.290001,108.650002,105.410004,106.25,96.955429,64285500,111.56500019999999,111.7054001,-0.02817160837516486,3.385922092182088,2015,1,111.39762915621749,109.330002,110.379997,112.519997
2015-01-06,106.540001,107.43,104.629997,106.260002,96.964584,65797100,111.0130005,111.73400009999999,9.413647058820196e-05,3.5588947666866786,2015,1,111.06616933968733,106.25,109.330002,110.379997
2015-01-07,107.199997,108.199997,106.699997,107.75,98.324242,40105900,110.4940003,111.78460008,0.014022190588703465,3.608843731816582,2015,1,110.85222293067525,106.260002,106.25,109.330002
2015-01-08,109.230003,112.150002,108.699997,111.889999,102.102089,59364500,110.42900010000001,111.92020004,0.03842226450116004,3.4229379879313266,2015,1,110.9191762254704,107.75,106.260002,106.25
2015-01-09,112.669998,113.25,110.209999,112.010002,102.211563,53699500,110.42900010000001,112.02560012,0.0010725087235008424,3.275437212371633,2015,1,110.98955208189166,111.889999,107.75,106.260002
2015-01-12,112.599998,112.629997,108.800003,109.25,99.693008,49650800,109.95500030000001,112.0638002,-0.024640674499764814,3.048037469696168,2015,1,110.877322915318,112.010002,111.889999,107.75
2015-01-13,111.43,112.800003,108.910004,110.220001,100.578171,67091900,109.58600000000001,112.12860016,0.008878727688787169,2.747878328846322,2015,1,110.8349150498136,109.25,112.010002,111.889999
2015-01-14,109.040001,110.489998,108.5,109.800003,100.194923,48956600,109.31400060000001,112.16460022,-0.003810542516688886,2.681664461920516,2015,1,110.7681465304708,110.220001,109.25,112.010002
2015-01-15,110.0,110.059998,106.660004,106.82,97.475563,60014000,108.9580009,112.11300018000001,-0.02714028158997417,2.7316957793595584,2015,1,110.51342739947268,109.800003,110.220001,109.25
2015-01-16,107.029999,107.580002,105.199997,105.989998,96.718193,78513300,108.62400050000001,112.06080018,-0.007770099232353389,2.7281804477400398,2015,1,110.22159324466799,106.82,109.800003,110.220001
2015-01-20,107.839996,108.970001,106.5,108.720001,99.209412,49899900,108.8710006,112.05800018,0.025757175691238254,2.601013093026944,2015,1,110.12471632565715,105.989998,106.82,109.800003
2015-01-21,108.949997,111.059998,108.269997,109.550003,99.966774,48575900,109.2000007,112.07500030000001,0.007634308244717669,2.4656152044462822,2015,1,110.0876380465825,108.720001,105.989998,106.82
2015-01-22,110.260002,112.470001,109.720001,112.400002,102.567482,53796400,109.6650009,112.1428003,0.02601550818761722,2.4656152044462822,2015,1,110.23682281777073,109.550003,108.720001,105.989998
2015-01-23,112.300003,113.75,111.529999,112.980003,103.096718,46464800,109.77400130000001,112.22580032000002,0.005160151153734027,2.4138943141987066,2015,1,110.41380218436615,112.400002,109.550003,108.720001
2015-01-26,113.739998,114.360001,112.800003,113.099998,103.206223,55615000,109.8830009,112.29380034,0.0010620906073086633,2.4495235296350035,2015,1,110.5871051402135,112.980003,112.400002,109.550003
2015-01-27,112.419998,112.480003,109.029999,109.139999,99.592651,95568700,109.8720008,112.25160032,-0.03501325437689218,2.447358034717769,2015,1,110.49374345374811,113.099998,112.980003,112.400002
2015-01-28,117.629997,118.120003,115.309998,115.309998,105.222908,146477100,110.3810005,112.30140028,0.05653288488668573,2.6109515695629684,2015,1,110.8044695535063,109.139999,113.099998,112.980003
2015-01-29,116.32,119.190002,115.559998,118.900002,108.498863,84436400,111.29100039999999,112.39580031999999,0.031133501537308206,2.9948452178614824,2015,1,111.32676196940912,115.309998,109.139999,113.099998
2015-01-30,118.400002,120.0,116.849998,117.160004,106.911079,83745500,112.3250008,112.45920044,-0.014634129274446961,3.1081483747303187,2015,1,111.70310016493112,118.900002,115.309998,109.139999
2015-02-02,118.050003,119.169998,116.080002,118.629997,108.25248,62739100,113.5890007,112.52240036,0.01254688417388583,3.3731362807191925,2015,2,112.14999673493556,117.160004,118.900002,115.309998
2015-02-03,118.5,119.089996,117.610001,118.650002,108.270729,51915700,114.58200080000002,112.60200044,0.00016863357081597918,3.614584538919186,2015,2,112.56935191332683,118.629997,117.160004,118.900002
2015-02-04,118.5,120.510002,118.309998,119.559998,109.101135,70149700,115.58300030000001,112.66700044,0.007669582677293008,3.8910696805123877,2015,2,113.02036133827349,118.650002,118.629997,117.160004
2015-02-05,120.019997,120.230003,119.25,119.940002,109.879822,42246200,116.3370003,112.73640046,0.003178354017704166,4.15456110867671,2015,2,113.4667897680623,119.559998,118.650002,118.629997
2015-02-06,120.019997,120.25,118.449997,118.93,108.954536,43706600,116.93200000000002,112.74240052,-0.008420893639805027,4.334346490345757,2015,2,113.81925494431636,119.940002,119.559998,118.650002
2015-02-09,118.550003,119.839996,118.43,119.720001,109.678268,38889800,117.59400029999999,112.78480058,0.006642571260405239,4.535656303220851,2015,2,114.19994823823143,118.93,119.940002,119.559998
2015-02-10,120.169998,122.150002,120.160004,122.019997,111.785355,62008500,118.88200009999998,112.84520051999999,0.01921145991303508,4.844764650158953,2015,2,114.70446751318424,119.720001,118.93,119.940002
2015-02-11,122.769997,124.919998,122.5,124.879997,114.405487,73561800,119.83899999999998,112.96420046000001,0.023438781104051287,5.3145980612916155,2015,2,115.36095328652719,122.019997,119.720001,118.93
2015-02-12,126.059998,127.480003,125.57,126.459999,115.852966,74474500,120.59499970000002,113.19200043999999,0.012652162379536147,5.831179293571206,2015,2,116.07702075191253,124.879997,122.019997,119.720001
2015-02-13,127.279999,127.279999,125.650002,127.080002,116.420959,54272200,121.5869995,113.44100054,0.004902759804703116,6.2798782656206225,2015,2,116.78689050985365,126.459999,124.879997,122.019997
2015-02-17,127.489998,128.880005,126.919998,127.830002,117.108047,63152400,122.50699999999999,113.67900058000001,0.0059017940525369905,6.672100909283184,2015,2,117.49934931566953,127.080002,126.459999,124.879997
2015-02-18,127.629997,128.779999,127.449997,128.720001,117.923401,44891700,123.5139999,113.94360064,0.006962363968358476,6.923302141963855,2015,2,118.22326232756181,127.830002,127.080002,126.459999
2015-02-19,128.479996,129.029999,128.330002,128.449997,117.676033,37362400,124.4029998,114.21260058,-0.0020976071931509965,7.06871305387024,2015,2,118.8830516612675,128.720001,127.830002,127.080002
2015-02-20,128.619995,129.5,128.050003,129.5,118.63797,48948400,125.35899959999999,114.55460054,0.008174410467288729,7.264120995547569,2015,2,119.568016070218,128.449997,128.720001,127.830002
2015-02-23,130.020004,133.0,129.660004,133.0,121.844398,70974100,126.76599959999999,114.93220047999999,0.027027027027026973,7.746432241088185,2015,2,120.43459567859102,129.5,128.449997,128.720001
2015-02-24,132.940002,133.600006,131.169998,132.169998,121.084,69228100,128.0109993,115.3366005,-0.006240616541353439,8.091431655129528,2015,2,121.19171840900451,133.0,129.5,128.449997
2015-02-25,131.559998,131.600006,128.149994,128.789993,117.987526,74711700,128.6879989,115.68000030000002,-0.02557316373720442,8.107930229986138,2015,2,121.6819296729397,132.169998,133.0,129.5
2015-02-26,128.789993,130.869995,126.610001,130.419998,119.480812,91287500,129.24199900000002,116.09380019999999,0.01265630164293885,8.179435578943865,2015,2,122.24567601662102,128.789993,132.169998,133.0
2015-02-27,130.0,130.570007,128.240005,128.460007,117.685204,62014800,129.4419998,116.49840028,-0.015028301104559105,8.100255014358124,2015,2,122.64660059619385,130.419998,128.789993,132.169998
2015-03-02,129.25,130.279999,128.300003,129.089996,118.262352,48096700,129.64299920000002,116.9452002,0.004904164453299664,7.824535480779594,2015,3,123.06230352547166,128.460007,130.419998,128.789993
2015-03-03,128.960007,129.520004,128.089996,129.360001,118.509705,37816300,129.79599910000002,117.34420014,0.002091602822576588,7.412046666710574,2015,3,123.46860658834446,129.089996,128.460007,130.419998
2015-03-04,129.100006,129.559998,128.320007,128.539993,117.758484,31666300,129.77799829999998,117.66199996000002,-0.006338960989958564,7.066092936424346,2015,3,123.79579280845127,129.360001,129.089996,128.460007
2015-03-05,128.580002,128.75,125.760002,126.410004,115.807144,56517100,129.57399900000001,117.95460005999999,-0.016570632612373126,6.648481939889471,2015,3,123.9644515950028,128.539993,129.360001,129.089996
2015-03-06,128.399994,129.369995,126.260002,126.599998,115.981216,72842100,129.2839988,118.22779998,0.0015029981329641728,6.352964081975837,2015,3,124.1344868469381,126.410004,128.539993,129.360001
2015-03-09,127.959999,129.570007,125.059998,127.139999,116.475922,88528500,128.6979987,118.51979994000001,0.004265410809880077,6.050958827831809,2015,3,124.32839085681307,126.599998,126.410004,128.539993
2015-03-10,126.410004,127.220001,123.800003,124.510002,114.066513,68856600,127.93199909999998,118.76979994,-0.0206858346758364,5.68090328929295,2015,3,124.34010770476061,127.139999,126.599998,126.410004
2015-03-11,124.75,124.769997,122.110001,122.239998,111.986923,68939000,127.2769996,118.93479994,-0.018231499185101585,4.909672814407198,2015,3,124.20461675606639,124.510002,127.139999,126.599998
2015-03-12,122.309998,124.900002,121.629997,124.449997,114.011536,48362700,126.67999950000001,119.1455998,0.018079180596845212,4.562197472014494,2015,3,124.22044773954596,122.239998,124.510002,127.139999
2015-03-13,124.400002,125.400002,122.580002,123.589996,113.223663,51827300,126.19299840000001,119.36699977999999,-0.006910413987394448,4.414948260169911,2015,3,124.1797734337688,124.449997,122.239998,124.510002
2015-03-16,123.879997,124.949997,122.870003,124.949997,114.469604,35874300,125.77899849999999,119.65839978,0.011004134994874404,4.1330779047169255,2015,3,124.22946527675145,123.589996,124.449997,122.239998
2015-03-17,125.900002,127.32,125.650002,127.040001,116.3843,51023100,125.5469985,120.01259976,0.016726723090677575,3.9187917442942357,2015,3,124.41079016212234,124.949997,123.589996,124.449997
2015-03-18,127.0,129.160004,126.370003,128.470001,117.694351,65270900,125.5399993,120.45699978,0.011256297140614713,3.6915419196554637,2015,3,124.67267473230798,127.040001,124.949997,123.589996
2015-03-19,128.75,129.25,127.400002,127.5,116.805733,45809500,125.6489989,120.88179974,-0.007550408596945446,3.4713996443414925,2015,3,124.85508281409457,128.470001,127.040001,124.949997
2015-03-20,128.25,128.399994,125.160004,125.900002,115.339943,68695100,125.5789993,121.24479978,-0.012549003921568658,3.243612231153783,2015,3,124.92249695512074,127.5,128.470001,127.040001
2015-03-23,127.120003,127.849998,126.519997,127.209999,116.540031,37709700,125.5859993,121.55119978,0.010405059405797168,2.88896880054977,2015,3,125.07007773220973,125.900002,127.5,128.470001
2015-03-24,127.230003,128.039993,126.559998,126.690002,116.06366,32842300,125.80399930000002,121.84479977999999,-0.004087705401208175,2.541273835434682,2015,3,125.17458897529296,127.209999,125.900002,127.5
2015-03-25,126.540001,126.82,123.379997,123.379997,113.031303,51655200,125.91799920000001,122.12739972,-0.026126805175991752,2.455459568511748,2015,3,125.0588088478547,126.690002,127.209999,125.900002
2015-03-26,122.760002,124.879997,122.599998,124.239998,113.819153,47572900,125.89699929999999,122.40779965999998,0.006970343823237357,2.479818258157712,2015,3,125.0059823415415,123.379997,126.690002,127.209999
2015-03-27,124.57,124.699997,122.910004,123.25,112.912201,39546200,125.8629997,122.6767996,-0.007968432195242015,2.5832053270633177,2015,3,124.89269315821625,124.239998,123.379997,126.690002
2015-03-30,124.050003,126.400002,124.0,126.370003,115.770508,47099700,126.0050003,123.06779965999998,0.025314425963488763,2.587269592468741,2015,3,124.98800347058939,123.25,124.239998,123.379997
2015-03-31,126.089996,126.489998,124.360001,124.43,113.993217,42090600,125.7440002,123.4365997,-0.015351768251520848,2.6302188185834376,2015,3,124.9520032466804,126.370003,123.25,124.239998
2015-04-01,124.82,125.120003,123.099998,124.25,113.828323,40621400,125.32200010000001,123.74719968,-0.001446596479948603,2.657590299106756,2015,4,124.9067127146365,124.43,126.370003,123.25
2015-04-02,125.029999,125.559998,124.190002,125.32,114.808571,32220100,125.10400010000001,124.06259961999999,0.008611670020120643,2.6552676444914667,2015,4,124.9333764104664,124.25,124.43,126.370003
2015-04-06,124.470001,127.510002,124.330002,127.349998,116.668289,37194000,125.24899969999998,124.36159954,0.016198515799553226,2.6077915054120884,2015,4,125.08928748075887,125.32,124.25,124.43
2015-04-07,127.639999,128.119995,125.980003,126.010002,115.440712,35012300,125.12899999999999,124.62219952,-0.010522151716091943,2.3225287752146033,2015,4,125.14868841748411,127.349998,125.32,124.25
2015-04-08,125.849998,126.400002,124.970001,125.599998,115.065086,37329200,125.0199996,124.87219952,-0.0032537417148839065,2.0617308175690128,2015,4,125.1778051647432,126.010002,127.349998,125.32
2015-04-09,125.849998,126.580002,124.660004,126.559998,115.944565,32484000,125.3379997,125.22059949999999,0.0076433122236194695,2.006532209249621,2015,4,125.26697889605009,125.599998,126.010002,127.349998
2015-04-10,125.949997,127.209999,125.260002,127.099998,116.439262,40188000,125.62399969999998,125.4563995,0.004266751015593373,1.8499289547333544,2015,4,125.38523819307912,126.559998,125.599998,126.010002
2015-04-13,128.369995,128.570007,126.610001,126.849998,116.210243,36365100,125.98399950000001,125.61539941999999,-0.001966955184373842,1.8008147049549297,2015,4,125.4797388257837,127.099998,126.559998,125.599998
2015-04-14,127.0,127.290001,125.910004,126.300003,115.706367,25524600,125.97699949999999,125.79819939999999,-0.004335790371868931,1.7059927599920455,2015,4,125.53265909508798,126.849998,127.099998,126.559998
2015-04-15,126.410004,127.129997,126.010002,126.779999,116.146111,28970400,126.2119994,125.96119944,0.0038004432984850567,1.5875350199834914,2015,4,125.61313263734037,126.300003,126.849998,127.099998
2015-04-16,126.279999,127.099998,126.110001,126.169998,115.58728,28369000,126.4039992,126.11159936,-0.004811492386902372,1.5050787592540567,2015,4,125.64905943493132,126.779999,126.300003,126.849998
2015-04-17,125.550003,126.139999,124.459999,124.75,114.286377,51957000,126.3469992,126.21539940000001,-0.011254640742722422,1.5106843183226715,2015,4,125.59105560041962,126.169998,126.779999,126.300003
2015-04-20,125.57,128.119995,125.169998,127.599998,116.897331,47054300,126.3719992,126.36859932000002,0.022845675350701367,1.5419368702786969,2015,4,125.72066478748931,124.75,126.169998,126.779999
2015-04-21,128.100006,128.199997,126.669998,126.910004,116.265213,32435100,126.46199940000001,126.52819939999999,-0.005407476573784931,1.5352590714001233,2015,4,125.79739634958679,127.599998,124.75,126.169998
2015-04-22,126.989998,128.869995,126.32,128.619995,117.831787,37654500,126.7639991,126.70619928,0.013474044173853894,1.6048399154510036,2015,4,125.97949948832313,126.910004,127.599998,124.75
2015-04-23,128.300003,130.419998,128.139999,129.669998,118.793732,45770900,127.07499909999999,126.8591993,0.00816360628843138,1.5998029367779898,2015,4,126.21759616649582,128.619995,126.910004,127.599998
2015-04-24,130.490005,130.630005,129.229996,130.279999,119.352554,44525900,127.3929992,126.96719934000001,0.004704257032532855,1.7391848303933366,2015,4,126.47968667188319,129.669998,128.619995,126.910004
2015-04-27,132.309998,133.130005,131.149994,132.649994,121.523735,96954200,127.9729988,127.09099924,0.01819154911108023,2.0161057253041177,2015,4,126.87777101563267,130.279999,129.669998,128.619995
2015-04-28,134.460007,134.539993,129.570007,130.559998,119.609047,118924000,128.39899830000002,127.16059915999999,-0.015755718767691662,2.1148978774169334,2015,4,127.11533404688218,132.649994,130.279999,129.669998
2015-04-29,130.160004,131.589996,128.300003,128.639999,117.850105,63386100,128.5849983,127.17679909999998,-0.014705874918901407,2.141333207922298,2015,4,127.21369952772848,130.559998,132.649994,130.279999
2015-04-30,128.639999,128.639999,124.580002,125.150002,114.65284,83195400,128.4829987,127.10539912,-0.02712995201438073,2.140352706344894,2015,4,127.080557751746,128.639999,130.559998,132.649994
2015-05-01,126.099998,130.130005,125.300003,128.949997,118.134094,58512600,128.9029984,127.11539912,0.030363523286240035,2.174295133192528,2015,5,127.20116673550432,125.150002,128.639999,130.559998
2015-05-04,129.5,130.570007,128.259995,128.699997,117.90506,50988300,129.0129983,127.09939906000001,-0.0019387359892687472,2.1950080595812933,2015,5,127.29786546224598,128.949997,125.150002,128.639999
2015-05-05,128.149994,128.449997,125.779999,125.800003,115.248314,49271400,128.9019982,126.95539911999998,-0.022532976438220054,2.202736018174967,2015,5,127.20122917435914,128.699997,128.949997,125.150002
2015-05-06,126.559998,126.75,123.360001,125.010002,114.524582,72141000,128.5409989,126.8121992,-0.006279817020354184,2.2276584552115897,2015,5,127.0598596792392,125.800003,128.699997,128.949997
2015-05-07,124.769997,126.080002,124.019997,125.260002,115.232941,43940900,128.0999993,126.74159937999998,0.001999839980804108,2.154088063845084,2015,5,126.94373982896569,125.010002,125.800003,128.699997
2015-05-08,126.68,127.620003,126.110001,127.620003,117.404037,55550400,127.8339997,126.68559948000001,0.018840818795452297,2.1012814126163715,2015,5,126.9873697109679,125.260002,125.010002,125.800003
2015-05-11,127.389999,127.559998,125.629997,126.32,116.208099,42035800,127.2010003,126.64279934,-0.010186514413418446,1.986478573276705,2015,5,126.94431360058287,127.620003,125.260002,125.010002
2015-05-12,125.599998,126.879997,124.82,125.870003,115.794113,48160000,126.7320008,126.57839948,-0.003562357504749758,1.9944850377392216,2015,5,126.87500323925495,126.32,127.620003,125.260002
2015-05-13,126.150002,127.190002,125.870003,126.010002,115.922905,34694200,126.46900109999999,126.51139950000001,0.0011122507083756172,1.9435070525308253,2015,5,126.81919670769011,125.870003,126.32,127.620003
2015-05-14,127.410004,128.949997,127.160004,128.949997,118.627556,45203500,126.8490006,126.51959957999999,0.023331441578740675,1.8956353112627298,2015,5,126.95666769429074,126.010002,125.870003,126.32
2015-05-15,129.070007,129.490005,128.210007,128.770004,118.461967,38208000,126.83100129999998,126.56679958000001,-0.0013958356276657646,1.8793847901432243,2015,5,127.07365713336876,128.949997,126.010002,125.870003
2015-05-18,128.380005,130.720001,128.360001,130.190002,119.76828,50882900,126.9800018,126.63859966,0.011027397343250867,1.949081078170887,2015,5,127.27471164089334,128.770004,128.949997,126.010002
2015-05-19,130.690002,130.880005,129.639999,130.070007,119.657898,44633200,127.4070022,126.69719981999998,-0.0009216913599862098,1.9858932154094922,2015,5,127.45505327696475,130.190002,128.770004,128.949997
2015-05-20,130.0,130.979996,129.339996,130.059998,119.648712,36454900,127.91200179999998,126.80819974,-7.695086846570831e-05,1.9986559286721322,2015,5,127.62311422683798,130.070007,130.190002,128.770004
2015-05-21,130.070007,131.630005,129.830002,131.389999,120.872238,39730400,128.52500149999997,126.99119976,0.010226057361618413,2.0927317440103215,2015,5,127.86613905091295,130.059998,130.070007,130.190002
2015-05-22,131.600006,132.970001,131.399994,132.539993,121.930191,45596000,129.0170005,127.15299968,0.008752523089676112,2.2507419397564,2015,5,128.16767801537017,131.389999,130.059998,130.070007
2015-05-26,132.600006,132.910004,129.119995,129.619995,119.243912,70697600,129.347,127.27359966,-0.0220310710292555,2.2552992801781597,2015,5,128.2613758853463,132.539993,131.389999,130.059998
2015-05-27,130.339996,132.259995,130.050003,132.039993,121.470222,45833200,129.963999,127.41539958,0.018669943630224894,2.3330052261300422,2015,5,128.5051576346788,129.619995,132.539993,131.389999
2015-05-28,131.860001,131.949997,131.100006,131.779999,121.231003,30733300,130.5409987,127.51019954000002,-0.0019690549362570975,2.3936781044887003,2015,5,128.71643772276403,132.039993,129.619995,132.539993
2015-05-29,131.229996,131.449997,129.899994,130.279999,119.851089,50884500,130.67399890000002,127.54639949999999,-0.01138260746230546,2.3713612645120143,2015,5,128.81731264387605,131.779999,132.039993,129.619995
2015-06-01,130.279999,131.389999,130.050003,130.539993,120.090279,32112800,130.85099780000002,127.60719936,0.001995655526524809,2.2750955009085985,2015,6,128.9284533120131,130.279999,131.779999,132.039993
2015-06-02,129.860001,130.660004,129.320007,129.960007,119.556694,33667600,130.82799830000002,127.68839946,-0.00444297557147888,2.270763349220813,2015,6,128.99500516285096,130.539993,130.279999,131.779999
2015-06-03,130.660004,130.940002,129.899994,130.119995,119.703903,30983500,130.8329971,127.74659937999999,0.0012310556431409658,2.2473012109759565,2015,6,129.06758515234444,129.960007,130.539993,130.279999
2015-06-04,129.580002,130.580002,128.910004,129.360001,119.00473,38450100,130.7629974,127.79999935999999,-0.005840716486347652,2.2465100126826383,2015,6,129.08645069090286,130.119995,129.960007,130.539993
2015-06-05,129.5,129.690002,128.360001,128.649994,118.351563,35626800,130.48899690000002,127.90539930000001,-0.0054886131301129515,2.244865526787772,2015,6,129.05829219471556,129.360001,130.119995,129.960007
2015-06-08,128.899994,129.210007,126.830002,127.800003,117.569611,52674800,130.0149979,127.97659940000001,-0.006607003806000877,2.2432140914997825,2015,6,128.9771122466694,128.649994,129.360001,130.119995
2015-06-09,126.699997,128.080002,125.620003,127.419998,117.220032,56075400,129.79499819999998,128.05999936,-0.002973434984974155,2.1473579831764336,2015,6,128.8766532630133,127.800003,128.649994,129.360001
2015-06-10,127.919998,129.339996,127.849998,128.880005,118.563141,39087300,129.47899940000002,128.1101994,0.01145822494833193,2.121110071600137,2015,6,128.87686950410924,127.419998,127.800003,128.649994
2015-06-11,129.179993,130.179993,128.479996,128.589996,118.296387,35390900,129.1599991,128.19339932,-0.0022502249282190245,2.121198812638868,2015,6,128.8583615361022,128.880005,127.419998,127.800003
2015-06-12,128.190002,128.330002,127.110001,127.169998,116.990044,36886200,128.848999,128.25179928,-0.01104283415639895,2.0341327916349874,2015,6,128.74943485635367,128.589996,128.880005,127.419998
2015-06-15,126.099998,127.239998,125.709999,126.919998,116.760063,43988900,128.4869995,128.28379924,-0.0019658724851123743,2.062220431070959,2015,6,128.63140667207279,127.169998,128.589996,128.880005
2015-06-16,127.029999,127.849998,126.370003,127.599998,117.38562,31494100,128.2509986,128.28879924,0.00535770572577543,2.0723974967438754,2015,6,128.56486417710033,126.919998,127.169998,128.589996
2015-06-17,127.720001,127.879997,126.739998,127.300003,117.109634,32918100,127.96899939999999,128.31459926,-0.002351058030580777,2.0177327704099257,2015,6,128.48326023019064,127.599998,126.919998,127.169998
2015-06-18,127.230003,128.309998,127.220001,127.879997,117.643196,35407200,127.82099899999999,128.36019924000001,0.004556119295613836,1.8995401192218002,2015,6,128.44434002179125,127.300003,127.599998,126.919998
2015-06-19,127.709999,127.82,126.400002,126.599998,116.465683,54716900,127.6159994,128.36099924,-0.010009376212293808,1.8270207435118557,2015,6,128.32535021393375,127.879997,127.300003,127.599998
2015-06-22,127.489998,128.059998,127.080002,127.610001,117.394821,34039300,127.5969992,128.3711993,0.007977906919082178,1.8272588676249968,2015,6,128.27919865174448,126.599998,127.879997,127.300003
2015-06-23,127.480003,127.610001,126.879997,127.029999,116.861244,30268900,127.5579993,128.37479932,-0.004545113983660198,1.7973609228191665,2015,6,128.19860512582548,127.610001,126.599998,127.879997
2015-06-24,127.209999,129.800003,127.120003,128.110001,117.85482,55280900,127.48099889999999,128.41099928,0.00850194448950603,1.7116300923499321,2015,6,128.19288873061095,127.029999,127.610001,126.599998
2015-06-25,128.860001,129.199997,127.5,127.5,117.29364,31938100,127.3719993,128.42539929999998,-0.004761540826153099,1.6428744191667481,2015,6,128.14818623186184,128.110001,127.029999,127.610001
2015-06-26,127.669998,127.989998,126.510002,126.75,116.603653,44066800,127.32999949999999,128.43699934,-0.00588235294117645,1.6945936694475519,2015,6,128.0579806685159,127.5,128.110001,127.029999
2015-06-29,125.459999,126.470001,124.480003,124.529999,114.561371,49161400,127.0909996,128.43259932,-0.01751480078895462,1.8771861887097638,2015,6,127.8303689479665,126.75,127.5,128.110001
2015-06-30,125.57,126.120003,124.860001,125.43,115.389328,44370700,126.8739998,128.38919936,0.007227182263126908,1.9560037459010817,2015,6,127.67550643519448,124.529999,126.75,127.5
2015-07-01,126.900002,126.940002,125.989998,126.599998,116.465683,30238800,126.80399930000002,128.38299924,0.009327896037630401,1.9717332149221878,2015,7,127.60611879421418,125.43,124.529999,126.75
2015-07-02,126.43,126.690002,125.769997,126.440002,116.318474,27211000,126.65999980000001,128.33939938,-0.0012637914891593383,1.9859264562612597,2015,7,127.53088545265199,126.599998,125.43,124.529999
2015-07-06,124.940002,126.230003,124.849998,126.0,115.913704,28060400,126.6,128.26599941999999,-0.0034799271831711387,1.9509750770721637,2015,7,127.43211864925509,126.440002,126.599998,125.43
2015-07-07,125.889999,126.150002,123.769997,125.690002,115.628525,46946800,126.40800010000001,128.17419948,-0.0024603015873014833,1.8266491156488782,2015,7,127.31972402672251,126.0,126.440002,126.599998
2015-07-08,124.480003,124.639999,122.540001,122.57,112.758286,60761600,125.9620002,127.9725996,-0.024822992683220857,2.0515807033017706,2015,7,127.01329021854686,125.690002,126.0,126.440002
2015-07-09,123.849998,124.059998,119.220001,120.07,110.458405,78595000,125.15800010000001,127.76279964000001,-0.02039650811781024,2.3369707409031095,2015,7,126.56533601089866,122.57,125.690002,126.0
2015-07-10,121.940002,123.849998,121.209999,123.279999,113.41143,61354500,124.73600000000002,127.65559964,0.02673439660198218,2.2991643384785823,2015,7,126.35337878438908,120.07,122.57,125.690002
2015-07-13,125.029999,125.760002,124.32,125.660004,115.600922,41440500,124.6270004,127.66579968,0.01930568639929975,2.231820770236459,2015,7,126.30864492733173,123.279999,120.07,122.57
2015-07-14,126.040001,126.370003,125.040001,125.610001,115.554909,31768100,124.73500059999999,127.59899976000001,-0.000397922954069041,2.136726990494038,2015,7,126.26357112556839,125.660004,123.279999,120.07
2015-07-15,125.720001,127.150002,125.580002,126.82,116.66806,33649200,124.8740006,127.56139981999999,0.009632982966061743,2.050285469211617,2015,7,126.29946976262849,125.610001,125.660004,123.279999
2015-07-16,127.739998,128.570007,127.349998,128.509995,118.222786,36222400,125.0650003,127.61559966,0.013325934395205907,1.9765116404414533,2015,7,126.4420842940718,126.82,125.610001,125.660004
2015-07-17,129.080002,129.619995,128.309998,129.619995,119.243912,46164700,125.38299959999999,127.70779952000001,0.00863746045589675,1.9895006684971561,2015,7,126.64711079122846,128.509995,126.82,125.610001
2015-07-20,130.970001,132.970001,130.699997,132.070007,121.497826,58900200,125.99000029999999,127.84399962000002,0.018901497411722756,2.1969255610097407,2015,7,126.9969750627621,129.619995,128.509995,126.82
2015-07-21,132.850006,132.919998,130.320007,130.75,120.283463,76756400,126.49600009999999,127.90659956000002,-0.009994752252871497,2.309365642782849,2015,7,127.23910570387423,132.070007,129.619995,128.509995
2015-07-22,121.989998,125.5,121.989998,125.220001,115.196144,115450600,126.76100019999998,127.88459958,-0.04229444741873811,2.324982159129981,2015,7,127.10884088426943,130.75,132.070007,129.619995
2015-07-23,126.199997,127.089996,125.059998,125.160004,115.14093,50999500,127.2700006,127.8703996,-0.0004791327225751596,2.3071663779935174,2015,7,126.98310947238107,125.220001,130.75,132.070007
2015-07-24,125.32,125.739998,123.900002,124.5,114.533791,42162300,127.3920007,127.84019956,-0.005273282030256232,2.3085822126116597,2015,7,126.82290886125972,125.160004,125.220001,130.75
2015-07-27,123.089996,123.610001,122.120003,122.769997,112.942253,44455500,127.10300000000002,127.71659955999999,-0.013895606425702756,2.402410388529806,2015,7,126.56143067666233,124.5,125.160004,125.220001
2015-07-28,123.379997,123.910004,122.550003,123.379997,113.503433,33618100,126.87999960000002,127.60879942,0.004968640668778335,2.459868192482562,2015,7,126.35617689107121,122.769997,124.5,125.160004
2015-07-29,123.150002,123.5,122.269997,122.989998,113.144638,37011700,126.49699939999998,127.46479933999998,-0.00316095809274497,2.5150518060926763,2015,7,126.13900405938921,123.379997,122.769997,124.5
2015-07-30,122.32,122.57,121.709999,122.370003,112.574303,33628300,125.8830002,127.31079925999998,-0.005041019677063496,2.5925691012321064,2015,7,125.89584270071893,122.989998,123.379997,122.769997
2015-07-31,122.599998,122.639999,120.910004,121.300003,111.589928,42885000,125.051001,127.13559936,-0.008743972981679171,2.6970322192291474,2015,7,125.59933691357578,122.370003,122.989998,123.379997
2015-08-03,121.5,122.57,117.519997,118.440002,108.958878,69976000,123.6880005,126.87659942,-0.023577913679029283,2.9976480428958676,2015,8,125.13744433850637,121.300003,122.370003,122.989998
2015-08-04,117.419998,117.699997,113.25,114.639999,105.463081,124138600,122.0770004,126.51859954000001,-0.032083780275518725,3.5552366376545677,2015,8,124.46018980053822,118.440002,121.300003,122.370003
2015-08-05,112.949997,117.440002,112.099998,115.400002,106.162231,99312600,121.09500050000001,126.23419968,0.0066294749357072025,3.9389072305314707,2015,8,123.8756615553422,114.639999,118.440002,121.300003
2015-08-06,115.970001,116.5,114.120003,115.129997,106.393257,52903000,120.09199980000001,125.89599976,-0.0023397313286007693,4.2419713853617536,2015,8,123.3114251324169,115.400002,114.639999,118.440002
2015-08-07,114.580002,116.25,114.5,115.519997,106.753654,38670400,119.19399949999999,125.57079972,0.003387475116498173,4.475468854819386,2015,8,122.80875234968033,115.129997,115.400002,114.639999
2015-08-10,116.529999,119.989998,116.529999,119.720001,110.634941,54951600,118.8889999,125.35959976,0.03635737629044433,4.498259405162919,2015,8,122.6094780690558,115.519997,115.129997,115.400002
2015-08-11,117.809998,118.18,113.330002,113.489998,104.877724,97082800,117.9,125.01859986,-0.05203811349784404,4.8521170504235105,2015,8,122.02112451621349,119.720001,115.519997,115.129997
2015-08-12,112.529999,115.419998,109.629997,115.239998,106.494896,101217500,117.125,124.72419968,0.015419861052424988,5.041545505098253,2015,8,121.5836324829094,113.489998,119.720001,115.519997
2015-08-13,116.040001,116.400002,114.540001,115.150002,106.411743,48535800,116.40299990000001,124.42479982,-0.0007809441301794839,5.178015381309721,2015,8,121.16855954852815,115.239998,113.489998,119.720001
2015-08-14,114.32,116.309998,114.010002,115.959999,107.160263,42929500,115.8689995,124.15679978,0.007034276907784909,5.252550862847909,2015,8,120.83252338410698,115.150002,115.239998,113.489998
2015-08-17,116.040001,117.650002,115.5,117.160004,108.269211,40884700,115.7409997,123.92699998,0.01034843920617834,5.274191608338825,2015,8,120.59558664964847,115.959999,115.150002,115.239998
2015-08-18,116.43,117.440002,116.010002,116.5,107.659302,34560700,115.9269998,123.70099992,-0.005633355901899728,5.307622710129359,2015,8,120.33135525289696,117.160004,115.959999,115.150002
2015-08-19,116.099998,116.519997,114.68,115.010002,106.282379,48286500,115.88799979999999,123.45280000000001,-0.012789682403433478,5.433056429187568,2015,8,119.98804213980684,116.5,117.160004,115.959999
2015-08-20,114.080002,114.349998,111.629997,112.650002,104.101456,68501600,115.6400003,123.12819994000002,-0.020519954429702558,5.652974921581023,2015,8,119.51462019530317,115.010002,116.5,117.160004
2015-08-21,110.43,111.900002,105.650002,105.760002,97.734299,128275500,114.66400080000001,122.67160006,-0.06116289283332632,6.27962900763585,2015,8,118.62722547302555,112.650002,115.010002,116.5
2015-08-24,94.870003,108.800003,92.0,103.120003,95.294647,162206300,113.00400099999999,122.19060016000002,-0.024962168589974132,6.943926697755005,2015,8,117.6267595070239,105.760002,112.650002,115.010002
2015-08-25,111.110001,111.110001,103.5,103.739998,95.867607,103601600,112.029001,121.72700016,0.006012364060928199,7.42934403771234,2015,8,116.73083940979656,103.120003,105.760002,112.650002
2015-08-26,107.089996,109.889999,105.050003,109.690002,101.366074,96774600,111.47400139999999,121.36880024,0.057354965439656125,7.4607493712572435,2015,8,116.27659183497097,103.739998,103.120003,105.760002
2015-08-27,112.230003,113.239998,110.019997,112.919998,104.350983,84616100,111.251001,121.08120014,0.029446585295896055,7.270290462587655,2015,8,116.0600373940051,109.690002,103.739998,103.120003
2015-08-28,112.169998,113.309998,111.540001,113.290001,104.692871,53164400,110.98400120000001,120.78940022,0.0032766826651908776,6.963171384185641,2015,8,115.88132536858542,112.919998,109.690002,103.739998
2015-08-31,112.029999,114.529999,112.0,112.760002,104.20311,56229300,110.54400100000001,120.51260030000002,-0.004678250466252587,6.422395343671575,2015,8,115.67994966738635,113.290001,112.919998,109.690002
2015-09-01,110.150002,111.879997,107.360001,107.720001,99.54557,76845900,109.66600109999999,120.11480030000001,-0.044696709033403614,6.045164388339408,2015,9,115.1664045920711,112.760002,113.290001,112.919998
2015-09-02,110.230003,112.339996,109.129997,112.339996,103.81498,61888800,109.39900050000001,119.82100023999999,0.04288892459256477,5.812590867677975,2015,9,114.98405565064715,107.720001,112.760002,113.290001
2015-09-03,112.489998,112.779999,110.040001,110.370003,101.994484,53233900,109.1710006,119.46620028,-0.01753598958646929,5.584295757218983,2015,9,114.68637483447637,112.339996,107.720001,112.760002
2015-09-04,108.970001,110.449997,108.510002,109.269997,100.977966,49996300,109.52200009999999,119.10160022,-0.00996653048926699,5.376233509140692,2015,9,114.33693110321983,110.370003,112.339996,107.720001
2015-09-08,111.75,112.559998,110.32,112.309998,103.787254,54843600,110.44099959999998,118.81280018,0.02782100378386576,5.15327858215205,2015,9,114.20616122559274,109.269997,110.370003,112.339996
2015-09-09,113.760002,114.019997,109.769997,110.150002,101.791168,85010800,111.082,118.52520023999999,-0.019232446251134183,4.892223677462482,2015,9,113.94447353361902,112.309998,109.269997,110.370003
2015-09-10,110.269997,113.279999,109.900002,112.57,104.027512,62892800,111.3699998,118.26800024,0.021970022297412184,4.566810936443627,2015,9,113.85579782177263,110.150002,112.309998,109.269997
2015-09-11,111.790001,114.209999,111.760002,114.209999,105.543083,49915500,111.49899989999999,118.02020026,0.014568703917562376,4.240755015907575,2015,9,113.87864951069052,112.57,110.150002,112.309998
2015-09-14,116.580002,116.889999,114.860001,115.309998,106.559593,58363400,111.7009996,117.79760018,0.009631372118302783,3.971437285981676,2015,9,113.97099457451694,114.209999,112.57,110.150002
2015-09-15,115.93,116.529999,114.419998,116.279999,107.455994,43341200,112.05299930000001,117.60320016000001,0.008412115313712887,3.8852689081304854,2015,9,114.11996260196746,115.309998,114.209999,112.57
2015-09-16,116.25,116.540001,115.440002,116.410004,107.576134,37173500,112.9219996,117.4176002,0.0011180340653424992,3.9277061057567106,2015,9,114.26770720829214,116.279999,115.309998,114.209999
2015-09-17,115.660004,116.489998,113.720001,113.919998,105.275085,64112600,113.0799998,117.24460016,-0.02138996576273633,3.9036420712891746,2015,9,114.24527435614426,116.410004,116.279999,115.309998
2015-09-18,112.209999,114.300003,111.870003,113.449997,104.840744,74285300,113.38799920000001,117.1122001,-0.004125711097712759,3.880885036784634,2015,9,114.19396613961882,113.919998,116.410004,116.279999
2015-09-21,113.669998,115.370003,113.660004,115.209999,106.467194,50222000,113.98199939999999,116.95080010000001,0.015513460084093156,3.8736143680123765,2015,9,114.2595166467402,113.449997,113.919998,116.410004
2015-09-22,113.379997,114.18,112.519997,113.400002,104.794556,50346200,114.0909998,116.70560006,-0.01571041589888389,3.645055430369059,2015,9,114.20406408888599,115.209999,113.449997,113.919998
2015-09-23,113.629997,114.720001,113.300003,114.32,105.644722,35756700,114.50799959999999,116.47980004000001,0.008112856999773266,3.6558685173580727,2015,9,114.21154382508688,113.400002,115.209999,113.449997
2015-09-24,113.25,115.5,112.370003,115.0,106.273109,50219500,114.7509996,116.24340004000001,0.005948215535339418,3.6500136740387044,2015,9,114.26241196540386,114.32,113.400002,115.209999
2015-09-25,116.440002,116.690002,114.019997,114.709999,106.005119,56151900,114.8009996,115.96740012000001,-0.0025217478260869397,3.639999968972218,2015,9,114.29128854828102,115.0,114.32,113.400002
2015-09-28,113.849998,114.57,112.440002,112.440002,103.907394,52109000,114.51400000000001,115.62380026000001,-0.019789007233798284,3.58145158671452,2015,9,114.17185070645644,114.709999,115.0,114.32
2015-09-29,112.830002,113.510002,107.860001,109.059998,100.78389,73365400,113.7919999,115.16360008,-0.030060511738518203,3.514907390389436,2015,9,113.84205375765279,112.440002,114.709999,115.0
2015-09-30,110.169998,111.540001,108.730003,110.300003,101.929794,66473000,113.1809998,114.75460014000001,0.011369934189802589,3.430337116988228,2015,9,113.61353435393326,109.059998,112.440002,114.709999
2015-10-01,109.07,109.620003,107.309998,109.580002,101.264427,63929100,112.7470002,114.44180016,-0.006527660747207897,3.4049983515081816,2015,10,113.35330646013111,110.300003,109.059998,112.440002
2015-10-02,108.010002,111.010002,107.550003,110.379997,102.003716,58019800,112.44000020000001,114.14620002,0.007300556537679359,3.409344262191998,2015,10,113.16148004334846,109.580002,110.300003,109.059998
2015-10-05,109.879997,111.370003,109.07,110.779999,102.373367,52064700,111.9970002,113.87180000000001,0.003623863117155235,3.227821124002238,2015,10,113.00783610506792,110.379997,109.580002,110.300003
2015-10-06,110.629997,111.739998,109.769997,111.309998,102.863136,48196800,111.7879998,113.64260002,0.00478424810240341,2.7808239649226234,2015,10,112.89829816280547,110.779999,110.379997,109.580002
2015-10-07,111.739998,111.769997,109.410004,110.779999,102.373367,46765600,111.4339997,113.39060006000001,-0.0047614680578826896,2.3071353207905823,2015,10,112.76163370068899,111.309998,110.779999,110.379997
2015-10-08,110.190002,110.190002,108.209999,109.5,101.190491,61979600,110.8839997,113.12080010000001,-0.011554423285380255,2.3149122429885205,2015,10,112.55120571999937,110.779999,111.309998,110.779999
2015-10-09,110.0,112.279999,109.489998,112.120003,103.611687,52766100,110.62500010000001,112.91580010000001,0.023926968036529717,2.3125475547225727,2015,10,112.52338618967683,109.5,110.779999,111.309998
2015-10-12,112.730003,112.75,111.440002,111.599998,103.131142,30467200,110.5409997,112.7218,-0.004637932448146587,2.3083900420991785,2015,10,112.46381275808477,112.120003,109.5,110.779999
2015-10-13,110.82,112.449997,110.68,111.790001,103.306717,33049300,110.81400000000001,112.58879998,0.001702535872805333,2.3078224263902767,2015,10,112.42034103175673,111.599998,112.120003,109.5
2015-10-14,111.290001,111.519997,109.559998,110.209999,101.846626,44462400,110.8049996,112.50019997999999,-0.014133661202847758,2.1817455118781344,2015,10,112.2777383200305,111.790001,111.599998,112.120003
2015-10-15,110.93,112.099998,110.489998,111.860001,103.371414,37673500,111.0329995,112.42939996000001,0.014971436484633394,2.183221837281743,2015,10,112.25078752518982,110.209999,111.790001,111.599998
2015-10-16,111.779999,112.0,110.529999,111.040001,102.613632,39232600,111.09899990000001,112.34760004000002,-0.007330591745658865,2.1663005394179273,2015,10,112.17267226550017,111.860001,110.209999,111.790001
2015-10-19,110.800003,111.75,110.110001,111.730003,103.251282,29759200,111.1940003,112.27180016,0.006213994900810427,2.092604887507514,2015,10,112.14411295804854,111.040001,111.860001,110.209999
2015-10-20,111.339996,114.169998,110.82,113.769997,105.136467,48967800,111.44000020000001,112.15280008000002,0.01825824707084278,2.1075797486013967,2015,10,112.24900870269057,111.730003,111.040001,111.860001
2015-10-21,114.0,115.580002,113.699997,113.760002,105.127235,41795200,111.7380005,112.15820016000002,-8.785268755873155e-05,2.0751501629038094,2015,10,112.34649214122666,113.769997,111.730003,111.040001
2015-10-22,114.330002,115.5,114.099998,115.5,106.735191,41654100,112.33800049999999,112.16340020000001,0.015295340800011603,2.1434626740532283,2015,10,112.54994426114753,113.760002,113.769997,111.730003
2015-10-23,116.699997,119.230003,116.330002,119.080002,110.04351,59366900,113.03400040000001,112.2420002,0.030995688311688196,2.4303017168967664,2015,10,112.97123830881543,115.5,113.760002,113.769997
2015-10-26,118.080002,118.129997,114.919998,115.279999,106.531876,66333800,113.40200050000001,112.22840020000001,-0.03191134477810964,2.429247802292794,2015,10,113.12019061147251,119.080002,115.5,113.760002
2015-10-27,115.400002,116.540001,113.989998,114.550003,105.857277,69884400,113.67800070000001,112.17620018,-0.006332373406769398,2.363911109902265,2015,10,113.21243657202268,115.279999,119.080002,115.5
2015-10-28,116.93,119.300003,116.059998,119.269997,110.219093,85551400,114.5840005,112.23160012,0.04120466064064621,2.5652280148662667,2015,10,113.60324692221477,114.550003,115.279999,119.080002
2015-10-29,118.699997,120.690002,118.269997,120.529999,111.383469,51227300,115.4510003,112.34200006,0.010564282985602746,2.919166157037385,2015,10,114.05013415303964,119.269997,114.550003,115.279999
2015-10-30,120.989998,121.220001,119.449997,119.5,110.431648,49365300,116.2970002,112.47900002,-0.00854558208367695,3.1459887882280086,2015,10,114.40173840123062,120.529999,119.269997,114.550003
2015-11-02,120.800003,121.360001,119.610001,121.18,111.984161,32203300,117.2419999,112.78739997999999,0.014058577405857697,3.4468031689783443,2015,11,114.83904560115123,119.5,120.529999,119.269997
2015-11-03,120.790001,123.489998,120.699997,122.57,113.268661,45519000,118.1220002,113.17639992000001,0.011470539693018589,3.8254800896488175,2015,11,115.33781685268985,121.18,119.5,120.529999
2015-11-04,123.129997,123.82,121.620003,122.0,112.74192,44886100,118.946,113.54159996,-0.004650403850860685,4.109090672746355,2015,11,115.76763512025825,122.57,121.18,119.5
2015-11-05,121.849998,122.690002,120.18,120.919998,112.222191,39552700,119.48799980000001,113.76619988,-0.008852475409836025,4.294770721775637,2015,11,116.10004562862869,122.0,122.57,121.18
2015-11-06,121.110001,121.809998,120.620003,121.059998,112.352112,33042300,119.68599940000001,113.92899987999999,0.0011577902937112139,4.471736278937783,2015,11,116.42004255581394,120.919998,122.0,122.57
2015-11-09,120.959999,121.809998,120.050003,120.57,111.897385,33871400,120.2149995,114.07459985999999,-0.0040475632586743915,4.590599520466859,2015,11,116.68778174576143,121.059998,120.919998,122.0
2015-11-10,116.900002,118.07,116.059998,116.769997,108.370689,59127900,120.4369989,114.15479975999999,-0.03151698598324615,4.4772612929560545,2015,11,116.6930859557123,120.57,121.059998,120.919998
2015-11-11,116.370003,117.419998,115.209999,116.110001,107.758179,45218000,120.12099930000002,114.32259975999999,-0.005652102568778905,4.392870901104416,2015,11,116.6554675714728,116.769997,120.57,121.059998
2015-11-12,116.260002,116.82,115.650002,115.720001,107.396225,32525600,119.6399995,114.39019986000001,-0.003358883788141531,4.264609376344353,2015,11,116.59511488944229,116.110001,116.769997,120.57
2015-11-13,115.199997,115.57,112.269997,112.339996,104.259354,45812400,118.92399909999999,114.42959972,-0.02920847710673624,4.199976804284577,2015,11,116.32059109012341,115.720001,116.110001,116.769997
2015-11-16,111.379997,114.239998,111.0,114.18,105.967026,38106700,118.22399909999999,114.52779978000001,0.016378886109271518,4.114905657244485,2015,11,116.18248843914772,112.339996,115.720001,116.110001
2015-11-17,114.919998,115.050003,113.32,113.690002,105.51226,27616900,117.3359993,114.55539986,-0.004291452093186154,4.0527483417365,2015,11,116.0216828624285,114.18,112.339996,115.720001
2015-11-18,115.760002,117.489998,115.5,117.290001,108.853294,46674700,116.86499940000002,114.69819984,0.031665044741577164,3.957114973821906,2015,11,116.10350983904603,113.690002,114.18,112.339996
2015-11-19,117.639999,119.75,116.760002,118.779999,110.236122,43295800,116.65099949999998,114.82239982000002,0.012703538130245162,3.8033650131543753,2015,11,116.27618655910757,117.290001,113.690002,114.18
2015-11-20,119.199997,119.919998,118.849998,119.300003,110.718719,34287100,116.475,114.92419989999999,0.004377875099998985,3.7661650117644037,2015,11,116.47127149077807,118.779999,117.290001,113.690002
2015-11-23,119.269997,119.730003,117.339996,117.75,109.280228,32482500,116.19300000000001,114.97299994000001,-0.012992480813265428,3.6619111214754034,2015,11,116.55377010427625,119.300003,118.779999,117.290001
2015-11-24,117.330002,119.349998,117.120003,118.879997,110.328941,42803200,116.404,115.0249999,0.009596577494692227,3.5681426958636533,2015,11,116.70384925883907,117.75,119.300003,118.779999
2015-11-25,119.209999,119.230003,117.919998,118.029999,109.54007,21388300,116.5959998,115.0573998,-0.007150050651498541,3.345834327620551,2015,11,116.78940730665592,118.879997,117.75,119.300003
2015-11-27,118.290001,118.410004,117.599998,117.809998,109.335907,13046400,116.80499950000001,115.1351998,-0.0018639413866301524,3.197553340027465,2015,11,116.85525186751683,118.029999,118.879997,117.75
2015-11-30,117.989998,119.410004,117.75,118.300003,109.790665,39180300,117.40100020000003,115.23219992,0.004159281965186112,2.974494651096454,2015,11,116.94846161799963,117.809998,118.029999,118.879997
2015-12-01,118.75,118.809998,116.860001,117.339996,108.899689,34852400,117.71699980000001,115.27479985999999,-0.008115020926922623,2.7656035408517115,2015,12,116.97372190070932,118.300003,117.809998,118.029999
2015-12-02,117.339996,118.110001,116.080002,116.279999,107.915955,33386600,117.97599949999999,115.3323998,-0.009033552378849508,2.6783352796262814,2015,12,116.92896558453454,117.339996,118.300003,117.809998
2015-12-03,116.550003,116.790001,114.220001,115.199997,106.913643,41569500,117.76699909999999,115.34999973999999,-0.009287942976332508,2.615389399015297,2015,12,116.81741922424197,116.279999,117.339996,118.300003
2015-12-04,115.290001,119.25,115.110001,119.029999,110.468147,57777000,117.7919991,115.43059971999999,0.03324654600468446,2.5848113004113866,2015,12,116.96016630654896,115.199997,116.279999,117.339996
2015-12-07,118.980003,119.860001,117.809998,118.279999,109.772102,32084200,117.6899987,115.50199972,-0.006300932590951325,2.5771549064184565,2015,12,117.04531680290064,119.029999,115.199997,116.279999
2015-12-08,117.519997,118.599998,116.860001,118.230003,109.725693,34309500,117.73799899999999,115.61779974,-0.00042269192105770514,2.527555342181857,2015,12,117.12174817045543,118.279999,119.029999,115.199997
2015-12-09,117.639999,117.690002,115.080002,115.620003,107.303421,46361400,117.41199959999999,115.74899984,-0.022075614765906804,2.483650967454335,2015,12,117.02486138526476,118.230003,118.279999,119.029999
2015-12-10,116.040001,116.940002,115.510002,116.169998,107.813866,29212700,117.22599949999999,115.86639973999999,0.004756919094700329,2.4970719882963865,2015,12,116.96970890879608,115.620003,118.230003,118.279999
2015-12-11,115.190002,115.389999,112.849998,113.18,105.03894,46886200,116.7629997,115.93839969999999,-0.02573812560451283,2.5969287938885994,2015,12,116.7252115598415,116.169998,115.620003,118.230003
2015-12-14,112.18,112.68,109.790001,112.480003,104.38929,64318700,116.18099969999999,115.98039982,-0.006184811804205825,2.744576215257247,2015,12,116.4513271366259,113.18,116.169998,115.620003
2015-12-15,111.940002,112.800003,110.349998,110.489998,102.54245,53323100,115.49599989999999,115.9745998,-0.01769207811987694,2.9377421285507372,2015,12,116.0667252568436,112.480003,113.18,116.169998
2015-12-16,111.07,111.989998,108.800003,111.339996,103.331291,56238500,115.0019996,115.97519976,0.007692985929821372,2.938203650536048,2015,12,115.76177498220852,110.489998,112.480003,113.18
2015-12-17,112.019997,112.25,108.980003,108.980003,101.141052,44772800,114.3800002,115.93919984,-0.021196273439779922,3.0965685236976475,2015,12,115.324241305937,111.339996,110.489998,112.480003
2015-12-18,108.910004,109.519997,105.809998,106.029999,98.403236,96453300,113.08000020000001,115.86979981999998,-0.027069222965611317,3.5033150428945583,2015,12,114.7246127700701,108.980003,111.339996,110.489998
2015-12-21,107.279999,107.370003,105.57,107.330002,99.609726,47590600,111.9850005,115.77399979999998,0.012260709348870025,3.689867993991384,2015,12,114.24754110748492,106.029999,108.980003,111.339996
2015-12-22,107.400002,107.720001,106.449997,107.230003,99.51693,32789400,110.8850005,115.6865999,-0.0009316966191801335,3.843857954302256,2015,12,113.79479671345364,107.330002,106.029999,108.980003
2015-12-23,107.269997,108.849998,107.199997,108.610001,100.797646,32657400,110.18400030000001,115.6229999,0.012869513768455354,3.995518148606153,2015,12,113.46029376419855,107.230003,107.330002,106.029999
2015-12-24,109.0,109.0,107.949997,108.029999,100.259377,13570400,109.37000040000001,115.57939989999998,-0.005340226449311869,4.163663513558718,2015,12,113.10995216650832,108.610001,107.230003,107.330002
2015-12-28,107.589996,107.690002,106.18,106.82,99.136421,26704200,108.73400039999999,115.47859988,-0.011200583275021714,4.3777372392887175,2015,12,112.70414880092714,108.029999,108.610001,107.230003
2015-12-29,106.959999,109.43,106.860001,108.739998,100.918304,30931200,108.3599999,115.43259982,0.01797414341883541,4.475903775539311,2015,12,112.44839713635119,106.82,108.029999,108.610001
2015-12-30,108.580002,108.699997,107.18,107.32,99.600441,25213800,108.0430001,115.34439976,-0.013058653909484241,4.637678581178732,2015,12,112.11753280497368,108.739998,106.82,108.029999
2015-12-31,107.010002,107.029999,104.82,105.260002,97.688629,40912300,107.4350007,115.17419985999999,-0.019194912411479637,4.890085575738759,2015,12,111.67511146271731,107.32,108.739998,106.82
2016-01-04,102.610001,105.370003,102.0,105.349998,97.772148,67649400,107.0720002,115.00599977999998,0.0008549876333843187,5.0517629291217325,2016,1,111.26703962641297,105.260002,107.32,108.739998
2016-01-05,105.75,105.849998,102.410004,102.709999,95.322052,55791000,106.74000020000001,114.75019976,-0.02505931703956943,5.272906466467794,2016,1,110.71497248922503,105.349998,105.260002,107.32
2016-01-06,100.559998,102.370003,99.870003,100.699997,93.456642,68457400,106.07699969999999,114.38259966,-0.019569681818417672,5.537208160994774,2016,1,110.06884503830729,102.709999,105.349998,105.260002
2016-01-07,98.68,100.129997,96.43,96.449997,89.512329,81094400,104.99899909999999,114.00599961999998,-0.04220456928116889,6.100466418718483,2016,1,109.19020968099714,100.699997,102.709999,105.349998
2016-01-08,98.550003,99.110001,96.760002,96.959999,89.985634,70798000,103.83399889999998,113.65419954000001,0.005287734741971972,6.4523600660750455,2016,1,108.40116383061022,96.449997,100.699997,102.709999
2016-01-11,98.970001,99.059998,97.339996,98.529999,91.442703,49739400,102.88399890000001,113.23939958,0.01619224439142175,6.6445481557961585,2016,1,107.76431448669987,96.959999,96.449997,100.699997
2016-01-12,100.550003,100.690002,98.839996,99.959999,92.769859,49154200,102.19799880000001,112.82799958,0.014513346336276767,6.703955019556339,2016,1,107.26081026175149,98.529999,96.959999,96.449997
2016-01-13,100.32,101.190002,97.300003,97.389999,90.384712,62439600,101.0629989,112.38579956,-0.0257102843708511,6.814698750105863,2016,1,106.62398372873527,99.959999,98.529999,96.959999
2016-01-14,97.959999,100.480003,95.739998,99.519997,92.361481,63170100,100.2829986,111.95259949999999,0.021870808315749057,6.797334164277601,2016,1,106.16566200430074,97.389999,99.959999,98.529999
2016-01-15,96.199997,97.709999,95.360001,97.129997,90.143433,79833900,99.4699981,111.44379943999998,-0.02401527403583026,6.885794501527752,2016,1,105.58271587499102,99.519997,97.389999,99.959999
2016-01-19,98.410004,98.650002,95.5,96.660004,89.707237,53087700,98.60099869999999,110.93699951999999,-0.00483880381464441,6.983821606532366,2016,1,105.00705704434644,97.129997,99.519997,97.389999
2016-01-20,95.099998,98.190002,93.419998,96.790001,89.827881,72334400,98.00899890000001,110.45439958000001,0.0013448892470562246,6.806270563647165,2016,1,104.4769243963241,96.660004,97.129997,99.519997
2016-01-21,97.059998,97.879997,94.940002,96.300003,89.373123,52161500,97.56899949999999,109.95919968,-0.00506248574168322,6.612725661798945,2016,1,103.94938108043223,96.790001,96.660004,97.129997
2016-01-22,98.629997,101.459999,98.370003,101.419998,94.12484,65800500,98.06599960000001,109.57619964,0.05316713230008929,6.168752489653413,2016,1,103.78619507524306,96.300003,96.790001,96.660004
2016-01-25,101.519997,101.529999,99.209999,99.440002,92.28727,51794500,98.3139999,109.22959974000001,-0.019522737517703392,5.876981401395823,2016,1,103.50579552200158,101.419998,96.300003,96.790001
2016-01-26,99.93,100.879997,98.07,99.989998,92.797707,75077000,98.4599998,108.90719968000002,0.005530933114824332,5.459741109152832,2016,1,103.27896987542083,99.440002,101.419998,96.300003
2016-01-27,96.040001,96.629997,93.339996,93.419998,86.700294,133369700,97.8059997,108.46119961999999,-0.06570657197132845,5.452497948599301,2016,1,102.64290717378077,99.989998,99.440002,101.419998
2016-01-28,93.790001,94.519997,92.389999,94.089996,87.322075,55678800,97.4759994,108.09619962000001,0.007171890541038062,5.372968047724715,2016,1,102.0911064528917,93.419998,99.989998,99.440002
2016-01-29,94.790001,97.339996,94.349998,97.339996,90.33831,64416500,97.25799930000001,107.75939953999999,0.03454139800367306,5.215849481246629,2016,1,101.78458319786643,94.089996,93.419998,99.989998
2016-02-01,96.470001,96.709999,95.400002,96.43,89.493767,40943500,97.1879996,107.41419950000001,-0.009348634039393122,4.986850081913469,2016,2,101.43912621735892,97.339996,94.089996,93.419998
2016-02-02,95.419998,96.040001,94.279999,94.480003,87.684044,37357200,96.9699995,106.95799954,-0.020221891527533065,4.925579851430082,2016,2,100.99015052591639,96.43,97.339996,94.089996
2016-02-03,95.0,96.839996,94.080002,96.349998,89.419548,45964300,96.9259992,106.50939951999999,0.019792495137833654,4.893602908758263,2016,2,100.690785846825,94.480003,96.43,97.339996
2016-02-04,95.860001,97.330002,95.190002,96.599998,90.138016,46471700,96.95599870000001,106.05539942000001,0.0025947068519918126,4.772219454568428,2016,2,100.42686405025563,96.349998,94.480003,96.43
2016-02-05,96.519997,96.919998,93.690002,94.019997,87.730598,46418100,96.2159986,105.58079935999999,-0.026708085439090756,4.710298908021244,2016,2,100.01351778894882,96.599998,96.349998,94.480003
2016-02-08,93.129997,95.699997,93.040001,95.010002,88.654388,54021400,95.77299860000001,105.10339945999998,0.010529728053490617,4.47793144725685,2016,2,99.69071031869406,94.019997,96.599998,96.349998
2016-02-09,94.290001,95.940002,93.93,94.989998,88.635727,44331200,95.27299860000001,104.64259944,-0.00021054625385652503,4.227911970392665,2016,2,99.38743855619767,95.010002,94.019997,96.599998
2016-02-10,95.919998,96.349998,94.099998,94.269997,87.963867,42343600,95.3579985,104.17179942000001,-0.007579755923355136,4.030692312826334,2016,2,99.05728103644299,94.989998,95.010002,94.019997
2016-02-11,93.790001,94.720001,92.589996,93.699997,87.431999,50074700,95.3189986,103.6797993,-0.006046462481589021,3.621804847994099,2016,2,98.71164980828537,94.269997,94.989998,95.010002
2016-02-12,94.190002,94.5,93.010002,93.989998,87.702599,40351400,94.9839988,103.21279934,0.0030949947629135277,3.2293879898270004,2016,2,98.40702711097664,93.699997,94.269997,94.989998
2016-02-16,95.019997,96.849998,94.610001,96.639999,90.175346,49057900,95.0049987,102.81999934,0.0281945000147783,2.88054269462793,2016,2,98.29302529736525,93.989998,93.699997,94.269997
2016-02-17,96.669998,98.209999,96.150002,98.120003,91.556351,44863200,95.36899869999999,102.47839946,0.015314611085623042,2.4467671367271833,2016,2,98.28186256850297,96.639999,93.989998,93.699997
2016-02-18,98.839996,98.889999,96.089996,96.260002,89.820747,39021000,95.35999910000001,102.02299952,-0.018956389554941167,2.196487476197557,2016,2,98.1514199511802,98.120003,96.639999,93.989998
2016-02-19,96.0,96.760002,95.800003,96.040001,89.615479,35374200,95.3039994,101.57819955999999,-0.0022854871746210703,2.0697302933603914,2016,2,98.01519937368472,96.260002,98.120003,96.639999
2016-02-22,96.309998,96.900002,95.919998,96.879997,90.399269,34280800,95.5899994,101.15119944,0.008746313944749007,2.0700753157353726,2016,2,97.94196051086635,96.040001,96.260002,98.120003
2016-02-23,96.400002,96.5,94.550003,94.690002,88.355766,31942600,95.5579994,100.73259942,-0.022605233978279293,2.0986599090056917,2016,2,97.73215673597176,96.879997,96.040001,96.260002
2016-02-24,93.980003,96.379997,93.32,96.099998,89.671448,36255700,95.66899939999999,100.33119941999999,0.01489065339759943,2.066180894616218,2016,2,97.62685617236066,94.690002,96.879997,96.040001
2016-02-25,96.050003,96.760002,95.25,96.760002,90.287315,27582700,95.9179999,100.00279946,0.006867887759997693,1.9595003347239142,2016,2,97.5709300967245,96.099998,94.690002,96.879997
2016-02-26,97.199997,98.019997,96.580002,96.910004,90.427277,28991100,96.23900060000001,99.69139948,0.0015502480043354527,1.9527537699632507,2016,2,97.52828970338744,96.760002,96.099998,94.690002
2016-02-29,96.860001,98.230003,96.650002,96.690002,90.222015,35216300,96.509001,99.41539956000001,-0.002270168103594261,1.8602348760897496,2016,2,97.47420662574955,96.910004,96.760002,96.099998
2016-03-01,97.650002,100.769997,97.419998,100.529999,93.805122,50407100,96.89800100000001,99.19919962,0.03971451981146923,2.0129763376114385,2016,3,97.6713545208625,96.690002,96.910004,96.760002
2016-03-02,100.510002,100.889999,99.639999,100.75,94.010406,33169600,97.16100070000002,99.03459955999999,0.002188411441245375,2.1663941302486824,2016,3,97.8699768098391,100.529999,96.690002,96.910004
2016-03-03,100.580002,101.709999,100.449997,101.5,94.710243,36955700,97.6850005,98.94399958,0.007444168734491274,2.3509431378718673,2016,3,98.10417185436562,100.75,100.529999,96.690002
2016-03-04,102.370003,103.75,101.370003,103.010002,96.119225,46055100,98.3820006,98.85759958,0.014876866995073845,2.6196437341593373,2016,3,98.4206770250517,101.5,100.75,100.529999
2016-03-07,102.389999,102.830002,100.959999,101.870003,95.055504,35828900,98.8810012,98.75039957999999,-0.011066876787362845,2.647670829740017,2016,3,98.64321418472579,103.010002,101.5,100.75
2016-03-08,100.779999,101.760002,100.400002,101.029999,94.271683,31561900,99.5150009,98.59879954,-0.008245842497913713,2.715405961755764,2016,3,98.79720030184026,101.870003,103.010002,101.5
2016-03-09,101.309998,101.580002,100.269997,101.120003,94.355659,27201700,100.0170014,98.46059962000001,0.0008908641085900726,2.766407132267561,2016,3,98.94705854043121,101.029999,101.870003,103.010002
2016-03-10,101.410004,102.239998,100.150002,101.169998,94.402313,33513600,100.458001,98.34759958000001,0.0004944125644459341,2.7836930711851333,2016,3,99.09047398943567,101.120003,101.029999,101.870003
2016-03-11,102.239998,102.279999,101.5,102.260002,95.419395,27408200,100.9930008,98.21799966,0.010773984595709774,2.8629388353859877,2016,3,99.29495966753659,101.169998,101.120003,101.029999
2016-03-14,101.910004,102.910004,101.779999,102.519997,95.662003,25076100,101.5760003,98.1219996,0.0025424896823296184,3.004596360331492,2016,3,99.50302659221164,102.260002,101.169998,101.120003
2016-03-15,103.959999,105.18,103.849998,104.580002,97.584206,40067700,101.98100059999999,98.10839960000001,0.02009368962427871,3.245560656620757,2016,3,99.83057339271411,102.519997,102.260002,101.169998
2016-03-16,104.610001,106.309998,104.589996,105.970001,98.881218,38303500,102.50300069999999,98.12079966000002,0.013291250462970972,3.4893665141775836,2016,3,100.22666549640998,104.580002,102.519997,102.260002
2016-03-17,105.519997,106.470001,104.959999,105.800003,98.72258,34420700,102.93300099999999,98.18259974,-0.0016042087231837865,3.7219181392094582,2016,3,100.58623565793192,105.970001,104.580002,102.519997
2016-03-18,106.339996,106.5,105.190002,105.919998,98.834564,44205200,103.2240006,98.28699976,0.0011341682098062744,3.927395103801883,2016,3,100.9303493574202,105.800003,105.970001,104.580002
2016-03-21,105.93,107.650002,105.139999,105.910004,98.825233,35502700,103.6280007,98.47619990000001,-9.435423138892673e-05,4.009717716961091,2016,3,101.25161739887696,105.919998,105.800003,105.970001
2016-03-22,105.25,107.290001,105.209999,106.720001,99.581047,32444400,104.1970009,98.67139993999999,0.007647974406647995,4.138903909900481,2016,3,101.6044163408849,105.910004,105.919998,105.800003
2016-03-23,106.480003,107.07,105.900002,106.129997,99.03051,25703500,104.69800030000002,98.8233999,-0.005528523186576706,4.195838618012011,2016,3,101.89638928663425,106.720001,105.910004,105.919998
2016-03-24,105.470001,106.25,104.889999,105.669998,98.601288,26133000,105.1480003,98.93759988,-0.00433429768211524,4.163106942837759,2016,3,102.13984791330302,106.129997,106.720001,105.910004
2016-03-28,106.0,106.190002,105.059998,105.190002,98.153397,19411400,105.4410003,99.09359994,-0.004542405688320317,4.041951892620938,2016,3,102.33663204792863,105.669998,106.129997,106.720001
2016-03-29,104.889999,107.790001,104.879997,107.68,100.476837,31190100,105.95700059999999,99.2568,0.023671432195618847,4.008625827351532,2016,3,102.68136546419132,105.190002,105.669998,106.129997
2016-03-30,108.650002,110.419998,108.599998,109.559998,102.231064,45601100,106.4550002,99.50540002000001,0.01745911961366997,4.175990426612337,2016,3,103.12514820843704,107.68,105.190002,105.669998
2016-03-31,109.720001,109.900002,108.879997,108.989998,101.699196,25888400,106.75699990000001,99.75199990000002,-0.005202628791577735,4.31685304278704,2016,3,103.50352561434433,109.559998,107.68,105.190002
2016-04-01,108.779999,110.0,108.199997,109.989998,102.632294,25874000,107.1759994,100.01599984,0.009175153852191142,4.398967562318444,2016,4,103.92200770374147,108.989998,109.559998,107.68
2016-04-04,110.419998,112.190002,110.269997,111.120003,103.686699,37356200,107.69599989999999,100.31239984000001,0.010273706887420797,4.484507863944277,2016,4,104.38639449704847,109.989998,108.989998,109.559998
2016-04-05,109.510002,110.730003,109.419998,109.809998,102.464348,26578700,108.0859993,100.48019984000001,-0.011789101553570047,4.487373351075046,2016,4,104.73630440046469,111.120003,109.989998,108.989998
2016-04-06,110.230003,110.980003,109.199997,110.959999,103.537399,26404100,108.5099991,100.71059978,0.010472643847967422,4.363407329802844,2016,4,105.13783308430568,109.809998,111.120003,109.989998
2016-04-07,109.949997,110.419998,108.120003,108.540001,101.279305,31801900,108.75099949999999,100.88159983999999,-0.021809643311189952,4.166129337299799,2016,4,105.35732778854403,110.959999,109.809998,111.120003
2016-04-08,108.910004,109.769997,108.169998,108.660004,101.391273,23581700,109.0500001,101.18639996000002,0.0011056108245290908,3.966627287833004,2016,4,105.57040367315409,108.540001,110.959999,109.809998
2016-04-11,108.970001,110.610001,108.830002,109.019997,101.72718,29407500,109.43299959999999,101.48499998,0.0033130221493458123,3.7365436077851313,2016,4,105.79295808133772,108.660004,108.540001,110.959999
2016-04-12,109.339996,110.5,108.660004,110.440002,103.052185,27232300,109.70899979999999,101.74700010000001,0.013025179224688488,3.4798877860599586,2016,4,106.0927673664127,109.019997,108.660004,108.540001
2016-04-13,110.800003,112.339996,110.800003,112.040001,104.545166,33257300,109.9570001,102.05920012,0.014487495210295132,3.5191105345718405,2016,4,106.4764598589022,110.440002,109.019997,108.660004
2016-04-14,111.620003,112.389999,111.330002,112.099998,104.601151,25473900,110.2680001,102.41160002000001,0.0005354962465593527,3.530750223958458,2016,4,106.83926877123109,112.040001,110.440002,109.019997
2016-04-15,112.110001,112.300003,109.730003,109.849998,102.501671,46939000,110.25400009999998,102.68160002,-0.020071365210907466,3.450448501729322,2016,4,107.03350936663553,112.099998,112.040001,110.440002
2016-04-18,108.889999,108.949997,106.940002,107.480003,100.290207,60821500,109.8900001,102.89920012,-0.021574829705504395,3.3774342358444214,2016,4,107.06231540749775,109.849998,112.099998,112.040001
2016-04-19,107.879997,108.0,106.230003,106.910004,99.758339,32384900,109.60000070000001,103.15700026,-0.005303302792055153,3.2392405790546532,2016,4,107.05248886507854,107.480003,109.849998,112.099998
2016-04-20,106.639999,108.089996,106.059998,107.129997,99.963631,30611000,109.2170005,103.39940016,0.0020577400782813005,3.0294327757422868,2016,4,107.05748938991218,106.910004,107.480003,109.849998
2016-04-21,106.93,106.93,105.519997,105.970001,98.881218,31552500,108.9600005,103.61900022000002,-0.010827928987994007,2.8092290971512943,2016,4,106.98732884862751,107.129997,106.910004,107.480003
2016-04-22,105.010002,106.480003,104.620003,105.68,98.610611,33683100,108.6620001,103.84720028,-0.002736632983517562,2.5710614480477783,2016,4,106.90298505194187,105.970001,107.129997,106.910004
2016-04-25,105.0,105.650002,104.510002,105.080002,98.050774,28031600,108.26800060000001,104.07480038000001,-0.005677498107494405,2.4151624665811418,2016,4,106.78537324213916,105.68,105.970001,107.129997
2016-04-26,103.910004,105.300003,103.910004,104.349998,97.369583,56016200,107.6590002,104.28200038000001,-0.006947125867013182,2.299808792797861,2016,4,106.62825225877533,105.080002,105.68,105.970001
2016-04-27,96.0,98.709999,95.68,97.82,91.276405,114602100,106.2370001,104.3056004,-0.06257784499430474,2.8813027182330324,2016,4,106.0599779194995,104.349998,105.080002,105.68
2016-04-28,97.610001,97.879997,94.25,94.830002,88.486427,82242700,104.5100005,104.23980038000002,-0.03056632590472297,3.6948852404502928,2016,4,105.33546334404792,97.82,104.349998,105.080002
2016-04-29,93.989998,94.720001,92.510002,93.739998,87.469337,68531500,102.89900049999999,104.18940030000002,-0.011494294811888683,4.432458931821192,2016,4,104.58736880572225,94.830002,97.82,104.349998
2016-05-02,93.970001,94.080002,92.400002,93.639999,87.376022,48160100,101.5150001,104.14140026000001,-0.0010667698115376378,5.039695633548754,2016,5,103.88108688277242,93.739998,94.830002,97.82
2016-05-03,94.199997,95.739998,93.68,95.18,88.813004,56831300,100.3419997,104.10740032,0.016445974118389328,5.438241946089963,2016,5,103.3197264387226,93.639999,93.739998,94.830002
2016-05-04,95.199997,95.900002,93.82,94.190002,87.889236,41025500,99.0480002,104.09740031999999,-0.010401323807522567,5.847539913304057,2016,5,102.73071195880502,95.18,93.639999,93.739998
2016-05-05,94.0,94.07,92.68,93.239998,87.532501,35890500,97.7749999,104.04020032,-0.010086038643464579,6.265266824830992,2016,5,102.11840783243049,94.190002,95.18,93.639999
2016-05-06,93.370003,93.449997,91.849998,92.720001,87.044342,43699900,96.47900000000001,103.9594003,-0.005576973521599693,6.662578662911038,2016,5,101.51205900453175,93.239998,94.190002,95.18
2016-05-09,93.0,93.769997,92.589996,92.790001,87.110031,32936400,95.2499999,103.87700024,0.0007549611652830635,7.008722612685537,2016,5,100.94934558488455,92.720001,93.239998,94.190002
2016-05-10,93.330002,93.57,92.110001,93.419998,87.701477,33686800,94.1569999,103.81160016,0.006789492329027924,7.252110790206675,2016,5,100.46358122456942,92.790001,92.720001,93.239998
2016-05-11,93.480003,93.57,92.459999,92.510002,86.84716,28719100,93.62600010000001,103.65120022,-0.009740912218816455,7.453805895361867,2016,5,99.95044708104882,93.419998,92.790001,92.720001
2016-05-12,92.720001,92.779999,89.470001,90.339996,84.809998,76314700,93.1769995,103.44300014000001,-0.02345698792655959,7.733077910270068,2016,5,99.33041797904566,92.510002,93.419998,92.790001
2016-05-13,90.0,91.669998,90.0,90.519997,84.978996,44392800,92.8549994,103.22340008,0.0019924840377456565,7.910936552878162,2016,5,98.76200372233305,90.339996,92.510002,93.419998
2016-05-16,92.389999,94.389999,91.650002,93.879997,88.133316,61259800,92.8789992,103.04079998000002,0.03711886998847347,7.8517498107671875,2016,5,98.44703554669866,90.519997,90.339996,92.510002
2016-05-17,94.550003,94.699997,93.010002,93.489998,87.767189,46916900,92.709999,102.87319988000002,-0.0041542289354781214,7.8162632759888915,2016,5,98.12722667271811,93.879997,90.519997,90.339996
2016-05-18,94.160004,95.209999,93.889999,94.559998,88.771683,42062400,92.74699860000001,102.74379986,0.011445074584342185,7.6591776835307135,2016,5,97.89708288738146,93.489998,93.879997,90.519997
2016-05-19,94.639999,94.639999,93.57,94.199997,88.433708,30442100,92.8429985,102.60539974,-0.003807117254803649,7.576633067966806,2016,5,97.65856121722781,94.559998,93.489998,93.879997
2016-05-20,94.639999,95.43,94.519997,95.220001,89.391281,32026000,93.0929985,102.4863998,0.010828068285394954,7.434324305552257,2016,5,97.50123475160021,94.199997,94.559998,93.489998
2016-05-23,95.870003,97.190002,95.669998,96.43,90.527229,38018600,93.4569984,102.36979975999999,0.012707403773289272,7.22563558102381,2016,5,97.43212283214214,95.220001,94.199997,94.559998
2016-05-24,97.220001,98.089996,96.839996,97.900002,91.907249,35140200,93.9049988,102.27739986,0.015244239344602173,6.89570105357246,2016,5,97.46230858490716,96.43,95.220001,94.199997
2016-05-25,98.669998,99.739998,98.110001,99.620003,93.52195,38168800,94.6159989,102.17819988,0.017568957761614712,6.415447062875881,2016,5,97.60151467620346,97.900002,96.43,95.220001
2016-05-26,99.68,100.730003,98.639999,100.410004,94.263596,56331200,95.62299970000001,102.06699994,0.007930144310475562,5.871488221847946,2016,5,97.78270753580324,99.620003,97.900002,96.43
2016-05-27,99.440002,100.470001,99.25,100.349998,94.20726,36341200,96.6059998,101.95799984,-0.0005976097760139742,5.437667308583671,2016,5,97.94833917865465,100.410004,99.620003,97.900002
2016-05-31,99.599998,100.400002,98.82,99.860001,93.747269,42307200,97.20400020000001,101.8367999,-0.00488288001759607,5.121964228286933,2016,5,98.07167219938661,100.349998,100.410004,99.620003
2016-06-01,99.019997,99.540001,98.330002,98.459999,92.432938,29173300,97.7010003,101.6877998,-0.01401964736611605,4.791202689987158,2016,6,98.09672554136166,99.860001,100.349998,100.410004
2016-06-02,97.599998,97.839996,96.629997,97.720001,91.738266,40191600,98.01700059999999,101.50779980000002,-0.007515722196990926,4.390874218695208,2016,6,98.07242073224155,98.459999,99.860001,100.349998
2016-06-03,97.790001,98.269997,97.449997,97.919998,91.92601,28504900,98.3890007,101.34359982,0.0020466332168787016,4.029902469806136,2016,6,98.06258700758082,97.720001,98.459999,99.860001
2016-06-06,97.989998,101.889999,97.550003,98.629997,92.592552,23292500,98.7300003,101.2027998,0.007250806929142151,3.654255592679955,2016,6,98.09919410386593,97.919998,97.720001,98.459999
2016-06-07,99.25,99.870003,98.959999,99.029999,92.968063,22409500,98.99000020000001,101.07959973999999,0.004055581589442747,3.2904583564461385,2016,6,98.15924603264878,98.629997,97.919998,97.720001
2016-06-08,99.019997,99.559998,98.68,98.940002,92.883568,20848100,99.0940002,100.90479978000002,-0.0009087852257778639,2.941024266434966,2016,6,98.20961738538112,99.029999,98.629997,97.919998
2016-06-09,98.5,99.989998,98.459999,99.650002,93.550117,26601400,99.09700009999999,100.70659985999998,0.007176066157750682,3.004406276537032,2016,6,98.30254542503397,98.940002,99.029999,98.629997
2016-06-10,98.529999,99.349998,98.480003,98.830002,92.780327,31712900,98.9389999,100.50339994,-0.008228800637655853,3.049231711565532,2016,6,98.33657488148339,99.650002,98.940002,99.029999
2016-06-13,98.690002,99.120003,97.099998,97.339996,91.381516,38020500,98.6379997,100.25039989999999,-0.01507645421276016,3.031552404329582,2016,6,98.27227946977477,98.830002,99.650002,98.940002
2016-06-14,97.32,98.480003,96.75,97.459999,91.494164,31931900,98.3979995,99.97719981999998,0.0012328231449689753,3.007705341708396,2016,6,98.2198742781764,97.339996,98.830002,99.650002
2016-06-15,97.82,98.410004,97.029999,97.139999,91.193764,29445200,98.26599949999999,99.72379984,-0.0032833983509480413,3.0069637043688706,2016,6,98.15020490539082,97.459999,97.339996,98.830002
2016-06-16,96.449997,97.75,96.07,97.550003,91.578682,31326800,98.2489997,99.45559992,0.004220753595025162,2.9910597211842394,2016,6,98.11148220181722,97.139999,97.459999,97.339996
2016-06-17,96.620003,96.650002,95.300003,95.330002,89.494545,61008200,97.9900001,99.19139994,-0.022757569776804765,2.940331578586946,2016,6,97.93203186621611,97.550003,97.139999,97.459999
2016-06-20,96.0,96.57,95.029999,95.099998,89.278648,34411900,97.6370002,98.92019982,-0.002412713680631118,2.868646431739967,2016,6,97.74932000387959,95.330002,97.550003,97.139999
2016-06-21,94.940002,96.349998,94.68,95.910004,90.039047,35546400,97.3250007,98.65799996,0.008517413428336784,2.7853530847540227,2016,6,97.6306544552422,95.099998,95.330002,97.550003
2016-06-22,96.25,96.889999,95.349998,95.550003,89.701096,29219100,96.9860008,98.36019998,-0.003753529193888827,2.728307380757959,2016,6,97.49641887748464,95.910004,95.099998,95.330002
2016-06-23,95.940002,96.290001,95.25,96.099998,90.217422,32240200,96.6310004,98.04139991999999,0.005756096103942454,2.6163657608531934,2016,6,97.4063272079695,95.550003,95.910004,95.099998
2016-06-24,92.910004,94.660004,92.650002,93.400002,87.682709,75311400,96.0880004,97.6674,-0.02809569257223088,2.407933575283643,2016,6,97.14785461390696,96.099998,95.550003,95.910004
2016-06-27,93.0,93.050003,91.5,92.040001,86.405937,45489600,95.5580009,97.31120006,-0.014561038232097645,2.282126836570731,2016,6,96.81831567107426,93.400002,96.099998,95.550003
2016-06-28,92.900002,93.660004,92.139999,93.589996,87.861076,40444900,95.1710006,97.03339992,0.016840449621464026,2.2960806876393973,2016,6,96.61003698261784,92.040001,93.400002,96.099998
2016-06-29,93.970001,94.550003,93.629997,94.400002,88.621475,36531000,94.89700090000001,96.78319988000001,0.008654835288164797,2.2547849116859546,2016,6,96.46745408051348,93.589996,92.040001,93.400002
2016-06-30,94.440002,95.769997,94.300003,95.599998,89.748039,35836400,94.7020004,96.5525999,0.012711821764580078,2.224489327647402,2016,6,96.41148917209325,94.400002,93.589996,92.040001
2016-07-01,95.489998,96.470001,95.330002,95.889999,90.020279,26026500,94.75800009999999,96.35099985999999,0.0030334833270604378,2.1722002570439725,2016,7,96.37784464486143,95.599998,94.400002,93.589996
2016-07-05,95.389999,95.400002,94.459999,94.989998,89.175377,27705200,94.74700010000001,96.13719982,-0.009385765036873162,2.1792605519374675,2016,7,96.28830615164456,95.889999,95.599998,94.400002
2016-07-06,94.599998,95.660004,94.370003,95.529999,89.68232,30949100,94.7089996,95.94619976,0.005684819574372391,2.1940634901046443,2016,7,96.23938310960298,94.989998,95.889999,95.599998
2016-07-07,95.699997,96.5,95.620003,95.940002,90.067223,25139600,94.7479995,95.77799983999999,0.004291876942236872,2.1957672670444843,2016,7,96.22006819930601,95.529999,94.989998,95.889999
2016-07-08,96.489998,96.889999,96.050003,96.68,90.761925,28912100,94.8059997,95.75519984,0.00771313304746446,2.136974715998503,2016,7,96.24974121870564,95.940002,95.529999,94.989998
2016-07-11,96.75,97.650002,96.730003,96.980003,91.043564,23794900,95.16399980000001,95.79819985999998,0.003103051303268378,2.028654129064005,2016,7,96.29685488201494,96.68,95.940002,95.529999
2016-07-12,97.169998,97.699997,97.120003,97.419998,91.456642,24167500,95.7019995,95.87179986,0.004536966244474305,1.9157711295258675,2016,7,96.36931572833656,96.980003,96.68,95.940002
2016-07-13,97.410004,97.669998,96.839996,96.870003,90.940285,25892200,96.0300002,95.93639993999999,-0.005645606767514133,1.817328756830559,2016,7,96.40161813296,97.419998,96.980003,96.68
2016-07-14,97.389999,98.989998,97.32,98.790001,92.742775,38919000,96.4690001,96.00859996000001,0.019820356565902086,1.8303469499608174,2016,7,96.55570735018838,96.870003,97.419998,96.980003
2016-07-15,98.919998,99.300003,98.5,98.779999,92.733376,30137000,96.78700020000001,96.1003999,-0.00010124506426512081,1.863757683583336,2016,7,96.69921003727302,98.790001,96.870003,97.419998
2016-07-18,98.699997,100.129997,98.599998,99.830002,93.719116,36493900,97.18100050000001,96.23219998,0.010629712600017216,1.942110913393062,2016,7,96.90119661551347,98.779999,98.790001,96.870003
2016-07-19,99.559998,100.0,99.339996,99.870003,93.75666,23779900,97.66900100000001,96.37520002000001,0.00040069116697005747,1.9982422109382643,2016,7,97.09273251128678,99.830002,98.779999,98.790001
2016-07-20,100.0,100.459999,99.739998,99.959999,93.841156,26276000,98.11200099999999,96.51859998,0.0009011314438429618,2.042608148554426,2016,7,97.27771744604247,99.870003,99.830002,98.779999
2016-07-21,99.830002,101.0,99.129997,99.43,93.343605,32702000,98.4610008,96.63880002,-0.005302110897379975,2.0628692283897685,2016,7,97.41657438500748,99.959999,99.870003,99.830002
2016-07-22,99.260002,99.300003,98.309998,98.660004,92.620728,28313700,98.6590012,96.76180005999998,-0.0077441013778538625,2.022089980270745,2016,7,97.49679565049088,99.43,99.959999,99.870003
2016-07-25,98.25,98.839996,96.919998,97.339996,91.381516,40382900,98.69500049999999,96.90180006,-0.013379362928061522,1.9859098421535903,2016,7,97.48667954400759,98.660004,99.43,99.959999
2016-07-26,96.82,97.970001,96.419998,96.669998,90.752541,56239800,98.6200005,97.02480007999999,-0.006883069935609942,1.9816337882071855,2016,7,97.43399041213614,97.339996,98.660004,99.43
2016-07-27,104.269997,104.349998,102.75,102.949997,96.648094,92344800,99.2279999,97.20620008,0.06496326812792508,2.290645841852128,2016,7,97.78986180490155,96.669998,97.339996,98.660004
2016-07-28,102.830002,104.449997,102.82,104.339996,97.952995,39869800,99.78299940000001,97.42320004,0.01350169053428929,2.6719064052176544,2016,7,98.21245110781112,102.949997,96.669998,97.339996
2016-07-29,104.190002,104.550003,103.68,104.209999,97.830978,27733700,100.3259994,97.61620006,-0.001245898073448326,2.974459869753073,2016,7,98.59938968150072,104.339996,102.949997,96.669998
2016-08-01,104.410004,106.150002,104.410004,106.050003,99.558342,38167900,100.94799950000001,97.85320018,0.017656693385056155,3.3529886156398607,2016,8,99.08007441172649,104.209999,104.339996,102.949997
2016-08-02,106.050003,106.07,104.0,104.480003,98.084465,33816600,101.40899950000001,98.03840021999999,-0.014804337157821701,3.541093835225893,2016,8,99.4284569012925,106.050003,104.209999,104.339996
2016-08-03,104.809998,105.839996,104.769997,105.790001,99.314278,30202600,101.9919997,98.22560024,0.012538265336764942,3.7958957157184625,2016,8,99.83887910120912,104.480003,106.050003,104.209999
2016-08-04,105.580002,106.0,105.279999,105.870003,99.927788,27408700,102.63600000000001,98.38500026,0.0007562340414382085,4.002787150136669,2016,8,100.22798386887305,105.790001,104.480003,106.050003
2016-08-05,106.269997,107.650002,106.18,107.480003,101.447411,40553400,103.51799989999999,98.54220025999999,0.015207329313100981,4.285472926209678,2016,8,100.69585607088123,105.870003,105.790001,104.480003
2016-08-08,107.519997,108.370003,107.160004,108.370003,102.28746,28037200,104.6210006,98.70140024,0.008280610114981046,4.478799359920629,2016,8,101.19096232437276,107.480003,105.870003,105.790001
2016-08-09,108.230003,108.940002,108.010002,108.809998,102.702774,26315200,105.83500059999999,98.87060024,0.004060118001473212,4.562226121844364,2016,8,101.6825130131229,108.370003,107.480003,105.870003
2016-08-10,108.709999,108.900002,107.760002,108.0,101.938248,24008500,106.34000089999999,99.03340022,-0.007444150490656165,4.616631467568527,2016,8,102.09009281872788,108.809998,108.370003,107.480003
2016-08-11,108.519997,108.93,107.849998,107.93,101.872154,27484500,106.69900129999999,99.22280024,-0.0006481481481480644,4.657564201447787,2016,8,102.46686102397125,108.0,108.809998,108.370003
2016-08-12,107.779999,108.440002,107.779999,108.18,102.108131,18660400,107.0960014,99.43200021999999,0.002316316130825502,4.72200398661861,2016,8,102.83545063532794,107.93,108.0,108.809998
2016-08-15,108.139999,109.540001,108.080002,109.480003,103.335182,25868200,107.43900140000001,99.66320032000002,0.012017036420780114,4.825617139705685,2016,8,103.2641314330487,108.18,107.93,108.0
2016-08-16,109.629997,110.230003,109.209999,109.379997,103.240776,33794400,107.9290008,99.87820032000002,-0.0009134636212970726,4.834776941611284,2016,8,103.65870340511007,109.480003,108.18,107.93
2016-08-17,109.099998,109.370003,108.339996,109.220001,103.08976,25356000,108.2720008,100.08200036,-0.0014627537428073545,4.816303862491287,2016,8,104.01749679832878,109.379997,109.480003,108.18
2016-08-18,109.230003,109.599998,109.019997,109.080002,102.957619,21984700,108.59300069999999,100.28480035999999,-0.0012818073495531879,4.76893851920804,2016,8,104.34411003714628,109.220001,109.379997,109.480003
2016-08-19,108.769997,109.690002,108.360001,109.360001,103.221886,25368100,108.7810005,100.47900034,0.002566914144354282,4.73015071860523,2016,8,104.66771590571749,109.080002,109.220001,109.379997
2016-08-22,108.860001,109.099998,107.849998,108.510002,102.419609,25820200,108.7950004,100.67260033999999,-0.007772485298349618,4.636784483586332,2016,8,104.91560533115506,109.360001,109.080002,109.220001
2016-08-23,108.589996,109.32,108.529999,108.849998,102.740524,21257700,108.7990004,100.90280038,0.003133314844100621,4.542970063430613,2016,8,105.16943711624182,108.510002,109.360001,109.080002
2016-08-24,108.57,108.75,107.68,108.029999,101.966537,23675100,108.8020003,101.11420038,-0.007533293661613039,4.356689200091268,2016,8,105.35398949583913,108.849998,108.510002,109.360001
2016-08-25,107.389999,107.879997,106.68,107.57,101.532372,25086200,108.7660003,101.32280040000002,-0.004258067242970287,4.2328773763485295,2016,8,105.4969579154624,108.029999,108.849998,108.510002
2016-08-26,107.410004,107.949997,106.309998,106.940002,100.937721,27766300,108.6420005,101.51060038,-0.005856632890210878,4.073068924147767,2016,8,105.59005753381967,107.57,108.029999,108.849998
2016-08-29,106.620003,107.440002,106.290001,106.82,100.824471,24970300,108.3760002,101.74040034000001,-0.001122143236915396,3.944019612184352,2016,8,105.66940866067002,106.940002,107.57,108.029999
2016-08-30,105.800003,106.5,105.5,106.0,100.050491,24863900,108.0380005,101.95840038,-0.007676465081445372,3.793502633621656,2016,8,105.69073713417518,106.82,106.940002,107.57
2016-08-31,105.660004,106.57,105.639999,106.099998,100.144882,29662400,107.7260002,102.16220026,0.0009433773584905936,3.6301190994657366,2016,8,105.71714106100258,106.0,106.82,106.940002
2016-09-01,106.139999,106.800003,105.620003,106.730003,100.739517,26701500,107.4910003,102.38580026,0.0059378417707416364,3.412934365330392,2016,9,105.78248699255079,106.099998,106.0,106.82
2016-09-02,107.699997,108.0,106.82,107.730003,101.683388,26802500,107.32800049999999,102.61840036000001,0.009369436633483552,3.1062623581059756,2016,9,105.90813318657976,106.730003,106.099998,106.0
2016-09-06,107.900002,108.300003,107.510002,107.699997,101.655067,26880400,107.247,102.90440026,-0.000278529649720749,2.5790710825254415,2016,9,106.02373730357462,107.730003,106.730003,106.099998
2016-09-07,107.830002,108.760002,107.07,108.360001,102.278015,42364300,107.19800030000002,103.23080026,0.006128171015640893,1.7231529217017016,2016,9,106.17446399366658,107.699997,107.730003,106.730003
2016-09-08,107.25,107.269997,105.239998,105.519997,99.597435,53002000,106.9470001,103.46940028,-0.026208969857798303,1.556417742008238,2016,9,106.13224031665584,108.360001,107.699997,107.730003
2016-09-09,104.639999,105.720001,103.129997,103.129997,97.341576,46557000,106.5029998,103.64400018,-0.02264973529140646,1.6503041355176746,2016,9,105.93854719945224,105.519997,108.360001,107.699997
2016-09-12,102.650002,105.720001,102.529999,105.440002,99.521927,45292800,106.35299979999999,103.84080026,0.02239896312612144,1.5842642510935212,2016,9,105.90638299303598,103.129997,105.519997,108.360001
2016-09-13,107.510002,108.790001,107.239998,107.949997,101.891037,62176200,106.4659995,104.08200022000001,0.023804959715383767,1.5678300357115484,2016,9,106.03822905800139,105.440002,103.129997,105.519997
2016-09-14,108.730003,113.029999,108.599998,111.769997,105.496635,110888700,107.04299920000001,104.4176002,0.035386754109868246,1.6576884487400299,2016,9,106.40802053813033,107.949997,105.440002,103.129997
2016-09-15,113.860001,115.730003,113.489998,115.57,109.083344,89983600,107.98999939999999,104.81840022,0.033998417303348294,2.160597937285678,2016,9,106.99911598728322,111.769997,107.949997,105.440002
2016-09-16,115.120003,116.129997,114.040001,114.919998,108.469833,79886900,108.8089989,105.19800014,-0.005624314268408592,2.464010763813539,2016,9,107.51014063326495,115.57,111.769997,107.949997
2016-09-19,115.190002,116.18,113.25,113.580002,107.20504,47023000,109.3939988,105.53600018000002,-0.01166025081204769,2.639640012443385,2016,9,107.90174459240914,114.919998,115.57,111.769997
2016-09-20,113.050003,114.120003,112.510002,113.57,107.19561,34514300,109.9809991,105.86780012000001,-8.806127684346521e-05,2.796793432692827,2016,9,108.26743848967307,113.580002,114.919998,115.57
2016-09-21,113.849998,113.989998,112.440002,113.550003,107.17672,36003200,110.49999929999998,106.19040022000001,-0.0001760764286342642,2.935187131707674,2016,9,108.60824910324256,113.57,113.580002,114.919998
2016-09-22,114.349998,114.940002,114.0,114.620003,108.186668,31074000,111.4099999,106.54540022,0.009423161353857346,3.1138617125489216,2016,9,108.99610419335595,113.550003,113.57,113.580002
2016-09-23,114.419998,114.790001,111.550003,112.709999,106.383858,52481200,112.36800009999999,106.82380017999999,-0.016663792968143576,3.1760895871191623,2016,9,109.23571030991361,114.620003,113.550003,113.57
2016-09-26,111.639999,113.389999,111.550003,112.879997,106.544327,29869400,113.11199959999999,107.10580014000001,0.001508277894670229,3.23871259297776,2016,9,109.47082558024177,112.709999,114.620003,113.550003
2016-09-27,113.0,113.18,112.339996,113.089996,106.742538,24607400,113.6259995,107.37100002,0.0018603738977773787,3.3092743589195597,2016,9,109.70432044603261,112.879997,112.709999,114.620003
2016-09-28,113.690002,114.639999,113.43,113.949997,107.554268,29641100,113.8439995,107.65259989999998,0.007604571849131547,3.407785263758518,2016,9,109.97823506241761,113.089996,112.879997,112.709999
2016-09-29,113.160004,113.800003,111.800003,112.18,105.883629,35887000,113.50499950000001,107.89699992,-0.01553310264676877,3.4378737130129178,2016,9,110.12028441322938,113.949997,113.089996,112.879997
2016-09-30,112.459999,113.370003,111.800003,113.050003,106.704796,36379100,113.31800000000001,108.16939998,0.007755419860937751,3.487627436548456,2016,9,110.30929851560168,112.18,113.949997,113.089996
2016-10-03,112.709999,113.050003,112.279999,112.519997,106.204529,21701800,113.2119995,108.44659984,-0.0046882440153496185,3.5191862791406914,2016,10,110.45192422427256,113.050003,112.18,113.949997
2016-10-04,113.059998,114.309998,112.629997,113.0,106.657608,29736800,113.1549995,108.75979991999999,0.004265935058636705,3.54994393681227,2016,10,110.61631620980336,112.519997,113.050003,112.18
2016-10-05,113.400002,113.660004,112.690002,113.050003,106.704796,21453100,113.1049995,109.08740002,0.00044250442477888896,3.580505510563708,2016,10,110.77332826078379,113.0,112.519997,113.050003
2016-10-06,113.699997,114.339996,113.129997,113.889999,107.497643,28779300,113.03199910000001,109.30620006,0.007430304977523949,3.6139101793766595,2016,10,110.97440379234612,113.050003,113.0,112.519997
2016-10-07,114.309998,114.559998,113.510002,114.059998,107.658104,24358400,113.16699899999999,109.50060009999999,0.0014926595969149137,3.6289782156084667,2016,10,111.17347438638829,113.889999,113.050003,113.0
2016-10-10,115.019997,116.75,114.720001,116.050003,109.536407,36236000,113.48399959999999,109.73740018000001,0.017447001884043578,3.685994463574077,2016,10,111.48808913565357,114.059998,113.889999,113.050003
2016-10-11,117.699997,118.690002,116.199997,116.300003,109.772369,64041000,113.8050003,109.94240018,0.0021542438047157386,3.7229686741180656,2016,10,111.79853519141787,116.050003,114.059998,113.889999
2016-10-12,117.349998,117.980003,116.75,117.339996,110.753998,37586800,114.14400020000001,110.19960004,0.008942329949896966,3.7420356653116826,2016,10,112.15604879197154,116.300003,116.050003,114.059998
2016-10-13,116.790001,117.440002,115.720001,116.980003,110.414215,35192400,114.62400050000001,110.42340008000001,-0.0030679479484557737,3.7099826991981693,2016,10,112.4672716441024,117.339996,116.300003,116.050003
2016-10-14,117.879997,118.169998,117.129997,117.629997,111.02771,35652200,115.0819999,110.65859996,0.005556453952219487,3.7057928445343844,2016,10,112.80035069932158,116.980003,117.339996,116.300003
2016-10-17,117.330002,117.839996,116.779999,117.550003,110.952202,23624900,115.5850005,110.85999996000001,-0.0006800476242466713,3.712488017090265,2016,10,113.10677988001052,117.629997,116.980003,117.339996
2016-10-18,118.18,118.209999,117.449997,117.470001,110.876709,24553500,116.03200060000002,111.04199992,-0.0006805784598746811,3.684416665921333,2016,10,113.38827801678403,117.550003,117.629997,116.980003
2016-10-19,117.25,117.760002,113.800003,117.120003,110.546349,20034600,116.43900060000001,111.20820002,-0.002979467072618869,3.6463427882603545,2016,10,113.62903446731409,117.470001,117.550003,117.629997
2016-10-20,116.860001,117.379997,116.330002,117.059998,110.489738,24125800,116.7560005,111.38939998,-0.0005123377601006229,3.3918813051206,2016,10,113.85038695329382,117.120003,117.470001,117.550003
2016-10-21,116.809998,116.910004,116.279999,116.599998,110.055542,23192700,117.0100005,111.56279994,-0.003929608814789098,2.7754953789550605,2016,10,114.02778121437164,117.059998,117.120003,117.470001
2016-10-24,117.099998,117.739998,117.0,117.650002,111.0466,23538700,117.1700004,111.75219998,0.009005180257378731,2.3047256210052174,2016,10,114.26147287796057,116.599998,117.059998,117.120003
2016-10-25,117.949997,118.360001,117.309998,118.25,111.612923,48129000,117.3650001,111.92759991999999,0.005099855416917043,2.032818152928587,2016,10,114.51879720841472,117.650002,116.599998,117.059998
2016-10-26,114.309998,115.699997,113.309998,115.589996,109.102219,66134200,117.19000009999999,112.05179989999999,-0.022494748414376375,1.9456974867056545,2016,10,114.58790680787185,118.25,117.650002,116.599998
2016-10-27,115.389999,115.860001,114.099998,114.480003,108.05452,34562000,116.94000009999999,112.15699994,-0.009602846599285342,1.946009732702547,2016,10,114.5809452718801,115.589996,118.25,117.650002
2016-10-28,113.870003,115.209999,113.449997,113.720001,107.337166,37861700,116.54900049999999,112.24979992,-0.0066387314822135,1.9604790038838715,2016,10,114.52540048014589,114.480003,115.589996,118.25
2016-10-31,113.650002,114.230003,113.199997,113.540001,107.167274,26419400,116.1480003,112.33339992,-0.0015828350194966312,1.9614794663993256,2016,10,114.46182632013648,113.720001,114.480003,115.589996
2016-11-01,113.459999,113.769997,110.529999,111.489998,105.232338,43825800,115.55,112.39299984000002,-0.01805533716703067,2.047954263711912,2016,11,114.27009546077285,113.540001,113.720001,114.480003
2016-11-02,111.400002,112.349998,111.230003,111.589996,105.326721,28331700,114.9969993,112.4477998,0.0008969235069857806,2.122809707906053,2016,11,114.09718581814234,111.489998,113.540001,113.720001
2016-11-03,110.980003,111.459999,109.550003,109.830002,104.197777,26932600,114.27399969999999,112.48379986,-0.015771969379764217,2.312166071687016,2016,11,113.82188363632669,111.589996,111.489998,113.540001
2016-11-04,108.529999,110.25,108.110001,108.839996,103.258522,30837000,113.49799950000002,112.50919978,-0.009013985085787324,2.5244973319576145,2016,11,113.50047153075722,109.830002,111.589996,111.489998
2016-11-07,110.080002,110.510002,109.459999,110.410004,104.748009,32560000,112.77399969999999,112.57859982,0.014424917839945595,2.6196076053581048,2016,11,113.30108652877288,108.839996,109.830002,111.589996
2016-11-08,110.309998,111.720001,109.699997,111.059998,105.364685,24254200,112.05499950000001,112.66339978,0.005887093347084704,2.6821162211104723,2016,11,113.15650017207786,110.410004,108.839996,109.830002
2016-11-09,109.879997,111.32,108.050003,110.879997,105.193924,59176400,111.5839996,112.76099972,-0.001620754576278527,2.757707673934517,2016,11,113.00962899968575,111.059998,110.410004,108.839996
2016-11-10,111.089996,111.089996,105.830002,107.790001,102.262383,57134500,110.91499940000001,112.79479977999999,-0.027867930046931777,2.981781233829486,2016,11,112.67287880615764,110.879997,111.059998,110.410004
2016-11-11,107.120003,108.870003,106.550003,108.43,102.869553,34143900,110.38599930000001,112.82879972,0.005937461676060352,3.1553228492124705,2016,11,112.39914468963134,107.790001,110.879997,111.059998
2016-11-14,107.709999,107.809998,104.080002,105.709999,100.28904,51175500,109.60299909999999,112.78839964,-0.025085317716499245,3.492804541672124,2016,11,111.96758690320351,108.43,107.790001,110.879997
2016-11-15,106.57,107.68,106.160004,107.110001,101.617256,32264500,109.16499939999999,112.77659972,0.013243799198219719,3.6976189919819777,2016,11,111.65419426428716,105.709999,108.43,107.790001
2016-11-16,106.699997,110.230003,106.599998,109.989998,104.349548,58840500,109.00499959999999,112.80919965999999,0.02688821746906722,3.754576869632666,2016,11,111.5468267633654,107.110001,105.709999,108.43
2016-11-17,109.809998,110.349998,108.830002,109.949997,104.311584,27632000,109.01699909999999,112.89779965999998,-0.0003636785228416928,3.8082785056688793,2016,11,111.44380548830956,109.989998,107.110001,105.709999
2016-11-18,109.720001,110.540001,109.660004,110.059998,104.41597,28428900,109.1389993,113.03639967999999,0.0010004638745009231,3.85229555802704,2016,11,111.35452758583797,109.949997,109.989998,107.110001
2016-11-21,110.120003,111.989998,110.010002,111.730003,106.000328,29264600,109.2709992,113.1621997,0.015173587410023393,3.82332633200668,2016,11,111.37875180610648,110.059998,109.949997,109.989998
2016-11-22,111.949997,112.419998,111.400002,111.800003,106.066727,25965500,109.34499969999999,113.23919982,0.0006265103205984612,3.780334202930126,2016,11,111.40592930248671,111.730003,110.059998,109.949997
2016-11-23,111.360001,111.510002,110.330002,111.230003,105.525963,27426400,109.3800003,113.22839994,-0.005098389845302642,3.6977745516937155,2016,11,111.3945792184553,111.800003,111.730003,110.059998
2016-11-25,111.129997,111.870003,110.949997,111.790001,106.057251,11475900,109.78000029999998,113.15279996,0.005034594847579177,3.6119113494842052,2016,11,111.42009030113562,111.230003,111.800003,111.730003
2016-11-28,111.43,112.470001,111.389999,111.57,105.848526,27194000,110.09400029999999,113.0858,-0.0019679845964042375,3.4849455307347093,2016,11,111.42976189461073,111.790001,111.230003,111.800003
2016-11-29,110.779999,112.029999,110.07,111.459999,105.744179,28528800,110.6690003,113.04339994000001,-0.0009859370798601663,3.345769611580255,2016,11,111.43171267560359,111.57,111.790001,111.230003
2016-11-30,111.599998,112.199997,110.269997,110.519997,104.852379,36162300,111.0099999,112.98239987999999,-0.008433536770442562,3.2014892386081377,2016,11,111.37289230943561,111.459999,111.57,111.790001
2016-12-01,110.370003,110.940002,109.029999,109.489998,103.875198,37086900,110.9599999,112.90119978000001,-0.009319571371323887,3.0737079855661,2016,12,111.25141525721396,110.519997,111.459999,111.57
2016-12-02,109.169998,110.089996,108.849998,109.900002,104.264175,26528000,110.95500039999999,112.80679975999999,0.0037446708145889573,2.9132608823569184,2016,12,111.16422730513565,109.489998,110.519997,111.459999
2016-12-05,110.0,110.029999,108.25,109.110001,103.514687,34324500,110.8600007,112.7347998,-0.007188362016590344,2.7710908080218726,2016,12,111.03169657577206,109.900002,109.489998,110.519997
2016-12-06,109.5,110.360001,109.190002,109.949997,104.311584,26195500,110.68200010000001,112.67619979999999,0.007698616004961911,2.4923627709566496,2016,12,110.9619095063674,109.110001,109.900002,109.489998
2016-12-07,109.260002,111.190002,109.160004,111.029999,105.336243,29998700,110.60499969999998,112.63499986000001,0.009822665115670759,2.0722387894079066,2016,12,110.96630237692436,109.949997,109.110001,109.900002
2016-12-08,110.860001,112.43,110.599998,112.120003,106.370323,27068300,110.69399969999999,112.59839998000001,0.009817202646286605,1.8755619991542622,2016,12,111.0407346751873,111.029999,109.949997,109.110001
2016-12-09,112.309998,114.699997,112.309998,113.949997,108.106476,34402600,110.90999930000001,112.63379992,0.01632174412267906,1.8394411688811623,2016,12,111.22842901872359,112.120003,111.029999,109.949997
2016-12-12,113.290001,115.0,112.489998,113.300003,107.48983,26374400,111.0829996,112.63879992,-0.005704203748245762,1.815810834324734,2016,12,111.3620789529995,113.949997,112.120003,111.029999
2016-12-13,113.839996,115.919998,113.75,115.190002,109.282906,43733800,111.45599990000001,112.69220002,0.016681367607730868,1.9316989485182057,2016,12,111.60904173022534,113.300003,113.949997,112.120003
2016-12-14,115.040001,116.199997,114.980003,115.190002,109.282906,34031800,111.9230004,112.73600006000001,0.0,2.102622775308622,2016,12,111.84007142504953,115.190002,113.300003,113.949997
2016-12-15,115.379997,116.730003,115.230003,115.82,109.880577,46524500,112.55600059999999,112.7914,0.005469207301515455,2.297233496347322,2016,12,112.0968410105302,115.190002,115.190002,113.300003
2016-12-16,116.470001,116.5,115.650002,115.970001,110.022896,44351100,113.1630005,112.83300004,0.0012951217406320659,2.4710547657131543,2016,12,112.34672230017341,115.82,115.190002,115.190002
2016-12-19,115.800003,117.379997,115.75,116.639999,110.658531,27779400,113.9160003,112.88460006000001,0.005777338917156705,2.635900733371322,2016,12,112.62370789371062,115.970001,115.82,115.190002
2016-12-20,116.739998,117.5,116.68,116.949997,110.952629,21425000,114.6160003,112.90259994,0.002657733218944802,2.8231216681577074,2016,12,112.90282331992283,116.639999,115.970001,115.82
2016-12-21,116.800003,117.400002,116.779999,117.059998,111.056999,23783200,115.21900020000001,112.91779983999999,0.0009405814691898495,2.996402672190617,2016,12,113.17102813799232,116.949997,116.639999,115.970001
2016-12-22,116.349998,116.510002,115.639999,116.290001,110.326492,26085900,115.636,112.89679994,-0.006577797822959086,3.1047554236846415,2016,12,113.37225219360572,117.059998,116.949997,116.639999
2016-12-23,115.589996,116.519997,115.589996,116.519997,110.544678,14249500,115.893,112.88759981999999,0.0019777796717019847,3.1150321514959174,2016,12,113.57533250369568,116.290001,117.059998,116.949997
2016-12-27,116.519997,117.800003,116.489998,117.260002,111.246742,18296900,116.2889999,112.88019992,0.006350884131931522,3.163864754077616,2016,12,113.81305311636048,116.519997,116.290001,117.059998
2016-12-28,117.519997,118.019997,116.199997,116.760002,110.7724,20905900,116.44599989999999,112.86439990000001,-0.004264028581544843,2.985684530794873,2016,12,114.00317885078884,117.260002,116.519997,116.290001
2016-12-29,116.449997,117.110001,116.400002,116.730003,110.743919,15039500,116.6,112.84959993999999,-0.0002569287383191732,2.861169226154269,2016,12,114.17910298944761,116.760002,117.260002,116.519997
2016-12-30,116.650002,117.199997,115.43,115.82,109.880577,30586300,116.6,112.82359987999999,-0.0077957935116304,2.8350644310588686,2016,12,114.28496731270904,116.730003,116.760002,117.260002
2017-01-03,115.800003,116.330002,114.760002,116.150002,110.193657,28781900,116.61800009999999,112.80539995999999,0.002849266102572967,2.802806306941627,2017,1,114.40529213124395,115.82,116.730003,116.760002
2017-01-04,115.849998,116.510002,115.75,116.019997,110.070328,21118100,116.5559999,112.79379994000001,-0.0011192853875283681,2.755627347898242,2017,1,114.50946663890564,116.150002,115.82,116.730003
2017-01-05,115.919998,116.860001,115.809998,116.610001,110.630081,22193600,116.52200029999999,112.77299992,0.00508536472380694,2.7745742720304114,2017,1,114.6449849847827,116.019997,116.150002,115.82
2017-01-06,116.779999,118.160004,116.470001,117.910004,111.863426,31751900,116.6070009,112.76619999999998,0.011148297649015593,2.8356507940456632,2017,1,114.85563137286124,116.610001,116.019997,116.150002
2017-01-09,117.949997,119.43,117.940002,118.989998,112.888023,33561900,116.87700060000002,112.83420004,0.009159477256908577,2.9135639030175606,2017,1,115.1223647036444,117.910004,116.610001,116.019997
2017-01-10,118.769997,119.379997,118.300003,119.110001,113.001884,24462100,117.136001,112.92679999999999,0.0010085133373982647,2.992683935913899,2017,1,115.37963156147379,118.989998,117.910004,116.610001
2017-01-11,118.739998,119.93,118.599998,119.75,113.609047,27588600,117.38500079999999,113.04739998,0.005373176010635694,3.074263179260582,2017,1,115.66159081557225,119.110001,118.989998,117.910004
2017-01-12,118.900002,119.300003,118.209999,119.25,113.134682,27086200,117.6340006,113.16159995999999,-0.0041753653444676075,3.100899738377897,2017,1,115.89310108553533,119.75,119.110001,118.989998
2017-01-13,119.110001,119.620003,118.809998,119.040001,112.935448,26111900,117.86500039999999,113.31260001999999,-0.0017609979035638768,3.0492441780475135,2017,1,116.09612688646854,119.25,119.75,119.110001
2017-01-17,118.339996,120.239998,118.220001,120.0,113.846252,34439800,118.28300039999999,113.4808001,0.008064507660748399,2.9412138246047164,2017,1,116.34798966798671,119.040001,119.25,119.75
2017-01-18,120.0,120.5,119.709999,119.989998,113.836731,23713000,118.667,113.68400002,-8.335000000003756e-05,2.8159740378529503,2017,1,116.58295794747144,120.0,119.040001,119.25
2017-01-19,119.400002,120.089996,119.370003,119.779999,113.637512,25597300,119.04300020000001,113.90280007999999,-0.0017501375406306918,2.5582601238646343,2017,1,116.7892186605378,119.989998,120.0,119.040001
2017-01-20,120.449997,120.449997,119.730003,120.0,113.846252,32597900,119.3820001,114.09460000000001,0.0018367089817723503,2.3169268956909312,2017,1,116.99636584372891,119.779999,119.989998,120.0
2017-01-23,120.0,120.809998,119.769997,120.080002,113.922127,22050200,119.5989999,114.27500007999998,0.0006666833333333066,2.114708498152826,2017,1,117.19531011187543,120.0,119.779999,119.989998
2017-01-24,119.550003,120.099998,119.5,119.970001,113.817764,23211000,119.69700019999998,114.45680015999999,-0.0009160642752154002,1.9512688226808423,2017,1,117.3743224272383,120.080002,120.0,119.779999
2017-01-25,120.419998,122.099998,120.279999,121.879997,115.629822,32377600,119.9739998,114.73860008,0.01592061335400019,2.0037453613712226,2017,1,117.66501110935195,119.970001,120.080002,120.0
2017-01-26,121.669998,122.440002,121.599998,121.940002,115.686745,26337600,120.19300000000001,115.00880011999999,0.0004923285319740067,1.9750417541339924,2017,1,117.94081697326473,121.879997,119.970001,120.080002
2017-01-27,122.139999,122.349998,121.599998,121.949997,115.696228,20562900,120.4629997,115.33360008,8.196653957726063e-05,2.033388775989453,2017,1,118.19947374918313,121.940002,121.879997,119.970001
2017-01-30,120.93,121.629997,120.660004,121.629997,115.392624,30377500,120.7219993,115.624,-0.0026240263048140644,2.046632951779197,2017,1,118.42079782988098,121.949997,121.940002,121.879997
2017-01-31,121.150002,121.389999,120.620003,121.349998,115.126999,49201000,120.85699910000001,115.8512,-0.0023020554707404717,2.055666181971003,2017,1,118.60977848601769,121.629997,121.949997,121.940002
2017-02-01,127.029999,130.490005,127.010002,128.75,122.147514,111985000,121.7329993,116.22720006000002,0.06098065201451419,2.714708788797577,2017,2,119.26398632562945,121.349998,121.629997,121.949997
2017-02-02,127.980003,129.389999,127.779999,128.529999,121.938789,33710400,122.60799929999999,116.59660007999999,-0.0017087456310679316,3.1846391452263334,2017,2,119.86179359494368,128.75,121.349998,121.629997
2017-02-03,128.309998,129.190002,128.160004,129.080002,122.460602,24507300,123.51599949999999,116.94360006000001,0.004279179991279802,3.6048560298347954,2017,2,120.45651671785053,128.529999,128.75,121.349998
2017-02-06,129.130005,130.5,128.899994,130.289993,123.608551,26845900,124.53699859999999,117.31339985999999,0.009373961738860181,4.040212270020728,2017,2,121.09093454250534,129.080002,128.529999,128.75
2017-02-07,130.539993,132.089996,130.449997,131.529999,124.784935,38183800,125.69299840000001,117.71939978,0.00951727735529162,4.461568202327642,2017,2,121.76442257202112,130.289993,129.080002,128.529999
2017-02-08,131.350006,132.220001,131.220001,132.039993,125.268784,23004100,126.70899800000002,118.12439962,0.003877396821085677,4.8374553593282235,2017,2,122.42736259963266,131.529999,130.289993,129.080002
2017-02-09,131.649994,132.449997,131.119995,132.419998,126.173973,28349900,127.7569976,118.54139958,0.0028779538029812812,5.183258296745424,2017,2,123.07204875449507,132.039993,131.529999,130.289993
2017-02-10,132.460007,132.940002,132.050003,132.119995,125.88813,20065500,128.7739974,118.95459949999999,-0.0022655414932116757,5.423514736332626,2017,2,123.655787221947,132.419998,132.039993,131.529999
2017-02-13,133.080002,133.820007,132.75,133.289993,127.002937,23035400,129.939997,119.40999942,0.00885557102844281,5.674975335082284,2017,2,124.27734888504719,132.119995,132.419998,132.039993
2017-02-14,133.470001,135.089996,133.25,135.020004,128.651382,33226200,131.3069976,119.92059954,0.012979301454385972,5.932521534905252,2017,2,124.97042340859252,133.289993,132.119995,132.419998
2017-02-15,135.520004,136.270004,134.619995,135.509995,129.118271,35623100,131.98299709999998,120.43279940000001,0.0036290252220700925,6.156178552165084,2017,2,125.6503957693285,135.020004,133.289993,132.119995
2017-02-16,135.669998,135.899994,134.839996,135.350006,128.965805,22584600,132.6649978,120.9575995,-0.0011806435385079972,6.288492941455552,2017,2,126.27617707453312,135.509995,135.020004,133.289993
2017-02-17,135.100006,135.830002,135.100006,135.720001,129.318359,22198200,133.3289977,121.47299957999999,0.0027336164285061137,6.400098661376763,2017,2,126.88545603746647,135.350006,135.509995,135.020004
2017-02-21,136.229996,136.75,135.979996,136.699997,130.252136,24507200,133.96999810000003,121.98639954000001,0.007220719074412685,6.558383776112896,2017,2,127.51865222859766,135.720001,135.350006,135.509995
2017-02-22,136.429993,137.119995,136.110001,137.110001,130.642776,20836900,134.52799829999998,122.4861995,0.002999297798082834,6.7195715337149045,2017,2,128.13744892352685,136.699997,135.720001,135.350006
2017-02-23,137.380005,137.479996,136.300003,136.529999,130.090134,20788200,134.97699889999998,122.93779954,-0.004230194703302548,6.798696257471347,2017,2,128.67890376717028,137.110001,136.699997,135.720001
2017-02-24,135.910004,136.660004,135.279999,136.660004,130.21402,21776600,135.4009995,123.40499956,0.0009522083128410408,6.858739851380764,2017,2,129.1938134596109,136.529999,137.110001,136.699997
2017-02-27,137.139999,137.440002,136.279999,136.929993,130.471252,20257400,135.88199930000002,123.83979938,0.0019756255824492364,6.859776576826458,2017,2,129.69292181705538,136.660004,136.529999,137.110001
2017-02-28,137.080002,137.440002,136.699997,136.990005,130.528458,23482900,136.25200049999998,124.27579944000001,0.0004382677504408683,6.80022151168458,2017,2,130.16370137724536,136.929993,136.660004,136.529999
2017-03-01,137.889999,140.149994,137.600006,139.789993,133.19635,36414600,136.7289994,124.7551993,0.020439359791249112,6.85955459737673,2017,3,130.78475244968115,136.990005,136.929993,136.660004
2017-03-02,140.0,140.279999,138.759995,138.960007,132.405502,26211000,137.0740006,125.21499942,-0.005937377792128662,6.814379612529556,2017,3,131.31218822712106,139.789993,136.990005,136.929993
2017-03-03,138.779999,139.830002,138.589996,139.779999,133.186829,21108100,137.5169999,125.67779941999999,0.0059009208311282535,6.731220745306817,2017,3,131.85849859956485,138.960007,139.789993,136.990005
2017-03-06,139.369995,139.770004,138.600006,139.339996,132.767578,21750000,137.8789994,126.12559940000001,-0.0031478251763329412,6.572581427896089,2017,3,132.34117585120583,139.779999,138.960007,139.789993
2017-03-07,139.059998,139.979996,138.789993,139.520004,132.939102,17446300,138.1610001,126.57479952000001,0.001291861670499772,6.3549328197885675,2017,3,132.80432605435385,139.339996,139.779999,138.960007
2017-03-08,138.949997,139.800003,138.820007,139.0,132.443634,18707200,138.35,127.02899950000001,-0.0037270927830534983,6.031249292675039,2017,3,133.20404695407294,139.520004,139.339996,139.779999
2017-03-09,138.740005,138.789993,137.050003,138.679993,132.138687,22155900,138.5649994,127.47219942,-0.0023022086330936053,5.750285650887932,2017,3,133.55733379574565,139.0,139.520004,139.339996
2017-03-10,139.25,139.360001,138.639999,139.139999,132.577026,19612800,138.8129989,127.90979936,0.00331703218358248,5.4141504059612275,2017,3,133.91750574440724,138.679993,139.0,139.520004
2017-03-13,138.850006,139.429993,138.820007,139.199997,132.634171,17421700,139.0399993,128.35859926,0.00043120598268808763,4.990784287867481,2017,3,134.25831163186484,139.139999,138.679993,139.0
2017-03-14,139.300003,139.649994,138.839996,138.990005,132.434113,15309100,139.2399993,128.8037993,-0.0015085632509029834,4.412127031948279,2017,3,134.5635821717445,139.199997,139.139999,138.679993
2017-03-15,139.410004,140.75,139.029999,140.460007,133.834778,25691800,139.3070007,129.29659944000002,0.010576314462324099,3.668841224492164,2017,3,134.94399667679326,138.990005,139.199997,139.139999
2017-03-16,140.720001,141.020004,140.259995,140.690002,134.053879,19232000,139.4800002,129.78739944,0.0016374411828130597,3.524606695287314,2017,3,135.3147066976453,140.460007,138.990005,139.199997
2017-03-17,141.0,141.0,139.889999,139.990005,133.386948,43885000,139.50100079999999,130.26679959999998,-0.004975456607072881,3.2795161155346033,2017,3,135.61633884618433,140.690002,140.460007,138.990005
2017-03-20,140.399994,141.5,140.229996,141.460007,134.787598,21542000,139.7130019,130.76379971999998,0.0105007639652559,3.078443886119025,2017,3,135.99334969481762,139.990005,140.690002,140.460007
2017-03-21,142.110001,142.800003,139.729996,139.839996,133.244003,39529900,139.7450011,131.20239956,-0.011452077759334323,2.8486654911130156,2017,3,136.24152042418424,141.460007,139.990005,140.690002
2017-03-22,139.850006,141.600006,139.759995,141.419998,134.749481,25860200,139.98700089999997,131.65099956,0.011298641627535355,2.728592356767023,2017,3,136.57561575165622,139.839996,141.460007,139.990005
2017-03-23,141.259995,141.580002,140.610001,140.919998,134.273041,20346300,140.2110014,132.0871995,-0.0035355678621915576,2.5798068737668,2017,3,136.8558984773558,141.419998,139.839996,141.460007
2017-03-24,141.5,141.740005,140.350006,140.639999,134.006271,22395600,140.3610014,132.50499948,-0.0019869358783272117,2.406465109204611,2017,3,137.10003399494576,140.919998,141.419998,139.839996
2017-03-27,139.389999,141.220001,138.619995,140.880005,134.23497,23575100,140.52900219999998,132.93759958,0.0017065273158884953,2.16353157040005,2017,3,137.34390309204605,140.639999,140.919998,141.419998
2017-03-28,140.910004,144.039993,140.619995,143.800003,137.017227,33374800,141.01000200000001,133.43279962,0.020726844806684852,2.144378108830855,2017,3,137.76042566675275,140.880005,140.639999,140.919998
2017-03-29,143.679993,144.490005,143.190002,144.119995,137.322098,29190000,141.37600079999999,133.91519952000002,0.0022252572553840277,2.2282450616946643,2017,3,138.17072046244613,143.800003,140.880005,140.639999
2017-03-30,144.190002,144.5,143.5,143.929993,137.141052,21207300,141.6999999,134.39399942,-0.0013183597459880403,2.2851544249288427,2017,3,138.5422864326109,144.119995,143.800003,140.880005
2017-03-31,143.720001,144.270004,143.009995,143.660004,136.883835,19661700,142.0669998,134.87159952,-0.0018758355668092586,2.278687928652089,2017,3,138.87246175953922,143.929993,144.119995,143.800003
2017-04-03,143.710007,144.119995,143.050003,143.699997,136.921936,19985700,142.2909988,135.34559946,0.00027838646029842984,2.2643933875769133,2017,4,139.18391564602058,143.660004,143.929993,144.119995
2017-04-04,143.25,144.889999,143.169998,144.770004,137.941467,19891400,142.7839996,135.8393995,0.0074461170656809905,2.3416645243940093,2017,4,139.54430844305153,143.699997,143.660004,143.929993
2017-04-05,144.220001,145.460007,143.809998,144.020004,137.226852,27717900,143.0440002,136.32039956,-0.005180631203132391,2.363928041371539,2017,4,139.83306299511273,144.770004,143.699997,143.660004
2017-04-06,144.289993,144.520004,143.449997,143.660004,136.883835,21149000,143.3180008,136.75599970000002,-0.00249965275657138,2.313023929266091,2017,4,140.07996241478287,144.020004,144.770004,143.699997
2017-04-07,143.729996,144.179993,143.270004,143.339996,136.578903,16672200,143.5880005,137.18399958,-0.0022275371786845133,2.2309702968344447,2017,4,140.29028716221623,143.660004,144.020004,144.770004
2017-04-10,143.600006,143.880005,142.899994,143.169998,136.416931,18933400,143.81699980000002,137.6083996,-0.001185977429495777,2.134896550999755,2017,4,140.47607495820228,143.339996,143.660004,144.020004
2017-04-11,142.940002,143.350006,140.059998,141.630005,134.949585,30379400,143.6,138.00839976,-0.01075639464631395,1.9877285390122688,2017,4,140.5505220576731,143.169998,143.339996,143.660004
2017-04-12,141.600006,142.149994,141.009995,141.800003,135.111526,20350000,143.36800079999998,138.41739986,0.0012002965049673353,1.9694484324174177,2017,4,140.63113373137162,141.630005,143.169998,143.339996
2017-04-13,141.910004,142.380005,141.050003,141.050003,134.396927,17822900,143.0800018,138.66339992,-0.005289139521386321,1.9182788537287334,2017,4,140.6581575551541,141.800003,141.630005,143.169998
2017-04-17,141.479996,141.880005,140.869995,141.830002,135.140137,16582100,142.8970016,138.92939998,0.005529946709749378,1.8942056025681744,2017,4,140.7337604225635,141.050003,141.800003,141.630005
2017-04-18,141.410004,142.039993,141.110001,141.199997,134.539871,14697500,142.6470016,139.17179988,-0.004441972721681342,1.851419704746106,2017,4,140.76384020175297,141.830002,141.050003,141.800003
2017-04-19,141.880005,142.0,140.449997,140.679993,134.044388,17328400,142.2380005,139.37959988,-0.0036827479535994634,1.8193907051656741,2017,4,140.75843070486567,141.199997,141.830002,141.050003
2017-04-20,141.220001,142.919998,141.160004,142.440002,135.721359,23319600,142.0800003,139.59779994000002,0.012510727093937302,1.7579584599781517,2017,4,140.8669191755195,140.679993,141.199997,141.830002
2017-04-21,142.440002,142.679993,141.850006,142.270004,135.559402,17320900,141.94100029999998,139.80240016,-0.001193470918372963,1.6647527172609515,2017,4,140.9574407770989,142.440002,140.679993,141.199997
2017-04-24,143.5,143.949997,143.179993,143.639999,136.864777,17134300,141.9710006,140.02680018,0.009629542148603454,1.616676349790654,2017,4,141.13050904954412,142.270004,142.440002,140.679993
2017-04-25,143.910004,144.899994,143.869995,144.529999,137.712784,18871500,142.1070007,140.27500025999998,0.006196045712866027,1.5941033818115233,2017,4,141.3498309818316,143.639999,142.270004,142.440002
2017-04-26,144.470001,144.600006,143.380005,143.679993,136.902878,20041200,142.3119995,140.48280026,-0.005881173499489245,1.5006495644804887,2017,4,141.50016401526184,144.529999,143.639999,142.270004
2017-04-27,143.919998,144.160004,143.309998,143.789993,137.007675,14246300,142.5109985,140.65820004,0.0007655902377445845,1.4823392420745112,2017,4,141.647894917503,143.679993,144.529999,143.639999
2017-04-28,144.089996,144.300003,143.270004,143.649994,136.874298,20860400,142.77099760000002,140.82100001999999,-0.0009736352097883261,1.461699130290346,2017,4,141.77706260024473,143.789993,143.679993,144.529999
2017-05-01,145.100006,147.199997,144.960007,146.580002,139.666107,33602900,143.24599759999998,141.04559994,0.020396854315218427,1.5606701551182438,2017,5,142.08692965829346,143.649994,143.789993,143.679993
2017-05-02,147.539993,148.089996,146.839996,147.509995,140.5522,45352200,143.8769974,141.28139982000002,0.006344610365061953,1.7672282766555663,2017,5,142.43680484162934,146.580002,143.649994,143.789993
2017-05-03,145.589996,147.490005,144.270004,147.059998,140.123459,45697000,144.5149979,141.48859983999998,-0.003050620400332882,1.821524554333643,2017,5,142.73507536797584,147.509995,146.580002,143.649994
2017-05-04,146.520004,147.139999,145.809998,146.529999,139.618454,23371900,144.92399759999998,141.6769998,-0.0036039644172985996,1.8890365064698478,2017,5,142.9799091506871,147.059998,147.509995,146.580002
2017-05-05,146.759995,148.979996,146.759995,148.960007,141.933823,27327700,145.5929979,141.92559996,0.016583689460067497,2.0919268708170424,2017,5,143.3657219151589,146.529999,147.059998,147.509995
2017-05-08,149.029999,153.699997,149.029999,153.009995,145.792801,48752400,146.52999749999998,142.25259978,0.027188425145549422,2.633770108946065,2017,5,143.98793308192285,148.960007,146.529999,147.059998
2017-05-09,153.869995,154.880005,153.449997,153.990005,146.726563,39130400,147.47599810000003,142.59380002,0.006404875707629376,3.133382649142903,2017,5,144.63322804437945,153.009995,148.960007,146.529999
2017-05-10,153.630005,153.940002,152.110001,153.259995,146.031006,25805700,148.43399829999998,142.91919982,-0.0047406323546778095,3.5165601395015766,2017,5,145.18979365441947,153.990005,153.009995,148.960007
2017-05-11,152.449997,154.070007,152.309998,153.949997,147.2939,27255100,149.4499987,143.2023999,0.004502166400305541,3.8908053832191247,2017,5,145.7549680638118,153.259995,153.990005,153.009995
2017-05-12,154.699997,156.419998,154.669998,156.100006,149.350983,32527000,150.6949999,143.54519988,0.013965631970749737,4.368664281071186,2017,5,146.42238986614652,153.949997,153.259995,153.990005
2017-05-15,156.009995,156.649994,155.050003,155.699997,148.968277,26009700,151.6069994,143.86359984,-0.0025625175184170734,4.73040307895597,2017,5,147.0209451651048,156.100006,153.949997,153.259995
2017-05-16,155.940002,156.059998,154.720001,155.470001,148.748199,20048500,152.403,144.18619994,-0.0014771740811273526,5.019477587802647,2017,5,147.56604554154967,155.699997,156.100006,153.949997
2017-05-17,153.600006,154.570007,149.710007,150.25,143.753906,50767700,152.7220002,144.40079985999998,-0.033575615658483215,5.06108025293377,2017,5,147.73920389370775,155.470001,155.699997,156.100006
2017-05-18,151.270004,153.339996,151.130005,152.539993,145.944885,33568200,153.3229996,144.67159972,0.01524121797005007,5.1557632157486095,2017,5,148.04893222314595,150.25,155.470001,155.699997
2017-05-19,153.380005,153.979996,152.630005,153.059998,146.442398,26960800,153.7329987,144.95919981999998,0.003408974851598412,5.244751360981809,2017,5,148.3722267893946,152.539993,150.25,155.470001
2017-05-22,154.0,154.580002,152.910004,153.990005,147.332184,22966400,153.8309997,145.25619994000002,0.006076094421482825,5.341778061705773,2017,5,148.73466409330464,153.059998,152.539993,150.25
2017-05-23,154.899994,154.899994,153.309998,153.800003,147.150406,19918900,153.8119995,145.54820006,-0.0012338593014527,5.400728950508994,2017,5,149.0614601518011,153.990005,153.059998,152.539993
2017-05-24,153.839996,154.169998,152.669998,153.339996,146.710327,19178000,153.81999960000002,145.83519988,-0.0029909427244938502,5.36257558537331,2017,5,149.33749472265265,153.800003,153.990005,153.059998
2017-05-25,153.729996,154.350006,153.029999,153.869995,147.217361,19235600,153.8119994,146.10339964000002,0.0034563650308168103,5.319338896462253,2017,5,149.62991409538475,153.339996,153.800003,153.990005
2017-05-26,154.0,154.240005,153.309998,153.610001,146.968643,21927600,153.5629989,146.36179962,-0.0016896991515465976,5.198245508596659,2017,5,149.8866938956825,153.869995,153.339996,153.800003
2017-05-30,153.419998,154.429993,153.330002,153.669998,147.026047,20126900,153.35999900000002,146.63539948,0.00039058003781922146,5.082523186548741,2017,5,150.1307780314449,153.610001,153.869995,153.339996
2017-05-31,153.970001,154.169998,152.380005,152.759995,146.15538,24451200,153.08899839999998,146.86139924,-0.005921800038026892,4.872951827559311,2017,5,150.30040493264198,153.669998,153.610001,153.869995
2017-06-01,153.169998,153.330002,152.220001,153.179993,146.55722,16404100,153.3819977,147.12819918,0.00274939783809236,4.593563660157564,2017,6,150.48618480795542,152.759995,153.669998,153.610001
2017-06-02,153.580002,155.449997,152.889999,155.449997,148.72908,27770700,153.67299810000003,147.40879916,0.014819193783355278,4.446859137983669,2017,6,150.80643075582927,153.179993,152.759995,153.669998
2017-06-05,154.339996,154.449997,153.460007,153.929993,147.27478,25331700,153.7599976,147.66899906,-0.00977808960652471,4.192347471166884,2017,6,151.0079509006145,155.449997,153.179993,152.759995
2017-06-06,153.899994,155.809998,153.779999,154.449997,147.772324,26624900,153.8059968,147.94519902,0.0033781850428591387,3.9953225821123612,2017,6,151.23001839089744,153.929993,155.449997,153.179993
2017-06-07,155.020004,155.979996,154.479996,155.369995,148.652527,21069600,153.962996,148.23499882,0.00595660743198323,3.8408022370885346,2017,6,151.49711365600083,154.449997,153.929993,155.449997
2017-06-08,155.25,155.539993,154.399994,154.990005,148.288956,21250800,154.1279969,148.45879886,-0.0024457103187780493,3.566618902760456,2017,6,151.72246148464598,155.369995,154.449997,153.929993
2017-06-09,155.190002,155.190002,146.020004,148.979996,142.538773,64882700,153.638997,148.55599887999998,-0.03877675208798137,3.261050057976836,2017,6,151.54552822757202,154.990005,155.369995,154.449997
2017-06-12,145.740005,146.089996,142.509995,145.419998,139.132721,72307300,152.8199967,148.58579898,-0.023895812159909102,3.1117419224475165,2017,6,151.150332729019,148.979996,154.990005,155.369995
2017-06-13,147.160004,147.449997,145.149994,146.589996,140.252151,34165400,152.11199649999998,148.64439882,0.008045647201838202,3.11110233968381,2017,6,150.85611745617908,145.419998,148.979996,154.990005
2017-06-14,147.5,147.5,143.839996,145.160004,138.883957,31531200,151.35199740000002,148.67359896,-0.009755044948633662,3.263283266248871,2017,6,150.48862626545784,146.589996,145.419998,148.979996
2017-06-15,143.320007,144.479996,142.210007,144.289993,138.051559,32165400,150.4629974,148.66399874,-0.00599346222117747,3.449962109961763,2017,6,150.08871444187992,145.160004,146.589996,145.419998
2017-06-16,143.779999,144.5,142.199997,142.270004,136.118942,50361100,149.1449981,148.62899874000001,-0.013999508614571887,3.764270207453855,2017,6,149.58428151014573,144.289993,145.160004,146.589996
2017-06-19,143.660004,146.740005,143.660004,146.339996,140.012955,32541400,148.3859984,148.68259858,0.028607520106627815,3.867342141442271,2017,6,149.3749727675557,142.270004,144.289993,145.160004
2017-06-20,146.869995,146.869995,144.940002,145.009995,138.740433,24900100,147.4419982,148.71599856,-0.009088431299396849,4.063271600981569,2017,6,149.09336129868112,146.339996,142.270004,144.289993
2017-06-21,145.520004,146.070007,144.610001,145.869995,139.563263,21265800,146.49199819999998,148.7699985,0.005930625678595369,4.173927344424866,2017,6,148.8854021826372,145.009995,146.339996,142.270004
2017-06-22,145.770004,146.699997,145.119995,145.630005,139.333679,19106300,145.55599820000003,148.8499985,-0.0016452321123338054,4.288966966881293,2017,6,148.6753765579509,145.869995,145.009995,146.339996
2017-06-23,145.130005,147.160004,145.110001,146.279999,139.955536,35439400,145.2859985,148.93959842,0.004463324711140304,4.345643671634292,2017,6,148.52083607034115,145.630005,145.869995,145.009995
2017-06-26,147.169998,148.279999,145.380005,145.820007,139.515442,25692400,145.3259994,149.0349985,-0.003144599419911076,4.327741869144051,2017,6,148.34658903354492,146.279999,145.630005,145.869995
2017-06-27,145.009995,146.160004,143.619995,143.729996,137.515778,24761900,145.0399994,149.07299838,-0.014332813740709827,4.389783891050536,2017,6,148.0487443217033,145.820007,146.279999,145.630005
2017-06-28,144.490005,146.110001,143.160004,145.830002,139.524994,22082400,145.1069992,149.16559848,0.014610770600731238,4.341049513968361,2017,6,147.90559965578697,143.729996,145.820007,146.279999
2017-06-29,144.710007,145.130005,142.279999,143.679993,137.467957,31499400,145.04599919999998,149.22559848,-0.014743255643650088,4.483525348634975,2017,6,147.63297987154266,145.830002,143.729996,145.820007
2017-06-30,144.449997,144.960007,143.779999,144.020004,137.793259,23024100,145.2209992,149.25719852,0.0023664463847796746,4.562016934194321,2017,6,147.39988465402377,143.679993,145.830002,143.729996
2017-07-03,144.880005,145.300003,143.100006,143.5,137.295715,14277800,144.93699959999998,149.28179844,-0.0036106373111890466,4.627093313936521,2017,7,147.14827919247384,144.020004,143.679993,145.830002
2017-07-05,143.690002,144.789993,142.720001,144.089996,137.860229,21569600,144.84499970000002,149.29079837999998,0.004111470383275417,4.613991235206743,2017,7,146.95097059941102,143.5,144.020004,143.679993
2017-07-06,143.020004,143.5,142.410004,142.729996,136.559036,24128800,144.53099980000002,149.25479832000002,-0.009438545615616634,4.634476949565995,2017,7,146.67864965751352,144.089996,143.5,144.020004
2017-07-07,142.899994,144.75,142.899994,144.179993,137.946335,19201700,144.38599860000002,149.26479831999998,0.010159020812976038,4.594502340638044,2017,7,146.51744600219007,142.729996,144.089996,143.5
2017-07-10,144.110001,145.949997,143.369995,145.059998,138.788269,21090600,144.2639985,149.29019842000002,0.006103516734114578,4.48824044343977,2017,7,146.42341709882297,144.179993,142.729996,144.089996
2017-07-11,144.729996,145.850006,144.380005,145.529999,139.237961,19781800,144.2349977,149.32779852,0.003240045543086323,4.363914429559678,2017,7,146.36577722147953,145.059998,144.179993,142.729996
2017-07-12,145.869995,146.179993,144.820007,145.740005,139.438904,24884500,144.4359986,149.31099858000002,0.001443042681529727,4.21234690584023,2017,7,146.32540482009375,145.529999,145.059998,144.179993
2017-07-13,145.5,148.490005,145.440002,147.770004,141.381149,25199400,144.6299988,149.31619876000002,0.0139289071658808,4.081554592246374,2017,7,146.4186047671845,145.740005,145.529999,145.059998
2017-07-14,147.970001,149.330002,147.330002,149.039993,142.596207,20132100,145.1659988,149.35579866,0.008594362628561614,3.933749260364548,2017,7,146.58772658865647,147.770004,145.740005,145.529999
2017-07-17,148.820007,150.899994,148.570007,149.559998,143.093735,23793500,145.7199982,149.41639864,0.003489029954530487,3.626890313629144,2017,7,146.7794860345496,149.039993,147.770004,145.740005
2017-07-18,149.199997,150.130005,148.669998,150.080002,143.591248,17868800,146.37799840000002,149.43879854,0.00347689226366521,3.424542536693779,2017,7,146.9924225484496,149.559998,149.039993,147.770004
2017-07-19,150.479996,151.419998,149.949997,151.020004,144.490616,20923000,147.07099920000002,149.39899872,0.006263339468772111,3.2023304495777136,2017,7,147.25226651306576,150.080002,149.559998,149.039993
2017-07-20,151.5,151.740005,150.190002,150.339996,143.839996,17243700,147.83199919999998,149.32599854,-0.004502767726055623,2.8292919850242413,2017,7,147.45147486706153,151.020004,150.080002,149.559998
2017-07-21,149.990005,150.440002,148.880005,150.270004,143.773026,26252600,148.44100029999998,149.26619872,-0.0004655580807652049,2.4318463492926856,2017,7,147.63331545628338,150.339996,151.020004,150.080002
2017-07-24,150.580002,152.440002,149.899994,152.089996,145.514374,21493200,149.14400010000003,149.2289987,0.012111479014800697,2.6168789943638546,2017,7,147.92084323329735,150.270004,150.339996,151.020004
2017-07-25,151.800003,153.839996,151.800003,152.740005,146.136246,18853900,149.8650007,149.16179868,0.0042738445466194985,2.8678484488435703,2017,7,148.23175689566526,152.089996,150.270004,150.339996
2017-07-26,153.350006,153.929993,153.059998,153.460007,146.825134,15781000,150.63700090000003,149.11699887999998,0.004713905829713649,3.1388081462017126,2017,7,148.56906335400944,152.740005,152.089996,150.270004
2017-07-27,153.75,153.990005,147.300003,150.559998,144.050507,32476300,150.9160003,149.01879882,-0.01889749034091981,3.2014036998510607,2017,7,148.69751075052497,153.460007,152.740005,152.089996
2017-07-28,149.889999,150.229996,149.190002,149.5,143.036331,17213700,150.96200100000001,149.00379882000001,-0.007040369381513978,3.1971263730868342,2017,7,148.7492842504911,150.559998,153.460007,152.740005
2017-07-31,149.899994,150.330002,148.130005,148.729996,142.299622,19845900,150.87900080000003,148.92759888,-0.005150528428093604,3.0788853427811564,2017,7,148.7480398472336,149.5,150.559998,153.460007
2017-08-01,149.100006,150.220001,148.410004,150.050003,143.562546,35368600,150.87600089999998,148.86739898,0.008875190180197334,3.1144075039166403,2017,8,148.8320374699927,148.729996,149.5,150.559998
2017-08-02,159.279999,159.75,156.160004,157.139999,150.346008,69936800,151.48800039999998,148.93039886,0.04725088875872929,3.5506685523191432,2017,8,149.3680349880577,150.050003,148.729996,149.5
2017-08-03,157.050003,157.210007,155.020004,155.570007,148.843903,27097300,152.0110015,148.96579894,-0.009991039900668408,3.8015244405873108,2017,8,149.7681622146346,157.139999,150.050003,148.729996
2017-08-04,156.070007,157.399994,155.690002,156.389999,149.628448,20559900,152.623001,149.02679899999998,0.005270887466116703,4.057046586867554,2017,8,150.19537749110978,155.570007,157.139999,150.050003
2017-08-07,157.059998,158.919998,156.669998,158.809998,151.943817,21870300,153.29500119999997,149.12559905999998,0.015474128879558569,4.448483439846445,2017,8,150.75115945942528,156.389999,155.570007,157.139999
2017-08-08,158.600006,161.830002,158.270004,160.080002,153.158905,36205900,154.0290009,149.25499908,0.007997002808349585,4.851521139680822,2017,8,151.35302026849462,158.809998,156.389999,155.570007
2017-08-09,159.259995,161.270004,159.110001,161.059998,154.096527,26131500,154.78900000000002,149.40279908,0.0061219139664927535,5.176859655531317,2017,8,151.9792768963337,160.080002,158.809998,156.389999
2017-08-10,159.899994,160.0,154.630005,155.320007,149.188263,40804300,155.2650009,149.45399932,-0.03563883690101621,5.206034526312811,2017,8,152.19480787076375,161.059998,160.080002,158.809998
2017-08-11,156.600006,158.570007,156.070007,157.479996,151.263,26257100,156.0630005,149.53999938,0.013906701665291621,5.213310935790077,2017,8,152.53578775006932,155.320007,161.059998,160.080002
2017-08-14,159.320007,160.210007,158.75,159.850006,153.539444,22122700,157.17500149999998,149.62799956,0.015049593981447673,5.310908285390199,2017,8,153.00767279845198,157.479996,155.320007,161.059998
2017-08-15,160.660004,162.199997,160.139999,161.600006,155.220322,29465500,158.33000180000002,149.78139982,0.010947763117381326,5.426044584499487,2017,8,153.5620168759712,159.850006,157.479996,155.320007
2017-08-16,161.940002,162.509995,160.149994,160.949997,154.596008,27671600,158.7110016,149.91139982,-0.004022332771448145,5.466359896316362,2017,8,154.03866075494082,161.600006,159.850006,157.479996
2017-08-17,160.520004,160.710007,157.839996,157.860001,151.627991,27940600,158.940001,149.96119994,-0.01919848435908944,5.2342295521879,2017,8,154.2851988352672,160.949997,161.600006,159.850006
2017-08-18,157.860001,159.5,156.720001,157.5,151.282242,27428100,159.0510011,150.01139984000002,-0.002280508030656936,5.027469190445599,2017,8,154.49260536202416,157.860001,160.949997,161.600006
2017-08-21,157.5,157.889999,155.110001,157.210007,151.003662,26368500,158.89100200000001,150.17600006,-0.0018412253968254078,4.819916264566428,2017,8,154.6679215967323,157.5,157.860001,160.949997
2017-08-22,158.229996,160.0,158.020004,159.779999,153.472183,21604600,158.8610017,150.46320008,0.0163475089725047,4.679301013508076,2017,8,154.9977330421044,157.210007,157.5,157.860001
2017-08-23,159.070007,160.470001,158.880005,159.979996,153.664276,19399100,158.7530015,150.73100008,0.0012517023485523193,4.5051157809053395,2017,8,155.31916936196862,159.779999,157.210007,157.5
2017-08-24,160.429993,160.740005,158.550003,159.270004,152.9823,19818900,159.1480012,151.01320008000002,-0.004438004861557765,4.38033242078764,2017,8,155.57406191926097,159.979996,159.779999,157.210007
2017-08-25,159.649994,160.559998,159.270004,159.860001,153.549042,25480100,159.3860017,151.32460024,0.003704382402100137,4.308189286111811,2017,8,155.8505741180183,159.270004,159.979996,159.779999
2017-08-28,160.139999,162.0,159.929993,161.470001,155.095474,25966000,159.5480012,151.70860018,0.010071312335347526,4.293499510655886,2017,8,156.2131177878236,159.860001,159.270004,159.979996
2017-08-29,160.100006,163.119995,160.0,162.910004,156.478622,29516900,159.679001,152.04000034,0.008918083799355436,4.335932523367671,2017,8,156.6451749628027,161.470001,159.860001,159.270004
2017-08-30,163.800003,163.889999,162.610001,163.350006,156.90126,27269600,159.9190019,152.40680056,0.0027008899956815213,4.402541896531465,2017,8,157.077744707138,162.910004,161.470001,159.860001
2017-08-31,163.639999,164.520004,163.479996,164.0,157.525589,26785100,160.53300180000002,152.76940066,0.003979148920263853,4.427755000350319,2017,8,157.52434182280652,163.350006,162.910004,161.470001
2017-09-01,164.800003,164.940002,163.630005,164.050003,157.573639,16591100,161.1880021,153.13780062,0.00030489634146335653,4.402895261503537,2017,9,157.94535222133513,164.0,163.350006,162.910004
2017-09-05,163.75,164.25,160.559998,162.080002,155.681396,29468500,161.6750016,153.45380068,-0.012008539859642675,4.347610383890642,2017,9,158.21210381995866,164.050003,164.0,163.350006
2017-09-06,162.710007,162.990005,160.520004,161.910004,155.518097,21651700,161.8880021,153.77560062,-0.0010488524056164739,4.290394686883673,2017,9,158.45067802512258,162.080002,164.050003,164.0
2017-09-07,162.089996,162.240005,160.360001,161.259995,154.893768,21928500,162.01600200000001,154.1262006,-0.004014631486266795,4.225372986972011,2017,9,158.63192428156628,161.910004,162.080002,164.050003
2017-09-08,160.860001,161.149994,158.529999,158.630005,152.367615,28611500,161.95200210000002,154.38220066000002,-0.016309004598443644,3.9490282792766678,2017,9,158.63180045694912,161.259995,161.910004,162.080002
2017-09-11,160.5,162.050003,159.889999,161.5,155.124313,31580800,162.116002,154.73860079999997,0.018092384224535518,3.564817897197776,2017,9,158.81684558875887,158.630005,161.259995,161.910004
2017-09-12,162.610001,163.960007,158.770004,160.860001,154.509583,71714000,162.055002,155.07540074,-0.003962842105263098,2.9771713272058165,2017,9,158.94866206690344,161.5,158.630005,161.259995
2017-09-13,159.869995,159.960007,157.910004,159.649994,153.347336,44907400,161.729001,155.39840062,-0.007522112349110488,2.370157542287441,2017,9,158.99390928839352,160.860001,161.5,158.630005
2017-09-14,158.990005,159.399994,158.089996,158.279999,152.031403,23760700,161.2220003,155.68220068,-0.008581240535467827,2.3330189951086684,2017,9,158.94785056011006,159.649994,160.860001,161.5
2017-09-15,158.470001,160.970001,158.0,159.880005,153.568253,49114600,160.81000079999998,156.02520086,0.010108706154338565,2.181757845481174,2017,9,159.007989556232,158.279999,159.649994,160.860001
2017-09-18,160.110001,160.5,158.0,158.669998,152.406006,28269400,160.2720003,156.31500096,-0.007568219678251942,2.085874533882698,2017,9,158.9861836493783,159.880005,158.279999,159.649994
2017-09-19,159.509995,159.770004,158.440002,158.729996,152.463638,20810600,159.9369997,156.58840092,0.00037813071630599104,2.0877239778190764,2017,9,158.96965541393453,158.669998,159.880005,158.279999
2017-09-20,157.899994,158.259995,153.830002,156.070007,149.908676,52951400,159.353,156.79920108,-0.016757947880248092,2.217845236466766,2017,9,158.78258132271293,158.729996,158.669998,159.880005
2017-09-21,155.800003,155.800003,152.75,153.389999,147.334442,37511700,158.5660004,156.95220096,-0.01717183238160558,2.5173564493216722,2017,9,158.4346727857637,156.070007,158.729996,158.669998
2017-09-22,151.539993,152.270004,150.559998,151.889999,145.893661,46645400,157.8919998,157.03460085999998,-0.009778994783095296,2.7899598928683726,2017,9,158.01243576732733,153.389999,156.070007,158.729996
2017-09-25,149.990005,151.830002,149.160004,150.550003,144.606583,44387300,156.7970001,157.06480106,-0.00882214766490308,3.229319696215488,2017,9,157.5309884920159,151.889999,153.389999,156.070007
2017-09-26,151.779999,153.919998,151.690002,153.139999,147.094315,36660000,156.02499989999998,157.13640107999998,0.01720355993616285,3.4258341215684736,2017,9,157.24769884736972,150.550003,151.889999,153.389999
2017-09-27,153.800003,154.720001,153.539993,154.229996,148.141296,25504200,155.48300009999997,157.21940096,0.007117650562346034,3.5116641839842466,2017,9,157.0530083410878,153.139999,150.550003,151.889999
2017-09-28,153.889999,154.279999,152.699997,153.279999,147.228806,22005500,154.9830001,157.26460086,-0.006159612427144134,3.6389624955216697,2017,9,156.80958838359828,154.229996,153.139999,150.550003
2017-09-29,153.210007,154.130005,152.0,154.119995,148.035614,26299800,154.4069991,157.34020084,0.005480140954332802,3.731893444499977,2017,9,156.63606622981774,153.279999,154.229996,153.139999
2017-10-02,154.259995,154.449997,152.720001,153.809998,147.737885,18698800,153.9209991,157.41100072,-0.0020114002728846003,3.828392498413251,2017,10,156.45373924724885,154.119995,153.279999,154.229996
2017-10-03,154.009995,155.089996,153.910004,154.479996,148.381439,16230300,153.4959991,157.45880072,0.004356010719147152,3.891070345656654,2017,10,156.3264009732328,153.809998,154.119995,153.279999
2017-10-04,153.630005,153.860001,152.460007,153.479996,147.420914,20163800,153.236998,157.47360054,-0.006473330048506698,3.981271097347367,2017,10,156.14276194270164,154.479996,153.809998,154.119995
2017-10-05,154.179993,155.440002,154.050003,155.389999,149.255493,21283800,153.436998,157.51220038000002,0.01244463806214835,3.9970558056659202,2017,10,156.0941965915596,153.479996,154.479996,153.809998
2017-10-06,154.970001,155.490005,154.559998,155.300003,149.169022,17407600,153.77799839999997,157.60700047999998,-0.0005791621119708434,4.019432092647002,2017,10,156.04295829532995,155.389999,153.479996,154.479996
2017-10-09,155.809998,156.729996,155.490005,155.839996,149.687729,16262900,154.3069977,157.7338004,0.003477095876166958,4.017948901335875,2017,10,156.02986395369578,155.300003,155.389999,153.479996
2017-10-10,156.059998,158.0,155.100006,155.899994,149.745346,15617000,154.5829972,157.87720036,0.00038499744314668405,3.9680275469329556,2017,10,156.0214852470057,155.839996,155.300003,155.389999
2017-10-11,155.970001,156.979996,155.75,156.550003,150.369705,16905600,154.8149979,158.00720036,0.004169397209855097,3.839850853209916,2017,10,156.0555831665537,155.899994,155.839996,155.300003
2017-10-12,156.350006,157.369995,155.729996,156.0,149.841446,16125100,155.086998,157.98440038,-0.0035132736471427117,3.6742259458801025,2017,10,156.05199715580832,156.550003,155.899994,155.839996
2017-10-13,156.729996,157.279999,156.410004,156.990005,150.792358,16394200,155.373999,158.01280033999998,0.006346185897435852,3.4352375640684176,2017,10,156.11251379091746,156.0,156.550003,155.899994
2017-10-16,157.899994,160.0,157.649994,159.880005,153.568253,24121500,155.9809997,158.08260045999998,0.01840881526183802,3.211509963205996,2017,10,156.35557773989052,156.990005,156.0,156.550003
2017-10-17,159.779999,160.869995,159.229996,160.470001,154.134949,18997300,156.5800002,158.11580052000002,0.0036902425666047733,3.131385059851098,2017,10,156.62102440183307,159.880005,156.990005,156.0
2017-10-18,160.419998,160.710007,159.600006,159.759995,153.452988,16374200,157.2080001,158.10940037999998,-0.004424540384965758,3.0303194354211165,2017,10,156.82353863397287,160.470001,159.880005,156.990005
2017-10-19,156.75,157.080002,155.020004,155.979996,149.822205,42584200,157.26699979999998,158.00780034,-0.023660485217215976,2.9008605486896077,2017,10,156.76911652855526,159.759995,160.470001,159.880005
2017-10-20,156.610001,157.75,155.960007,156.25,150.081558,23974100,157.3619995,158.02640019999998,0.0017310168414159666,2.870819859964755,2017,10,156.7356251396162,155.979996,159.759995,160.470001
2017-10-23,156.889999,157.690002,155.5,156.169998,150.004715,21984300,157.3949997,158.00020024,-0.0005120128000000168,2.700610160060348,2017,10,156.69913306609254,156.25,155.979996,159.759995
2017-10-24,156.289993,157.419998,156.199997,157.100006,150.897995,17757200,157.51500090000002,157.94520024,0.005955100287572623,2.558795055858746,2017,10,156.72499583602206,156.169998,156.25,155.979996
2017-10-25,156.910004,157.550003,155.270004,156.410004,150.235229,21207100,157.501001,157.8414002,-0.004392119501255953,2.4679807193311705,2017,10,156.70467378208517,157.100006,156.169998,156.25
2017-10-26,157.229996,157.830002,156.779999,157.410004,151.19574,17000500,157.6420014,157.77060034,0.00639345294051652,2.4444507338666868,2017,10,156.75017895743449,156.410004,157.100006,156.169998
2017-10-27,159.289993,163.600006,158.699997,163.050003,156.613068,44454200,158.2480012,157.87440038,0.03582999083082439,2.679466130437693,2017,10,157.15661921824517,157.410004,156.410004,157.100006
2017-10-30,163.889999,168.070007,163.720001,166.720001,160.138229,44700800,158.9320008,158.0588004,0.022508420315699107,3.2888549580767172,2017,10,157.7736115912616,163.050003,157.410004,156.410004
2017-10-31,167.899994,169.649994,166.940002,169.039993,162.366608,36046800,159.78900000000002,158.29540011999998,0.013915498956840855,4.012881944647798,2017,10,158.5004749079544,166.720001,163.050003,157.410004
2017-11-01,169.869995,169.940002,165.610001,166.889999,160.301514,33637800,160.5020004,158.43760011999998,-0.012718848136724747,4.426508476780696,2017,11,159.04173452679606,169.039993,166.720001,163.050003
2017-11-02,166.600006,168.5,165.279999,168.110001,161.473358,41393400,161.7150009,158.60020021999998,0.00731021635394713,4.813497053783348,2017,11,159.6267839766802,166.889999,169.039993,166.720001
2017-11-03,174.0,174.259995,171.119995,172.5,165.690033,59398600,163.3400009,158.86480014,0.026113847920326894,5.4215554392298,2017,11,160.45731404270083,168.110001,166.889999,169.039993
2017-11-06,172.369995,174.990005,171.720001,174.25,167.370956,35026300,165.14800110000002,159.15260012,0.010144927536231974,5.973094003886227,2017,11,161.34716474962337,172.5,168.110001,166.889999
2017-11-07,173.910004,175.25,173.600006,174.809998,167.908813,24361500,166.9190003,159.41940006000002,0.003213761836441842,6.530533568843327,2017,11,162.21573463674446,174.25,172.5,168.110001
2017-11-08,174.660004,176.240005,174.330002,176.240005,169.282394,24409500,168.9020004,159.68600007999999,0.008180350187979357,7.108782591013388,2017,11,163.12052627308353,174.809998,174.25,172.5
2017-11-09,175.110001,176.100006,173.139999,175.880005,168.9366,29482600,170.74900050000002,159.93660006,-0.00204266902965633,7.513547572319848,2017,11,163.9437184490136,176.240005,174.809998,174.25
2017-11-10,175.110001,175.380005,174.270004,174.669998,168.377472,25145500,171.911,160.15000002,-0.006879730302486786,7.781626324450055,2017,11,164.63573648456108,175.880005,176.240005,174.809998
2017-11-13,173.5,174.5,173.399994,173.970001,167.702698,16982100,172.63600000000002,160.34839997999998,-0.004007539978331032,7.93288938260295,2017,11,165.23794709846038,174.669998,175.880005,176.240005
2017-11-14,173.039993,173.479996,171.179993,171.339996,165.16745,24782500,172.8660003,160.53359985999998,-0.015117577656391323,7.941141810200688,2017,11,165.63162767275327,173.970001,174.669998,175.880005
2017-11-15,169.970001,170.320007,168.380005,169.080002,162.988846,29158100,173.0850006,160.67699982,-0.013190113533094738,7.800464619278324,2017,11,165.85410343580145,171.339996,173.970001,174.669998
2017-11-16,171.179993,171.869995,170.300003,171.100006,164.936096,23637500,173.3840011,160.87380004,0.011947030849928764,7.75762521008991,2017,11,166.19254876252396,169.080002,171.339996,173.970001
2017-11-17,171.039993,171.389999,169.639999,170.149994,164.020309,21899500,173.1490005,161.10419982000002,-0.005552378531184954,7.648303935925414,2017,11,166.44786781010305,171.100006,169.080002,171.339996
2017-11-20,170.289993,170.559998,169.559998,169.979996,163.856461,16262400,172.7220001,161.27379974,-0.0009991067058162661,7.523437642495721,2017,11,166.6757470481609,170.149994,171.100006,169.080002
2017-11-21,170.779999,173.699997,170.779999,173.139999,166.902603,25131300,172.5550002,161.5193997,0.018590440489244298,7.455518150161878,2017,11,167.09279556118275,169.979996,170.149994,171.100006
2017-11-22,173.360001,175.0,173.050003,174.960007,168.657028,25588900,172.4270004,161.82559996,0.010511770882013272,7.43720325434113,2017,11,167.60035758949357,173.139999,169.979996,170.149994
2017-11-24,175.100006,175.5,174.649994,174.970001,168.666702,14026700,172.336,162.15939999999998,5.712162551518851e-05,7.339117140920408,2017,11,168.07581845468755,174.960007,173.139999,169.979996
2017-11-27,175.050003,175.080002,173.339996,174.089996,167.818375,20716800,172.2779998,162.44359982,-0.005029462164774068,7.205002577659648,2017,11,168.46382990922385,174.970001,174.960007,173.139999
2017-11-28,174.300003,174.869995,171.860001,173.070007,166.835129,26428800,172.1880004,162.73160000000001,-0.005858975377310061,7.127327744521758,2017,11,168.76100262475777,174.089996,174.970001,174.960007
2017-11-29,172.630005,172.919998,167.160004,169.479996,163.374512,41666400,172.0020004,162.9466,-0.020743114663420603,6.991162756855359,2017,11,168.80738929412823,173.070007,174.089996,174.970001
2017-11-30,170.429993,172.139999,168.440002,171.850006,165.659088,41527200,172.2790008,163.26219998,0.013984010242719114,6.833415611250529,2017,11,169.00368714611994,169.479996,173.070007,174.089996
2017-12-01,169.949997,171.669998,168.5,171.050003,164.887894,39759300,172.2740005,163.61540006,-0.004655239872380368,6.4130154388484755,2017,12,169.1357075237896,171.850006,169.479996,173.070007
2017-12-04,172.479996,172.619995,169.630005,169.800003,163.682922,32542400,172.2390014,163.97360014000003,-0.00730780460728786,5.93430763367686,2017,12,169.1785652964483,171.050003,171.850006,169.479996
2017-12-05,169.059998,171.520004,168.399994,169.639999,163.528656,27350200,172.2050017,164.35540006,-0.0009423085817025223,5.367524812747458,2017,12,169.20833521280647,169.800003,171.050003,171.850006
2017-12-06,167.5,170.199997,166.460007,169.009995,162.921402,28560000,171.79200129999998,164.67279997999998,-0.003713770359076607,4.787720776601412,2017,12,169.19553907004476,169.639999,169.800003,171.050003
2017-12-07,169.029999,170.440002,168.910004,169.320007,163.220261,25673300,171.2280013,164.9746002,0.0018342820494137158,4.000295558334997,2017,12,169.20356925907413,169.009995,169.639999,169.800003
2017-12-08,170.490005,171.0,168.820007,169.369995,163.268402,23355200,170.6680007,165.29640012,0.0002952279585008988,3.1117220988537353,2017,12,169.21430640365,169.320007,169.009995,169.639999
2017-12-11,169.199997,172.889999,168.789993,172.669998,166.449539,35273800,170.5260009,165.66740018000002,0.01948398829438469,2.7067858780688034,2017,12,169.4372542485758,169.369995,169.320007,169.009995
2017-12-12,172.149994,172.389999,171.460007,171.699997,165.514481,19409200,170.3889999,166.02520016,-0.0056176580253392006,2.546973402234477,2017,12,169.5832376518935,172.669998,169.369995,169.320007
2017-12-13,172.5,173.539993,172.0,172.270004,166.06395,23818400,170.6680007,166.38100032,0.003319784565867012,2.496779341441555,2017,12,169.75657741628748,171.699997,172.669998,169.369995
2017-12-14,172.399994,173.130005,171.649994,172.220001,166.015747,20476500,170.7050002,166.75580041999999,-0.00029025946966365623,2.3150286644705567,2017,12,169.91550797007542,172.270004,171.699997,172.669998
2017-12-15,173.630005,174.169998,172.460007,173.970001,167.702698,40169300,170.997,167.12740046,0.010161421378693358,2.2186977070149108,2017,12,170.17708816555444,172.220001,172.270004,171.699997
2017-12-18,174.880005,177.199997,174.860001,176.419998,170.064453,29421100,171.6589995,167.54980035999998,0.014082870528925318,2.3475475009426856,2017,12,170.57985654197026,173.970001,172.220001,172.270004
2017-12-19,175.029999,175.389999,174.089996,174.539993,168.252151,27436400,172.14899889999998,167.9238003,-0.010656416626872334,2.356226122452305,2017,12,170.83534921668183,176.419998,173.970001,172.220001
2017-12-20,174.869995,175.419998,173.25,174.350006,168.069016,23475600,172.683,168.29280054,-0.0010885012468173638,2.3411727007327503,2017,12,171.06210126721848,174.539993,176.419998,173.970001
2017-12-21,174.169998,176.020004,174.100006,175.009995,168.705246,20949900,173.2519988,168.66200038,0.0037854257372380573,2.280564083289459,2017,12,171.31680408868826,174.350006,174.539993,176.419998
2017-12-22,174.679993,175.419998,174.5,175.009995,168.705246,16349400,173.81599880000002,169.04220028,0.0,2.238646993305018,2017,12,171.5550744700632,175.009995,174.350006,174.539993
2017-12-26,170.800003,171.470001,169.679993,170.570007,164.425217,33185500,173.6059997,169.31380031999998,-0.025369911015653668,2.2122827755569863,2017,12,171.49152173005913,175.009995,175.009995,174.350006
2017-12-27,170.100006,170.779999,169.710007,170.600006,164.454132,21498200,173.4960006,169.52820034,0.00017587500011062573,2.201514425517812,2017,12,171.43400458618436,170.570007,175.009995,175.009995
2017-12-28,171.0,171.850006,170.479996,171.080002,164.916855,16480200,173.3770004,169.74040036000002,0.002813575516521283,2.204810557309748,2017,12,171.41116570965636,170.600006,170.570007,175.009995
2017-12-29,170.520004,170.589996,169.220001,169.229996,163.133469,25999900,173.07799989999998,169.92980038000002,-0.010813689375570701,2.1980836650099826,2017,12,171.27044508322692,171.080002,170.600006,170.570007
2018-01-02,170.160004,172.300003,169.259995,172.259995,166.054321,25555900,172.9069993,170.25540036,0.01790462135329718,2.191522781573008,2018,1,171.33428701334128,169.229996,171.080002,170.600006
2018-01-03,172.529999,174.550003,171.960007,172.229996,166.025375,29517900,172.4879991,170.57500028,-0.00017414954644578984,2.161734031656991,2018,1,171.3920746898999,172.259995,169.229996,171.080002
2018-01-04,172.539993,173.470001,172.080002,173.029999,166.796555,22434600,172.3369997,170.91220029999997,0.004644969044764968,2.1286652535063864,2018,1,171.4977472260354,172.229996,172.259995,169.229996
2018-01-05,173.440002,175.369995,173.050003,175.0,168.695572,23660000,172.40199909999998,171.27020018,0.011385314751114262,2.182481175859152,2018,1,171.7236990179041,173.029999,172.229996,172.259995
2018-01-08,174.350006,175.610001,173.929993,174.350006,168.069016,20567800,172.3360002,171.62900021999997,-0.0037142514285714023,2.1594909138769407,2018,1,171.89313817803932,175.0,173.029999,172.229996
2018-01-09,174.550003,175.059998,173.410004,174.330002,168.049728,21584000,172.2680009,171.96740018,-0.00011473472504497373,2.1349403519062644,2018,1,172.050355198811,174.350006,175.0,173.029999
2018-01-10,173.160004,174.300003,173.0,174.289993,168.011185,23959900,172.6399995,172.19219998,-0.00022950151747258563,2.1411850169734126,2018,1,172.194847960178,174.330002,174.350006,175.0
2018-01-11,174.589996,175.490005,174.490005,175.279999,168.965515,18667700,173.1079988,172.36339994,0.005680222845610983,2.207110702755976,2018,1,172.39388996274718,174.289993,174.330002,174.350006
2018-01-12,176.179993,177.360001,175.649994,177.089996,170.710327,25418100,173.7089982,172.52439999999999,0.010326317950287045,2.303357454331953,2018,1,172.69686454579576,175.279999,174.289993,174.330002
2018-01-16,177.899994,179.389999,176.139999,176.190002,169.842743,29565900,174.40499880000002,172.71040005999998,-0.00508212784645401,2.3902753969908352,2018,1,172.9222282525186,177.089996,175.279999,174.289993
2018-01-17,176.149994,179.25,175.070007,179.100006,172.647919,34386800,175.0889999,172.93020016,0.01651628337004052,2.6346125707959422,2018,1,173.32079455880773,176.190002,177.089996,175.279999
2018-01-18,179.369995,180.100006,178.25,179.259995,172.802139,31193400,175.7919998,173.06540006,0.0008932942190966742,2.799648860583014,2018,1,173.70396878082013,179.100006,176.190002,177.089996
2018-01-19,178.610001,179.580002,177.410004,178.460007,172.030975,32425100,176.3350006,173.14960019999998,-0.004462724658672479,2.8630261778127593,2018,1,174.0108099562511,179.259995,179.100006,176.190002
2018-01-22,177.300003,177.779999,176.600006,177.0,170.623581,27108600,176.53500060000002,173.19340024000002,-0.008181143913100875,2.7913823064680687,2018,1,174.20366092681553,178.460007,179.259995,179.100006
2018-01-23,177.300003,179.440002,176.820007,177.039993,170.662094,32689100,176.80399930000002,173.2094,0.0002259491525424817,2.711857668473359,2018,1,174.3866500928274,177.0,178.460007,179.259995
2018-01-24,177.25,177.300003,173.199997,174.220001,167.943726,51105100,176.7929992,173.17619992,-0.01592855914764979,2.5584942671511772,2018,1,174.37589853845145,177.039993,177.0,178.460007
2018-01-25,174.509995,174.949997,170.529999,171.110001,164.94574,41529000,176.475,173.10499998000003,-0.017850992894897222,2.6079787446928315,2018,1,174.16519547145458,174.220001,177.039993,177.0
2018-01-26,172.0,172.0,170.059998,171.509995,165.331314,39143000,176.0979996,173.05579985999998,0.0023376424385619377,2.6145829503154916,2018,1,173.99389221523168,171.110001,174.220001,177.039993
2018-01-29,170.160004,170.160004,167.070007,167.960007,161.909225,50640400,175.1850007,172.98820008,-0.02069843218175138,2.83531776878534,2018,1,173.60460929811995,171.509995,171.110001,174.220001
2018-01-30,165.529999,167.369995,164.699997,166.970001,160.954895,46048200,174.2630006,172.94600006000002,-0.00589429601536029,3.104024171718188,2018,1,173.17657005307996,167.960007,171.509995,171.110001
2018-01-31,166.869995,168.440002,166.5,167.429993,161.398315,32478900,173.0959993,172.8725998,0.002754937996316986,3.322052439148363,2018,1,172.80582314642965,166.970001,167.960007,171.509995
2018-02-01,167.169998,168.619995,166.759995,167.779999,161.735718,47230800,171.9479997,172.8251999,0.002090461772879637,3.449930306674562,2018,2,172.48157642730516,167.429993,166.970001,167.960007
2018-02-02,166.0,166.800003,160.100006,160.5,154.717987,86593800,170.151999,172.63559998,-0.0433901480712251,4.168685907985802,2018,2,171.70857149651127,167.779999,167.429993,166.970001
2018-02-05,159.100006,163.880005,156.0,156.490005,150.852402,72738500,168.1009995,172.3026001,-0.024984392523364485,5.125963344866114,2018,2,170.72672849673637,160.5,167.779999,167.429993
2018-02-06,154.830002,163.720001,154.0,163.029999,157.156799,68243800,166.70000009999998,172.06399994,0.04179176810685137,5.372010780403627,2018,2,170.23016530339854,156.490005,160.5,167.779999
2018-02-07,163.089996,163.399994,159.070007,159.539993,153.792526,51608600,165.2319993,171.75539978,-0.02140713992153065,5.793756140912422,2018,2,169.5404767676954,163.029999,156.490005,160.5
2018-02-08,160.289993,161.0,155.029999,155.149994,149.560715,54390500,163.6359986,171.37659974000002,-0.02751660519378374,6.5122289321691476,2018,2,168.61205852461825,159.539993,163.029999,156.490005
2018-02-09,157.070007,157.889999,150.240005,156.410004,151.390045,70672600,162.1259995,171.04339968,0.008121237826151706,7.030733522742012,2018,2,167.8248292004493,155.149994,159.539993,163.029999
2018-02-12,158.5,163.889999,157.509995,162.710007,157.487839,60819500,161.6009995,170.9079999,0.040278772705612864,7.1693315044938215,2018,2,167.49484067138806,156.410004,155.149994,159.539993
2018-02-13,161.949997,164.75,161.649994,164.339996,159.065536,32549200,161.33799900000002,170.7577997,0.010017755084971602,7.246496124340815,2018,2,167.29130230549205,162.710007,156.410004,155.149994
2018-02-14,163.039993,167.539993,162.880005,167.369995,161.998276,40644900,161.3319992,170.68419954,0.018437380271081327,7.248950720755985,2018,2,167.29637925352483,164.339996,162.710007,156.410004
2018-02-15,169.789993,173.089996,169.0,172.990005,167.437912,51147200,161.8529998,170.74799958,0.03357836032677186,7.258916105243311,2018,2,167.66370994684584,167.369995,164.339996,162.710007
2018-02-16,172.360001,174.820007,171.770004,172.429993,166.895874,40176100,163.0459991,170.80379946000002,-0.003237250614565812,7.250715059999744,2018,2,167.9712120793074,172.990005,167.369995,164.339996
2018-02-20,172.050003,174.259995,171.419998,171.850006,166.334503,33930500,164.5819992,170.86059968,-0.0033636085573580665,7.196081956357845,2018,2,168.22145684838435,172.429993,172.990005,167.369995
2018-02-21,172.830002,174.119995,171.009995,171.070007,165.579529,37471600,165.38600000000002,170.89559967999998,-0.004538836035885896,7.148373447682982,2018,2,168.40523427752083,171.850006,172.429993,172.990005
2018-02-22,171.800003,173.949997,171.710007,172.5,166.963638,30991900,166.68200069999997,170.95819978,0.008359109963677058,7.114611714761027,2018,2,168.66941271122917,171.070007,171.850006,172.429993
2018-02-23,173.669998,175.649994,173.539993,175.5,169.86734,33812400,168.7170013,171.01479981999998,0.017391304347825987,7.145660555706267,2018,2,169.1100957621176,172.5,171.070007,171.850006
2018-02-26,176.350006,179.389999,176.210007,178.970001,173.225952,38162200,170.973001,171.1601999,0.019772085470085354,7.277185080928537,2018,2,169.74621868069067,175.5,172.5,171.070007
2018-02-27,179.100006,180.479996,178.160004,178.389999,172.664612,38928100,172.5410002,171.28259979999999,-0.0032407777658782777,7.326213915089531,2018,2,170.30388192709773,178.970001,175.5,172.5
2018-02-28,179.259995,180.619995,178.050003,178.119995,172.403275,37782100,173.9190001,171.40059968000003,-0.0015135601856245406,7.392654448793161,2018,2,170.8081472866398,178.389999,178.970001,175.5
2018-03-01,178.539993,179.779999,172.660004,175.0,169.383362,48802000,174.68200059999998,171.42119966,-0.017516253579504037,7.252125508322066,2018,3,171.07858939717917,178.119995,178.389999,178.970001
2018-03-02,172.800003,176.300003,172.449997,176.210007,170.554565,38454000,175.0040008,171.41699984000002,0.00691432571428563,7.1339483301378985,2018,3,171.40964859736118,175.0,178.119995,178.389999
2018-03-05,175.210007,177.740005,174.520004,176.820007,171.145004,28401400,175.4430022,171.46260012000002,0.0034617784221528947,7.069721584618444,2018,3,171.75870397817658,176.210007,175.0,178.119995
2018-03-06,177.910004,178.25,176.130005,176.669998,170.999802,23788500,175.92500139999999,171.50899996,-0.0008483711913890302,7.057972251454092,2018,3,172.0755616570039,176.820007,176.210007,175.0
2018-03-07,174.940002,175.850006,174.270004,175.029999,169.412445,31703500,176.3210006,171.50940004,-0.009282838164745955,6.993528145592242,2018,3,172.26617051784237,176.669998,176.820007,176.210007
2018-03-08,175.479996,177.119995,175.070007,176.940002,171.261139,23774100,176.7650008,171.54800017999997,0.010912432216833912,7.074409655815409,2018,3,172.56770803282026,175.029999,176.669998,176.820007
2018-03-09,177.960007,180.0,177.389999,179.979996,174.203552,32185200,177.2130004,171.73619996000002,0.017180931194970883,7.322445533481304,2018,3,173.0459201597351,176.940002,175.029999,176.669998
2018-03-12,180.289993,182.389999,180.210007,181.720001,175.887711,32207100,177.48800039999998,171.95859986,0.009667768855823322,7.632701138190655,2018,3,173.60553827846186,179.979996,176.940002,175.029999
2018-03-13,182.589996,183.5,179.240005,179.970001,174.193893,31693500,177.6460006,172.13639983999997,-0.009630200255171695,7.8239620994217365,2018,3,174.0161487766256,181.720001,179.979996,176.940002
2018-03-14,180.320007,180.520004,177.809998,178.440002,172.712982,29368400,177.67800129999998,172.32059996,-0.008501411299097539,7.9203192144361685,2018,3,174.3015586620046,179.970001,181.720001,179.979996
2018-03-15,178.5,180.240005,178.070007,178.649994,172.916245,22743800,178.0430007,172.44839993999997,0.0011768213273164463,8.011370393388395,2018,3,174.58210287735912,178.440002,179.970001,181.720001
2018-03-16,178.649994,179.119995,177.619995,178.020004,172.306488,39404700,178.2240004,172.5642001,-0.003526392505784237,8.071833982076077,2018,3,174.80390294978756,178.649994,178.440002,179.970001
2018-03-19,177.320007,177.470001,173.660004,175.300003,169.673782,33446800,178.072,172.60960018000003,-0.015279187388401616,7.812206967384781,2018,3,174.83590940463995,178.020004,178.649994,178.440002
2018-03-20,175.240005,176.800003,174.940002,175.240005,169.615707,19649400,177.9290007,172.61440028,-0.00034225897874062827,7.242340007127589,2018,3,174.86198008821157,175.300003,178.020004,178.649994
2018-03-21,175.039993,175.089996,171.259995,171.270004,165.773117,37054900,177.55300119999998,172.55280024,-0.022654650118276387,7.011124459631999,2018,3,174.6302396954237,175.240005,175.300003,178.020004
2018-03-22,170.0,172.679993,168.600006,168.850006,163.430786,41490800,176.7440016,172.44320032,-0.014129724665622123,6.583856492403486,2018,3,174.25732139249317,171.270004,175.240005,175.300003
2018-03-23,168.389999,169.919998,164.940002,164.940002,159.646255,41028800,175.2400022,172.25620049999998,-0.023156670779153066,5.849964873118671,2018,3,173.65620401233232,168.850006,171.270004,175.240005
2018-03-26,168.070007,173.100006,166.440002,172.770004,167.224991,37541200,174.34500250000002,172.2060006,0.047471819480152666,4.858963809748523,2018,3,173.5990298179883,164.940002,168.850006,171.270004
2018-03-27,173.679993,175.149994,166.919998,168.339996,162.937134,40922600,173.18200199999998,172.0310006,-0.02564107135171445,4.492009375163894,2018,3,173.259737313602,172.770004,164.940002,168.850006
2018-03-28,167.25,170.020004,165.190002,166.479996,161.136841,41668500,171.98600140000002,171.83680048000002,-0.011049067626210496,4.34024994296801,2018,3,172.8223346482083,168.339996,172.770004,164.940002
2018-03-29,167.809998,171.75,166.899994,167.779999,162.395126,38398500,170.8990019,171.61040034,0.0078087640030937155,4.317520315227042,2018,3,172.49702267090456,166.479996,168.339996,172.770004
2018-04-02,166.639999,168.940002,164.470001,166.679993,161.330429,37586800,169.7650008,171.3588003,-0.006556240353774223,4.543488428199371,2018,4,172.121730434072,167.779999,166.479996,168.339996
2018-04-03,167.639999,168.75,164.880005,168.389999,162.98555,30278000,169.0740004,171.15740014,0.010259215693631418,4.660150007780743,2018,4,171.88097356735767,166.679993,167.779999,166.479996
2018-04-04,164.880005,172.009995,164.770004,171.610001,166.102203,34605500,168.711,171.04960016,0.019122287660326087,4.664520850119747,2018,4,171.86349146623783,168.389999,166.679993,167.779999
2018-04-05,172.580002,174.229996,172.080002,172.800003,167.253998,26933200,168.8639999,170.96480036,0.006934339450298088,4.635242153307449,2018,4,171.9239115651902,171.610001,168.389999,166.679993
2018-04-06,170.970001,172.479996,168.199997,168.380005,162.975891,35005300,168.81699980000002,170.84800044,-0.025578691685555044,4.748408803623356,2018,4,171.6952724319521,172.800003,171.610001,168.389999
2018-04-09,169.880005,173.089996,169.850006,170.050003,164.592255,29017700,169.32799989999998,170.82680047999997,0.009918030350456464,4.797345051991607,2018,4,171.58912601698745,168.380005,172.800003,171.610001
2018-04-10,173.0,174.0,171.529999,173.25,167.689575,28408600,169.37599949999998,170.86160058000002,0.01881797673358454,4.702739233390565,2018,4,171.69627917718182,170.050003,168.380005,172.800003
2018-04-11,172.229996,173.919998,171.699997,172.440002,166.905563,22431600,169.7860001,170.95120047999998,-0.004675313131313197,4.624525067082632,2018,4,171.744261294783,173.25,170.050003,168.380005
2018-04-12,173.410004,175.0,173.039993,174.139999,168.551025,22889300,170.5520004,171.09460044,0.009858483996074252,4.544949642352812,2018,4,171.8988250177002,172.440002,173.25,170.050003
2018-04-13,174.779999,175.839996,173.850006,174.729996,169.12204,25124300,171.24700009999998,171.2406005,0.0033880613494203793,4.541949263229794,2018,4,172.08148121010666,174.139999,172.440002,173.25
2018-04-16,175.029999,176.190002,174.830002,175.820007,170.177109,21578400,172.1610015,171.40140066,0.006238259171024163,4.534169716127776,2018,4,172.32267642235783,174.729996,174.139999,172.440002
2018-04-17,176.490005,178.940002,176.410004,178.240005,172.519409,26605400,173.14600209999998,171.75620075999998,0.013764064973561307,4.578478415788904,2018,4,172.70443955639925,175.820007,174.729996,174.139999
2018-04-18,177.809998,178.820007,176.880005,177.839996,172.132248,20754500,173.7690016,172.18320058,-0.0022442156013179337,4.611884046902659,2018,4,173.03576577856705,178.240005,175.820007,174.729996
2018-04-19,173.759995,175.389999,172.660004,172.800003,167.253998,34808800,173.7690016,172.37860065999996,-0.02834004224786424,4.6038320339835215,2018,4,173.020555276724,177.839996,178.240005,175.820007
2018-04-20,170.600006,171.220001,165.429993,165.720001,160.40123,65491100,173.5030012,172.50220081999998,-0.04097223308497289,4.759066129905255,2018,4,172.54955177499986,172.800003,177.839996,178.240005
2018-04-23,166.830002,166.919998,164.089996,165.240005,159.936661,36515500,173.0220014,172.70400104,-0.0028964276919114518,4.776726869607956,2018,4,172.07796811209664,165.720001,172.800003,177.839996
2018-04-24,165.669998,166.330002,161.220001,162.940002,157.71048,33692000,171.9910016,172.834601,-0.013919165640306042,4.76138264601071,2018,4,171.4884219113162,165.240005,165.720001,172.800003
2018-04-25,162.619995,165.419998,162.410004,163.649994,158.397659,28382100,171.1120008,172.85340073999998,0.004357383032314033,4.740298153063922,2018,4,170.98271688477968,162.940002,165.240005,165.720001
2018-04-26,164.119995,165.729996,163.369995,164.220001,158.949371,27963000,170.120001,172.85100084,0.0034830859816592508,4.7188370672937925,2018,4,170.54641263414874,163.649994,162.940002,165.240005
2018-04-27,164.0,164.330002,160.630005,162.320007,157.110367,35655800,168.8790021,172.75000107999998,-0.011569808722629249,4.734185977831924,2018,4,170.01567678678427,164.220001,163.649994,162.940002
2018-04-30,162.130005,167.259995,161.839996,165.259995,159.955994,42427400,167.82300089999998,172.59540087999997,0.01811229591679364,4.591605105571096,2018,4,169.70885860699175,162.320007,164.220001,163.649994
2018-05-01,166.410004,169.199997,165.270004,169.100006,163.672729,53569400,166.90900100000002,172.52880113999998,0.02323618005676442,4.479083412579054,2018,5,169.66957779363744,165.259995,162.320007,164.220001
2018-05-02,175.229996,177.75,173.800003,176.570007,170.903015,66539400,166.7820021,172.62320115999998,0.04417504869869715,4.541851813896306,2018,5,170.11476677469307,169.100006,165.259995,162.320007
2018-05-03,175.880005,177.5,174.440002,176.889999,171.212723,34068200,167.19100170000002,172.739601,0.0018122670176934363,4.7189840642463725,2018,5,170.55187853116448,176.570007,169.100006,165.259995
2018-05-04,178.25,184.25,178.169998,183.830002,177.929993,56201300,169.0020018,172.96620104000002,0.039233439082104526,5.349893934003981,2018,5,171.40853165818612,176.889999,176.570007,169.100006
2018-05-07,185.179993,187.669998,184.75,185.160004,179.2173,42451400,170.9940017,173.15940112,0.007234956130827808,5.8803965599474255,2018,5,172.2957234221741,183.830002,176.889999,176.570007
2018-05-08,184.990005,186.220001,183.669998,186.050003,180.078751,28402800,173.30500179999999,173.30100115999997,0.00480664820033172,6.478714054128365,2018,5,173.18309629816287,185.160004,183.830002,176.889999
2018-05-09,186.550003,187.399994,185.220001,187.360001,181.34671,23211200,175.6760025,173.48040120000002,0.007041107115703715,7.057773070716679,2018,5,174.09773531118464,186.050003,185.160004,183.830002
2018-05-10,187.740005,190.369995,187.649994,190.039993,183.940674,27989300,178.2580017,173.71880116,0.014303970888642326,7.683402255896664,2018,5,175.12626806530176,187.360001,186.050003,185.160004
2018-05-11,189.490005,190.059998,187.449997,188.589996,183.241104,26212200,180.8850006,173.99060107999998,-0.007629957132233689,8.124761837159385,2018,5,175.99489567399198,190.039993,187.360001,186.050003
2018-05-14,189.009995,189.529999,187.860001,188.149994,182.813583,20778800,183.1740005,174.22940082000002,-0.0023331142124846105,8.427727641153146,2018,5,176.77909556599246,188.589996,190.039993,187.360001
2018-05-15,186.779999,187.070007,185.100006,186.440002,181.152115,23695200,184.9080001,174.42180072,-0.00908845099405109,8.626858654294743,2018,5,177.40237985205746,188.149994,188.589996,190.039993
2018-05-16,186.070007,188.460007,186.0,188.179993,182.842712,19183100,186.0689987,174.65200062,0.009332712837023083,8.928325084997104,2018,5,178.09770973256988,186.440002,188.149994,188.589996
2018-05-17,188.0,188.910004,186.360001,186.990005,181.686493,17294000,187.0789993,174.89120074,-0.006323669062948678,9.151253564445025,2018,5,178.67140620143635,188.179993,186.440002,188.149994
2018-05-18,187.190002,187.809998,186.130005,186.309998,181.025772,18297700,187.3269989,175.07860066,-0.0036365954426280656,9.220792062095258,2018,5,179.16421857553723,186.990005,188.179993,186.440002
2018-05-21,188.0,189.270004,186.910004,187.630005,182.308334,18400800,187.57399900000001,175.23160084,0.007085003564865078,9.347226743919174,2018,5,179.71039834485742,186.309998,186.990005,188.179993
2018-05-22,188.380005,188.880005,186.779999,187.160004,181.851654,15240700,187.6849991,175.34040090000002,-0.0025049351781449847,9.4886339861822,2018,5,180.191018064544,187.630005,186.309998,186.990005
2018-05-23,186.350006,188.5,185.759995,188.360001,183.017654,20058400,187.7849991,175.50820090000002,0.006411610249805522,9.630722862779427,2018,5,180.7180492216702,187.160004,187.630005,186.309998
2018-05-24,188.770004,188.839996,186.210007,188.149994,182.813583,23234000,187.5959992,175.70240073999997,-0.001114923544728641,9.766236926752104,2018,5,181.19752952994955,188.360001,187.160004,187.630005
2018-05-25,188.229996,189.649994,187.649994,188.580002,183.2314,17461000,187.59499979999998,175.90100089999999,0.0022854531688161206,9.900583280312212,2018,5,181.67381807640442,188.149994,188.360001,187.160004
2018-05-29,187.600006,188.75,186.869995,187.899994,182.570694,22514100,187.5699998,176.0986007,-0.003605939085736254,10.006837491037293,2018,5,182.07550684566863,188.580002,188.149994,188.360001
2018-05-30,187.720001,188.0,186.779999,187.5,182.182037,18690500,187.6759996,176.34260063999997,-0.0021287600466873835,10.10822069410997,2018,5,182.42547414594807,187.899994,188.580002,188.149994
2018-05-31,187.220001,188.229996,186.139999,186.869995,181.56987,27482800,187.5449998,176.57520044,-0.0033600266666666823,10.18107263926574,2018,5,182.71221742685464,187.5,187.899994,188.580002
2018-06-01,187.990005,190.259995,187.75,190.240005,184.844284,23442500,187.86999980000002,176.95460046,0.018033981324824255,10.245685525829359,2018,6,183.19788114125112,186.869995,187.5,187.899994
2018-06-04,191.639999,193.419998,191.350006,191.830002,186.389221,26266200,188.4220002,177.41420038,0.008357847761831128,10.034945790824484,2018,6,183.7547921643962,190.240005,186.869995,187.5
2018-06-05,193.070007,193.940002,192.360001,193.309998,187.827225,21566000,188.9899995,177.9816003,0.007715143536306757,9.763463518627288,2018,6,184.3712570570158,191.830002,190.240005,186.869995
2018-06-06,193.630005,194.080002,191.919998,193.979996,188.478226,20933600,189.67199870000002,178.40580014,0.0034659252337274626,9.248134769536998,2018,6,184.99117569849867,193.309998,191.830002,190.240005
2018-06-07,194.139999,194.199997,192.339996,193.460007,187.972992,21347200,190.1819993,178.90820036000002,-0.0026806320791965543,8.615643757576818,2018,6,185.53755191149875,193.979996,193.309998,191.830002
2018-06-08,191.169998,192.0,189.770004,191.699997,186.262909,26656800,190.5369996,179.41260038000001,-0.009097539213880013,7.802343485150871,2018,6,185.93512901398273,193.460007,193.979996,193.309998
2018-06-11,191.350006,191.970001,190.210007,191.229996,185.806229,18308500,190.801999,179.88160032,-0.0024517527770226977,6.526292529909471,2018,6,186.27673333566128,191.699997,193.460007,193.979996
2018-06-12,191.389999,192.610001,191.149994,192.279999,186.826447,16911100,191.2399995,180.39360044,0.005490786079397347,5.242544147282235,2018,6,186.66404079787668,191.229996,191.699997,193.460007
2018-06-13,192.419998,192.880005,190.440002,190.699997,185.29126,21638400,191.5599992,180.83980040000003,-0.008217193718624949,3.9853283484068345,2018,6,186.92442506898144,192.279999,191.229996,191.699997
2018-06-14,191.550003,191.570007,190.220001,190.800003,185.388443,21610100,191.953,181.22360044,0.0005244153202583757,3.371696939966717,2018,6,187.1744623548536,190.699997,192.279999,191.229996
2018-06-15,190.029999,190.160004,188.259995,188.839996,183.484039,61719200,191.8129991,181.54440029999998,-0.01027257321374353,2.5576895954157757,2018,6,187.28191613841145,190.800003,190.699997,192.279999
2018-06-18,187.880005,189.220001,187.199997,188.740005,183.386841,18484900,191.50399940000003,181.9516003,-0.0005295011762234125,2.3709861137369104,2018,6,187.37598638754622,188.839996,190.800003,190.699997
2018-06-19,185.139999,186.330002,183.449997,185.690002,180.42337,33578500,190.74199979999997,182.26440028000002,-0.016159812012296992,2.3425409218505115,2018,6,187.2672132012529,188.740005,188.839996,190.800003
2018-06-20,186.350006,187.199997,185.729996,186.5,181.210388,20628700,189.9940002,182.52940028,0.004362098073540821,2.323689174847275,2018,6,187.21771557536562,185.690002,188.740005,188.839996
2018-06-21,187.25,188.350006,184.940002,185.460007,180.19989,25711900,189.1940002,182.78980038,-0.005576369973190443,2.3979346520327276,2018,6,187.10431502211625,186.5,185.690002,188.740005
2018-06-22,186.119995,186.149994,184.699997,184.919998,179.675171,27200400,188.5160003,183.00540035999998,-0.002911727486346938,2.505120190328762,2018,6,186.96339134327002,185.460007,186.5,185.690002
2018-06-25,183.399994,184.919998,180.729996,182.169998,177.003189,31663100,187.6100005,183.1542004,-0.014871295856276223,2.7891282124792784,2018,6,186.65414015983325,184.919998,185.460007,186.5
2018-06-26,182.990005,186.529999,182.539993,184.429993,179.199081,24569200,186.8249999,183.32640012,0.012405967090146186,2.8937291327485006,2018,6,186.5106467946827,182.169998,184.919998,185.460007
2018-06-27,185.229996,187.279999,184.029999,184.160004,178.936737,25285300,186.1710006,183.44480009999998,-0.001463910482282671,2.9795872946446087,2018,6,186.35899242083218,184.429993,182.169998,184.919998
2018-06-28,184.100006,186.210007,183.800003,185.5,180.23877,17365200,185.6410003,183.59800017999999,0.007276259616067371,3.028327726451818,2018,6,186.30357355497205,184.160004,184.429993,182.169998
2018-06-29,186.289993,187.190002,182.910004,185.110001,179.859787,22737700,185.2680008,183.84420014000003,-0.0021024204851751715,3.077135009083839,2018,6,186.22656887400612,185.5,184.160004,184.429993
2018-07-02,183.820007,187.300003,183.419998,187.179993,181.871094,17731300,185.1119996,184.27339998,0.011182496833328726,3.0616286764073495,2018,7,186.2880801079412,185.110001,185.5,184.160004
2018-07-03,187.789993,187.949997,183.539993,183.919998,178.703568,13954800,184.9349992,184.64699983999998,-0.01741636457909257,3.164738765895214,2018,7,186.13530061710628,187.179993,185.110001,185.5
2018-07-05,185.259995,186.410004,184.279999,185.399994,180.141571,16604200,184.82499860000001,185.09619967999998,0.00804695528541699,3.201214056700993,2018,7,186.08786148051877,183.919998,187.179993,185.110001
2018-07-06,185.419998,188.429993,185.199997,187.970001,182.638672,17485200,185.07599799999997,185.58259982000004,0.013861958377409778,3.201181141056302,2018,7,186.20928983661435,185.399994,183.919998,187.179993
2018-07-09,189.5,190.679993,189.300003,190.580002,185.174667,19756600,185.6419984,186.10979983999997,0.01388519969205082,3.2317610374973436,2018,7,186.4912712665102,187.970001,185.399994,183.919998
2018-07-10,190.710007,191.279999,190.179993,190.350006,184.951233,15939100,186.4599992,186.67039982000003,-0.001206821269736369,3.2544171482071182,2018,7,186.7402218944773,190.580002,187.970001,185.399994
2018-07-11,188.5,189.779999,187.610001,187.880005,182.551239,18831500,186.80500039999998,187.12280002,-0.012976101508502147,3.254501936563579,2018,7,186.813756288382,190.350006,190.580002,187.970001
2018-07-12,189.529999,191.410004,189.309998,191.029999,185.611908,18041100,187.4919999,187.56139987999998,0.016765988482914995,3.288589649968143,2018,7,187.08577194719604,187.880005,190.350006,190.580002
2018-07-13,191.080002,191.839996,190.899994,191.330002,185.903381,12513900,188.07500009999998,187.85659978,0.0015704496758124353,3.3173649171560617,2018,7,187.35959324092534,191.029999,187.880005,190.350006
2018-07-16,191.520004,192.649994,190.419998,190.910004,185.495331,15043100,188.6550004,188.13699988,-0.0021951497183385626,3.3313166169694908,2018,7,187.58865199957532,191.330002,191.029999,187.880005
2018-07-17,189.75,191.869995,189.199997,191.449997,186.019989,15534500,189.0820008,188.28939978,0.002828521233491754,3.3192281234095486,2018,7,187.8377710318608,190.910004,191.330002,191.029999
2018-07-18,191.779999,191.800003,189.929993,190.399994,184.999756,16393400,189.7300004,188.39419958000002,-0.005484476450527187,3.2167488970086655,2018,7,188.00307573948265,191.449997,190.910004,191.330002
2018-07-19,189.690002,192.550003,189.690002,191.880005,186.437805,20286800,190.3780015,188.51079962,0.007773167261759584,3.113893278483738,2018,7,188.25320020790312,190.399994,191.449997,190.910004
2018-07-20,191.779999,192.429993,190.169998,191.440002,186.010315,20676200,190.7250016,188.59239964,-0.002293115429093384,3.0211410087689052,2018,7,188.45880032352227,191.880005,190.399994,191.449997
2018-07-23,190.679993,191.960007,189.559998,191.610001,186.17543,15989400,190.8280015,188.62379979999997,0.0008880014533223513,3.017723814684754,2018,7,188.66210359297244,191.440002,191.880005,190.399994
2018-07-24,192.449997,193.660004,192.050003,193.0,187.526047,18697900,191.09300090000002,188.71199988,0.007254313411333868,3.0927739258292957,2018,7,188.9419678772968,191.610001,191.440002,191.880005
2018-07-25,193.059998,194.850006,192.429993,194.820007,189.294418,16709900,191.7870011,188.84540014,0.009430088082901467,3.234522624262447,2018,7,189.32119620779378,193.0,191.610001,191.440002
2018-07-26,194.610001,195.960007,193.610001,194.210007,188.701721,19076000,192.1050019,189.00080024,-0.0031310952575831497,3.378173857209407,2018,7,189.63660335567806,194.820007,193.0,191.610001
2018-07-27,194.990005,195.190002,190.100006,190.979996,185.563324,24024000,192.0700013,189.0568003,-0.01663153742639012,3.3823926803738047,2018,7,189.72327384886012,194.210007,194.820007,193.0
2018-07-30,191.899994,192.199997,189.070007,189.910004,184.523666,21029500,191.97000129999998,189.11520027999998,-0.005602639137137766,3.3906929467130364,2018,7,189.73532095538525,190.979996,194.210007,194.820007
2018-07-31,190.300003,192.139999,189.339996,190.289993,184.892883,39373000,191.85400090000002,189.19480018,0.002000889853069676,3.404193418646697,2018,7,189.7711062485862,189.910004,190.979996,194.210007
2018-08-01,199.130005,201.759995,197.309998,201.5,195.784958,67935700,192.9640015,189.47220008,0.05891012356072767,4.081343433706061,2018,8,190.52780907125805,190.289993,189.910004,190.979996
2018-08-02,200.580002,208.380005,200.350006,207.389999,201.507889,62404000,194.5150009,189.87679998,0.029230764267990095,5.224937998436913,2018,8,191.6156922924672,201.5,190.289993,189.910004
2018-08-03,207.029999,208.740005,205.479996,207.990005,202.090866,33447400,196.17000119999997,190.26940006,0.0028931289015532435,6.108342730842732,2018,8,192.67209956392094,207.389999,201.5,190.289993
2018-08-06,208.0,209.25,207.070007,209.070007,203.140244,25425400,197.91600179999998,190.68780032000004,0.005192566825506839,6.870046263132254,2018,8,193.730029075926,207.990005,207.389999,201.5
2018-08-07,209.320007,209.5,206.759995,207.110001,201.235825,25587400,199.32700189999997,191.0584003,-0.009374878913167128,7.207547963195254,2018,8,194.59325307102756,209.070007,207.990005,207.389999
2018-08-08,206.050003,207.809998,204.520004,207.25,201.371887,22525500,200.57000119999998,191.44540042,0.000675964460064904,7.545322789150216,2018,8,195.4098173890258,207.110001,209.070007,207.990005
2018-08-09,209.529999,209.779999,207.199997,208.880005,202.955643,23492600,202.037001,191.87300052000003,0.007864921592279916,7.882794286313121,2018,8,196.27886175102412,207.25,207.110001,209.070007
2018-08-10,207.360001,209.100006,206.669998,207.529999,202.351089,24611200,203.6920013,192.2862006,-0.0064630695503861135,8.098581648399993,2018,8,197.0047415735387,208.880005,207.25,207.110001
2018-08-13,209.309998,210.949997,207.699997,208.869995,203.657639,25890900,205.5880004,192.6588004,0.006456878554699896,8.296639036842766,2018,8,197.77024179460074,207.529999,208.880005,207.25
2018-08-14,210.160004,210.559998,208.259995,209.75,204.515747,20748000,207.5340011,193.01720035999998,0.004213170972690472,8.544751429266915,2018,8,198.54312942075552,208.869995,207.529999,208.880005
2018-08-15,209.220001,210.740005,208.330002,210.240005,204.993484,28807600,208.40800159999998,193.35580050000002,0.0023361382598330316,8.596076523739244,2018,8,199.29776655490033,209.75,208.869995,207.529999
2018-08-16,211.75,213.809998,211.470001,213.320007,207.996643,28500400,209.0010024,193.74260072,0.01464993306102702,8.802004164757912,2018,8,200.20242722877774,210.240005,209.75,208.869995
2018-08-17,213.440002,217.949997,213.160004,217.580002,212.150299,35427000,209.96000209999997,194.22500062,0.01996997403061207,9.289270625576362,2018,8,201.32356108498564,213.320007,210.240005,209.75
2018-08-20,218.100006,219.179993,215.110001,215.460007,210.083221,30287700,210.5990021,194.70020082,-0.009743519535402978,9.620797411694824,2018,8,202.23558985369624,217.580002,213.320007,210.240005
2018-08-21,216.800003,217.190002,214.029999,215.039993,209.673691,26159800,211.3920013,195.17640076,-0.0019493826527164915,9.83976069292927,2018,8,203.06168037926423,215.460007,217.580002,213.320007
2018-08-22,214.100006,216.360001,213.839996,215.050003,209.683456,19018100,212.17200160000002,195.63180083999998,4.654948068183451e-05,9.878548239476007,2018,8,203.83512054834395,215.039993,215.460007,217.580002
2018-08-23,214.649994,217.050003,214.600006,215.490005,210.112488,18883200,212.8330016,196.127601,0.0020460450772465943,9.992530042861654,2018,8,204.58704857748305,215.050003,215.039993,215.460007
2018-08-24,216.600006,216.899994,215.110001,216.160004,210.765762,18476400,213.6960021,196.63480101999997,0.003109188289266651,10.078374521021459,2018,8,205.33369086280672,215.490005,215.050003,215.039993
2018-08-27,217.149994,218.740005,216.330002,217.940002,212.501312,20525100,214.6030028,197.21680114000003,0.008234631601875764,10.154095050586285,2018,8,206.14700125875464,216.160004,215.490005,215.050003
2018-08-28,219.009995,220.539993,218.919998,219.699997,214.217407,22776800,215.59800249999998,197.83600098000002,0.008075594126130126,10.254379616641938,2018,8,207.0213880807705,217.940002,216.160004,215.490005
2018-08-29,220.149994,223.490005,219.410004,222.979996,217.415573,27254800,216.87200159999998,198.58180086000002,0.01492944490117587,10.379786253261415,2018,8,208.05097568846273,219.699997,217.940002,216.160004
2018-08-30,223.25,228.259995,222.399994,225.029999,219.414398,48793800,218.04300080000002,199.35240084,0.009193663273722619,10.578446337823927,2018,8,209.14639654727156,222.979996,219.699997,217.940002
2018-08-31,226.509995,228.869995,226.0,227.630005,221.949509,43340100,219.04800110000002,200.1958008,0.011554041734675558,10.782395824882755,2018,8,210.33888741518953,225.029999,222.979996,219.699997
2018-09-04,228.410004,229.179993,226.630005,228.360001,222.661301,27390100,220.3380005,201.06460086000004,0.0032069410181667646,10.896945867138367,2018,9,211.50153990453214,227.630005,225.029999,222.979996
2018-09-05,228.990005,229.669998,225.100006,226.869995,221.208511,33333000,221.5210007,201.9586008,-0.00652481167225083,10.870421933129515,2018,9,212.49305313649782,228.360001,227.630005,225.029999
2018-09-06,226.229996,227.350006,221.300003,223.100006,217.532578,34290000,222.326001,202.73200106000002,-0.01661739799482953,10.665936654302563,2018,9,213.17737267607862,226.869995,228.360001,227.630005
2018-09-07,221.850006,225.369995,220.710007,221.300003,215.777496,37619800,222.90700080000002,203.47480104000002,-0.008068144112914122,10.27464191450008,2018,9,213.70141334213804,223.100006,226.869995,228.360001
2018-09-10,220.949997,221.850006,216.470001,218.330002,212.881592,39516500,223.1240006,204.13140108,-0.01342070022475328,9.472962046533375,2018,9,214.00003196522593,221.300003,223.100006,226.869995
2018-09-11,218.009995,224.300003,216.559998,223.850006,218.263885,35749000,223.71500100000003,204.90620117999998,0.025282846834765227,8.538632153751776,2018,9,214.6355141610178,218.330002,221.300003,223.100006
2018-09-12,224.940002,225.0,219.839996,221.070007,215.553238,49278700,223.852002,205.58400146,-0.012419025800696204,7.266996645187933,2018,9,215.0506427312747,223.850006,218.330002,221.300003
2018-09-13,223.520004,228.350006,222.570007,226.410004,220.759964,41706400,224.19500279999997,206.43380158,0.024155230609822054,7.01175078570279,2018,9,215.7835047486118,221.070007,223.850006,218.330002
2018-09-14,225.75,226.839996,222.520004,223.839996,218.254105,31999300,224.07600250000002,207.20260162000002,-0.011351123866417012,6.91802310604311,2018,9,216.30327837773362,226.410004,221.070007,223.850006
2018-09-17,222.149994,222.949997,217.270004,217.880005,212.442841,37195100,223.1010025,207.80080169999997,-0.026626121812475367,6.7042318728965515,2018,9,216.40500267594436,223.839996,226.410004,221.070007
2018-09-18,217.789993,221.850006,217.119995,218.240005,212.793854,31571700,222.08900290000003,208.35400176,0.0016522856239147288,6.519268962710367,2018,9,216.52338992265763,217.880005,223.839996,226.410004
2018-09-19,218.5,219.619995,215.300003,218.369995,212.920578,27123800,221.2390029,208.91440154,0.0005956286520429899,6.2066571152381815,2018,9,216.64252573409905,218.240005,217.880005,223.839996
2018-09-20,220.240005,222.279999,219.149994,220.029999,214.5392,26608800,220.9320022,209.55740142000002,0.007601795292434765,5.869189625620613,2018,9,216.8610723964152,218.369995,218.240005,217.880005
2018-09-21,220.779999,221.360001,217.289993,217.660004,212.228333,96246700,220.5680023,210.09000152000002,-0.010771235789534428,5.586238018886498,2018,9,216.91261637084003,220.029999,218.369995,218.240005
2018-09-24,216.820007,221.259995,216.630005,220.789993,215.280212,27693400,220.8140014,210.67920134,0.014380175238809745,5.175789374725046,2018,9,217.16276970175358,217.660004,220.029999,218.369995
2018-09-25,219.75,222.820007,219.699997,222.190002,216.645279,24554400,220.64800100000002,211.3048013,0.006340907850837185,4.816960480217208,2018,9,217.48710726938236,220.789993,217.660004,220.029999
2018-09-26,221.0,223.75,219.759995,220.419998,214.919434,23984700,220.5830001,211.88420132000002,-0.007966173023392864,4.439494485530388,2018,9,217.6763260261964,222.190002,220.789993,217.660004
2018-09-27,223.820007,226.440002,223.539993,224.949997,219.336395,30181200,220.43699940000002,212.57520138,0.02055166972644651,4.124245949060462,2018,9,218.1455951212805,220.419998,222.190002,220.789993
2018-09-28,224.789993,225.839996,224.020004,225.740005,220.106689,22929400,220.62700030000002,213.25240138,0.003511927141746085,4.000013180664513,2018,9,218.63555704893983,224.949997,220.419998,222.190002
2018-10-01,227.949997,229.419998,226.350006,227.259995,221.588745,23600800,221.5649993,213.96880124,0.00673336566994398,4.110583155342425,2018,10,219.19197240062113,225.740005,224.949997,220.419998
2018-10-02,227.25,230.0,226.630005,229.279999,223.55835,24788200,222.66899869999997,214.72220120000003,0.008888515552418319,4.2138197699669915,2018,10,219.8428128263875,227.259995,225.740005,224.949997
2018-10-03,230.050003,233.470001,229.779999,232.070007,226.278717,28654800,224.0389999,215.50360134,0.01216856250945808,4.427544648423771,2018,10,220.63166406339477,229.279999,227.259995,225.740005
2018-10-04,230.779999,232.350006,226.729996,227.990005,222.300537,32042000,224.83500050000004,216.1670013,-0.017580910401747918,4.329509430742609,2018,10,221.10639573672415,232.070007,229.279999,227.259995
2018-10-05,227.960007,228.410004,220.580002,224.289993,218.692856,33580500,225.49799939999997,216.76860101999998,-0.016228834242097534,4.117241601993903,2018,10,221.3117891085484,227.990005,232.070007,229.279999
2018-10-08,222.210007,224.800003,220.199997,223.770004,218.185883,29663900,225.7960005,217.42440118,-0.002318378065132909,3.9111361729166387,2018,10,221.4703836176743,224.289993,227.990005,232.070007
2018-10-09,223.639999,227.270004,222.25,226.869995,221.208511,26891000,226.26399980000002,218.16360100000003,0.013853469833248866,3.8325194872265453,2018,10,221.81874564234045,223.770004,224.289993,227.990005
2018-10-10,225.460007,226.350006,216.050003,216.360001,210.960739,41990600,225.85800009999997,218.68500115999998,-0.046326064405299516,3.9931340374598414,2018,10,221.46656856864107,226.869995,223.770004,224.289993
2018-10-11,214.520004,219.5,212.320007,214.449997,209.098434,53124400,224.80800010000002,218.94400110000004,-0.008827897907062843,4.316919894204952,2018,10,221.01388653195457,216.360001,226.869995,223.770004
2018-10-12,220.419998,222.880005,216.839996,222.110001,216.567276,40337900,224.44499969999998,219.23840113999998,0.035719301035942674,4.305896720162555,2018,10,221.0846035944091,214.449997,216.360001,226.869995
2018-10-15,221.160004,221.830002,217.270004,217.360001,211.935791,30791000,223.45500030000002,219.42580106000003,-0.021385799732628885,4.337295561722876,2018,10,220.84430665283432,222.110001,214.449997,216.360001
2018-10-16,218.929993,222.990005,216.759995,222.149994,216.606262,29184000,222.74199979999997,219.6874008,0.022037141046939768,4.204350054639791,2018,10,220.92854454619984,217.360001,222.110001,214.449997
2018-10-17,222.300003,222.639999,219.339996,221.190002,215.670242,22885400,221.65399929999998,219.96900082,-0.004321368561459371,4.127970425395192,2018,10,220.94541276902567,222.149994,217.360001,222.110001
2018-10-18,217.860001,219.740005,213.0,216.020004,210.629227,32581300,220.4569992,220.1444009,-0.023373560980391783,4.280841700694893,2018,10,220.6276444613466,221.190002,222.149994,217.360001
2018-10-19,218.059998,221.259995,217.429993,219.309998,213.837128,33078700,219.9589997,220.35300076,0.015230043232477675,4.308587463106213,2018,10,220.54263501222746,216.020004,221.190002,222.149994
2018-10-22,219.789993,223.360001,218.940002,220.649994,215.143692,28792100,219.64699869999998,220.61540065999998,0.006110054316812219,4.260845803905899,2018,10,220.54956139853536,219.309998,216.020004,221.190002
2018-10-23,215.830002,223.25,214.699997,222.729996,217.171799,38767800,219.2329988,220.89260068,0.009426703179516105,4.2497458558895485,2018,10,220.69023459862987,220.649994,219.309998,216.020004
2018-10-24,222.600006,224.229996,214.539993,215.089996,209.722458,40925500,219.1059983,220.9994006,-0.03430162141250159,4.433489993169525,2018,10,220.32892888258922,222.729996,220.649994,219.309998
2018-10-25,217.710007,221.380005,216.75,219.800003,214.314926,29855800,219.64099890000003,221.19060056,0.021897843170725517,4.362688165689999,2018,10,220.29480463209958,215.089996,222.729996,220.649994
2018-10-26,215.899994,220.190002,212.669998,216.300003,210.902267,47258400,219.0599991,221.25020048000002,-0.01592356666164374,4.4472696548098005,2018,10,220.03707549454478,219.800003,215.089996,222.729996
2018-10-29,219.190002,219.690002,206.089996,212.240005,206.943573,45935500,218.5479995,221.14340054000002,-0.018770217030463998,4.711567402684654,2018,10,219.53403868844512,216.300003,219.800003,215.089996
2018-10-30,211.149994,215.179993,209.270004,213.300003,207.977127,36660000,217.66300040000002,221.10020046000002,0.0049943364824176495,4.900727225576986,2018,10,219.1318428375777,212.240005,216.300003,219.800003
2018-10-31,216.880005,220.449997,216.619995,218.860001,213.398376,38358900,217.43000030000002,221.17660062,0.02606656315893252,4.892383896271762,2018,10,219.11430465450817,213.300003,212.240005,216.300003
2018-11-01,219.050003,222.360001,216.809998,222.220001,216.674515,58323200,218.05,221.32000057999997,0.015352279926198031,4.89311703856753,2018,11,219.31467216066895,218.860001,213.300003,212.240005
2018-11-02,209.550003,213.649994,205.429993,207.479996,202.302353,91328700,216.86699979999997,221.1598004,-0.06633068550836696,5.460948484453577,2018,11,218.55114466643224,222.220001,218.860001,213.300003
2018-11-05,204.300003,204.389999,198.169998,201.589996,196.559326,66163700,214.961,220.86840024,-0.02838827893557505,6.487654418062077,2018,11,217.4568770105334,207.479996,222.220001,218.860001
2018-11-06,201.919998,204.720001,201.690002,203.770004,198.684952,31882900,213.0650008,220.58500027999997,0.010814068372718255,7.1266087816914805,2018,11,216.57385294533768,201.589996,207.479996,222.220001
2018-11-07,205.970001,210.059998,204.130005,209.949997,204.710709,33424400,212.55100090000002,220.39000027999998,0.03032827638360347,7.334385043978039,2018,11,216.1465074004772,203.770004,201.589996,207.479996
2018-11-08,209.979996,210.119995,206.75,208.490005,203.996445,25362600,211.42000109999998,220.10020045999997,-0.006953998670454875,7.500989951932031,2018,11,215.65253950367222,209.949997,203.770004,201.589996
2018-11-09,205.550003,206.009995,202.25,204.470001,200.06308,34365800,210.23700090000003,219.68900049999996,-0.01928151903492925,7.804189510991402,2018,11,214.9310854066611,208.490005,209.949997,203.770004
2018-11-12,199.0,199.850006,193.789993,194.169998,189.985077,51135500,208.4300002,219.01980036,-0.05037415244107135,8.722123243198185,2018,11,213.59166041268298,204.470001,208.490005,209.949997
2018-11-13,191.630005,197.179993,191.449997,192.229996,188.086899,46882900,206.3229995,218.29720025999998,-0.009991255188662063,9.485343769591768,2018,11,212.21348851509055,194.169998,204.470001,208.490005
2018-11-14,193.899994,194.479996,185.929993,186.800003,182.773941,60801000,203.1169997,217.49580042000002,-0.028247376127500945,10.333864536819421,2018,11,210.57390880443953,192.229996,194.169998,204.470001
2018-11-15,188.389999,191.970001,186.899994,191.410004,187.284576,46478800,200.036,216.86200037999998,0.024678805813509452,10.782744993684574,2018,11,209.33752784931437,186.800003,192.229996,194.169998
2018-11-16,190.5,194.970001,189.460007,193.529999,189.358887,36928300,198.6410003,216.30660029999999,0.011075675020622233,11.11455444232801,2018,11,208.31768727839085,191.410004,186.800003,192.229996
2018-11-19,190.0,190.699997,184.990005,185.860001,181.854202,41925300,197.0680008,215.65720027999998,-0.03963208825314979,11.840690425684638,2018,11,206.8688042926882,193.529999,191.410004,186.800003
2018-11-20,178.369995,181.470001,175.509995,176.979996,173.165588,67825200,194.38899999999998,214.71980008,-0.047777923986990656,12.92465853799444,2018,11,204.9404940802567,185.860001,193.529999,191.410004
2018-11-21,179.729996,180.270004,176.550003,176.779999,172.969894,31124200,191.0720002,213.83399992,-0.0011300542689581805,14.102870513455573,2018,11,203.1236879460466,176.979996,185.860001,193.529999
2018-11-23,174.940002,176.600006,172.100006,172.289993,168.57666,23624000,187.451999,212.7515997,-0.0253988348534836,15.432240574509937,2018,11,201.13441730436617,176.779999,176.979996,185.860001
2018-11-26,174.240005,174.949997,170.259995,174.619995,170.856445,44998500,184.46699840000002,211.76719967999998,0.01352372218158937,16.159447827192626,2018,11,199.4238094137619,172.289993,176.779999,176.979996
2018-11-27,171.509995,174.770004,170.880005,174.240005,170.48465,41387400,182.4739991,210.89439968000002,-0.0021760967293579236,16.88562315582943,2018,11,197.79904783868048,174.619995,172.289993,176.779999
2018-11-28,176.729996,181.289993,174.929993,180.940002,177.040253,46062500,181.3449997,210.14839962000002,0.03845269058618306,16.962772812283482,2018,11,196.71136746199141,174.240005,174.619995,172.289993
2018-11-29,182.660004,182.800003,177.699997,179.550003,175.680176,41770000,180.61999970000002,209.37199978,-0.007682098953441963,17.023019509710178,2018,11,195.60418265799197,180.940002,174.240005,174.619995
2018-11-30,180.289993,180.330002,177.029999,178.580002,174.73111,39531500,179.3369995,208.54299983999996,-0.0054024003552926025,17.208950737261464,2018,11,194.5058484219925,179.550003,180.940002,174.240005
2018-12-03,184.460007,184.940002,181.210007,184.820007,180.836609,40802500,178.46600030000002,207.88619989999998,0.03494235037582771,16.965423198572662,2018,12,193.88095542702524,178.580002,179.550003,180.940002
2018-12-04,180.949997,182.389999,176.270004,176.690002,172.881836,41344300,177.54900039999998,207.00420008,-0.043988771194019116,16.838848494594565,2018,12,192.77186165753972,184.820007,178.580002,179.550003
2018-12-06,171.759995,174.779999,170.419998,174.720001,170.9543,43098400,177.3230009,206.05480006000002,-0.011149476358034094,16.541356714977105,2018,12,191.60722548608555,176.690002,184.820007,178.580002
2018-12-07,173.490005,174.490005,168.300003,168.490005,164.858582,42281600,176.4940015,205.0162002,-0.03565702818419736,16.768954026273367,2018,12,190.1157919063381,174.720001,176.690002,184.820007
2018-12-10,165.0,170.089996,163.330002,169.600006,165.944656,62026000,176.2250028,203.90920038000002,0.0065879338065186754,16.544024175301214,2018,12,188.79219281560663,168.490005,174.720001,176.690002
2018-12-11,171.660004,171.789993,167.0,168.630005,164.99556,47281700,175.62600379999998,202.76700037999998,-0.00571934531653262,16.38824114997013,2018,12,187.49140650492234,169.600006,168.490005,174.720001
2018-12-12,170.399994,171.919998,169.020004,169.100006,165.455414,35627700,175.1120039,201.6038006,0.0027871730182300603,16.27172975811192,2018,12,186.30486453686282,168.630005,169.600006,168.490005
2018-12-13,170.490005,172.570007,169.550003,170.949997,167.265549,31898600,174.1130034,200.43720055999998,0.010940218417260006,15.894103589986171,2018,12,185.31422792158136,169.100006,168.630005,169.600006
2018-12-14,169.0,169.080002,165.279999,165.479996,161.913437,40703700,172.7060027,199.10540034000002,-0.03199766654573266,15.207662199961376,2018,12,184.03460005567288,170.949997,169.100006,168.630005
2018-12-17,165.449997,168.350006,162.729996,163.940002,160.406647,44287900,171.2420027,197.82440027999996,-0.00930622454208907,14.029474601903207,2018,12,182.73817437466172,165.479996,170.949997,169.100006
2018-12-18,165.380005,167.529999,164.389999,166.070007,162.490753,33841500,169.3670027,196.66000056000001,0.012992588593478294,13.623937189766064,2018,12,181.66280873758674,163.940002,165.479996,170.949997
2018-12-19,166.0,167.449997,159.089996,160.889999,157.422363,49047300,167.78700239999998,195.40240046000002,-0.031191713022568957,13.64860411494553,2018,12,180.32262746419406,166.070007,163.940002,165.479996
2018-12-20,160.399994,162.110001,155.300003,156.830002,153.44986,64773000,165.9980025,194.0016006,-0.025234613868075018,13.615238649587548,2018,12,178.8069742084396,160.889999,166.070007,163.940002
2018-12-21,156.860001,158.160004,149.630005,150.729996,147.481339,95744600,164.22200160000003,192.6890005,-0.03889565722252564,13.298027392850255,2018,12,176.99555625950802,156.830002,160.889999,166.070007
2018-12-24,148.149994,151.550003,146.589996,146.830002,143.665421,37169200,161.9450012,191.3366006,-0.02587404036022123,13.068199270465088,2018,12,175.04939146857203,150.729996,156.830002,160.889999
2018-12-26,148.300003,157.229996,146.720001,157.169998,153.782547,58582500,160.7990005,190.03780053999998,0.07042154777059784,12.243256598224429,2018,12,173.8958822125351,146.830002,150.729996,156.830002
2018-12-27,155.839996,156.770004,150.070007,156.149994,152.784531,53117100,159.50399929999998,188.81360039999998,-0.006489813660238153,12.009405024154983,2018,12,172.75098619882314,157.169998,146.830002,150.729996
2018-12-28,157.5,158.520004,154.550003,156.229996,152.862808,42291400,158.0319992,187.49520044000002,0.0005123407177332062,11.751667240764126,2018,12,171.6851158634152,156.149994,157.169998,146.830002
2018-12-31,158.529999,159.360001,156.479996,157.740005,154.340271,35003500,157.25800009999998,186.2262005,0.009665295005192087,11.615209567441365,2018,12,170.785431291582,156.229996,156.149994,157.169998
2019-01-02,154.889999,158.850006,154.229996,157.919998,154.516388,37039700,156.6559997,185.06420038,0.0011410738829378264,11.104007815398607,2019,1,169.95540333728636,157.740005,156.229996,156.149994
2019-01-03,143.979996,145.720001,142.0,142.190002,139.125412,91312200,154.26799920000002,183.52180046,-0.0996073720821602,11.161679096510076,2019,1,168.16408712197756,157.919998,157.740005,156.229996
2019-01-04,144.529999,148.550003,143.800003,148.259995,145.064575,58607100,153.0049988,182.07400048,0.04268930947761018,11.12448462689712,2019,1,166.8799521463661,142.190002,157.919998,157.740005
2019-01-07,148.699997,148.830002,145.899994,147.929993,144.741714,54777800,152.1149979,180.57800042000002,-0.002225833071153205,11.406757532703537,2019,1,165.65737413692312,148.259995,142.190002,157.919998
2019-01-08,149.559998,151.820007,148.520004,150.75,147.500916,41025300,152.11699829999998,179.2912005,0.019063118592860473,11.480995154588431,2019,1,164.69560806357325,147.929993,148.259995,142.190002
2019-01-09,151.289993,154.529999,149.630005,153.309998,150.005737,45099100,152.7649979,177.96140039999997,0.016981744610282012,11.547008324100856,2019,1,163.96105257560077,150.75,147.929993,148.259995
2019-01-10,152.5,153.970001,150.860001,153.800003,150.485199,35780700,152.42799839999998,176.71140039999997,0.0031961711981758345,11.490165276001035,2019,1,163.30550099007814,153.309998,150.75,147.929993
2019-01-11,152.880005,153.699997,151.509995,152.289993,149.007721,27023200,152.0419983,175.51240016,-0.009818010211612216,11.445294800447718,2019,1,162.59482305523437,153.800003,153.309998,150.75
2019-01-14,150.850006,151.270004,149.220001,150.0,146.76709,32439200,151.4189987,174.2464001,-0.015037054995465149,11.088651645700011,2019,1,161.78225382586442,152.289993,153.800003,153.309998
2019-01-15,150.270004,153.389999,150.050003,153.070007,149.770935,28710900,150.9519989,172.93060022,0.020466713333333386,10.620658686509048,2019,1,161.22017338548605,150.0,152.289993,153.800003
2019-01-16,153.080002,155.880005,153.0,154.940002,151.600632,30569700,150.6539993,171.58500024,0.012216599689578667,10.081304495085513,2019,1,160.81500103803532,153.070007,150.0,152.289993
2019-01-17,154.199997,157.660004,153.259995,155.860001,152.500778,29821200,152.0209992,170.55260034000003,0.005937775836610815,8.891187156247062,2019,1,160.49532361622659,154.940002,153.070007,150.0
2019-01-18,157.5,157.880005,155.979996,156.820007,153.440094,33751000,152.8770004,169.65720055999998,0.0061594122535646445,8.207219705290528,2019,1,160.25820641517967,155.860001,154.940002,153.070007
2019-01-22,156.410004,156.729996,152.619995,153.300003,149.995956,30394000,153.41400140000002,168.64780054,-0.022446141071783,7.601964827554124,2019,1,159.80929006581323,156.820007,155.860001,154.940002
2019-01-23,154.149994,155.139999,151.699997,153.919998,150.6026,23130600,153.7310012,167.52720056,0.004044324774083563,7.314169483668659,2019,1,159.42933573898657,153.300003,156.820007,155.860001
2019-01-24,154.110001,154.479996,151.740005,152.699997,149.408875,25441500,153.67000109999998,166.4114004,-0.007926202026068085,6.926079449739627,2019,1,158.99518485260035,153.919998,153.300003,156.820007
2019-01-25,155.479996,158.130005,154.320007,157.759995,154.359848,33535500,154.0660003,165.47720028,0.03313685723255122,6.521958777627428,2019,1,158.91549518469063,152.699997,153.919998,153.300003
2019-01-28,155.789993,156.330002,153.660004,156.300003,152.931305,26192100,154.4670013,164.71980037999998,-0.009254513477894077,6.018729034165197,2019,1,158.74675375342025,157.759995,152.699997,153.919998
2019-01-29,156.25,158.130005,154.110001,154.679993,151.346207,41587200,154.93500060000002,163.96880032,-0.010364747081930692,5.246975394833902,2019,1,158.48438209190928,156.300003,157.759995,152.699997
2019-01-30,163.25,166.149994,160.229996,165.25,161.688416,61109800,156.1529999,163.53780026,0.06833467467250287,5.230968949388175,2019,1,158.9208735698506,154.679993,156.300003,157.759995
2019-01-31,166.110001,169.0,164.559998,166.440002,162.852737,40739600,157.30299989999997,163.03840022,0.00720122239031773,5.399014576437959,2019,1,159.40597862986024,165.25,154.679993,156.300003
2019-02-01,166.960007,168.979996,165.929993,166.520004,162.93103,32668100,158.3690002,162.49820032,0.0004806656995834935,5.431727293466445,2019,2,159.86494800857892,166.440002,165.25,154.679993
2019-02-04,167.410004,171.660004,167.279999,171.25,167.559082,31495500,159.8119995,162.2060003,0.02840497169337075,6.1131881968706,2019,2,160.5994674918964,166.520004,166.440002,165.25
2019-02-05,172.860001,175.080002,172.350006,174.179993,170.425934,36101600,161.89999849999998,162.15000024,0.017109448175182562,7.022679839587379,2019,2,161.47563042790313,171.25,166.520004,166.440002
2019-02-06,174.649994,175.570007,172.850006,174.240005,170.48465,28239600,163.9319992,162.09920036,0.00034454014474549766,7.714011581693158,2019,2,162.29913846481261,174.179993,171.25,166.520004
2019-02-07,172.399994,173.940002,170.339996,170.940002,167.255768,31741700,165.75599970000002,162.07220053999998,-0.018939410613538543,7.915068881267416,2019,2,162.85661353159887,174.240005,174.179993,171.25
2019-02-08,168.990005,170.660004,168.419998,170.410004,167.452316,23820000,167.02100059999998,161.98800072,-0.0031004913642156406,8.263431370642753,2019,2,163.34392904568924,170.940002,174.240005,174.179993
2019-02-11,171.050003,171.210007,169.25,169.429993,166.489288,20993400,168.33399960000003,161.89180048,-0.0057509006337443935,8.521538877486746,2019,2,163.73657833306413,170.410004,170.940002,174.240005
2019-02-12,170.100006,171.0,169.699997,170.889999,167.923965,22283500,169.9550002,161.69080042,0.008617163786343252,8.815148619441356,2019,2,164.19808934383417,169.429993,170.410004,170.940002
2019-02-13,171.389999,172.479996,169.919998,170.179993,167.226273,22490200,170.44799949999998,161.50340021999997,-0.0041547545447641054,9.054386277404342,2019,2,164.5840186119739,170.889999,169.429993,170.410004
2019-02-14,169.710007,171.259995,169.380005,170.800003,167.835541,21835700,170.88399959999998,161.34780024,0.0036432602274230064,9.29454947785706,2019,2,164.98504986281426,170.179993,170.889999,169.429993
2019-02-15,171.25,171.699997,169.75,170.419998,167.462128,24626800,171.273999,161.05980006,-0.0022248535908984124,8.88993843598976,2019,2,165.33569167811658,170.800003,170.179993,170.889999
2019-02-19,169.710007,171.440002,169.490005,170.929993,167.963257,18972800,171.2419983,160.94459988,0.0029925771974248505,8.77153834948406,2019,2,165.69661434404458,170.419998,170.800003,170.179993
2019-02-20,171.190002,173.320007,170.990005,172.029999,169.044174,26114400,171.02699890000002,160.89079984,0.006435418270917648,8.605880259117034,2019,2,166.1052198057191,170.929993,170.419998,170.800003
2019-02-21,171.800003,172.369995,170.300003,171.059998,168.091019,17249700,170.7089982,160.9421997,-0.005638557261167021,8.479037333866987,2019,2,166.42488291502755,172.029999,170.929993,170.419998
2019-02-22,171.580002,173.0,171.380005,172.970001,169.96785,18913200,170.91199809999998,161.0095996,0.01116569053157579,8.48076948231102,2019,2,166.84714859792902,171.059998,172.029999,170.929993
2019-02-25,174.160004,175.869995,173.949997,174.229996,171.205978,21873400,171.2939973,161.12159942,0.007284471253486302,8.49972937798573,2019,2,167.3234613335465,172.970001,171.059998,172.029999
2019-02-26,173.710007,175.300003,173.169998,174.330002,171.304245,17070200,171.78399819999998,161.22619934,0.0005739884193076694,8.393164420004021,2019,2,167.77549621525318,174.229996,172.970001,171.059998
2019-02-27,173.210007,175.0,172.729996,174.869995,171.834885,27835400,172.1819978,161.3045993,0.0030975333781042558,8.097661121634468,2019,2,168.23320581426913,174.330002,174.229996,172.970001
2019-02-28,174.320007,174.910004,172.919998,173.149994,170.14473,28215400,172.4789979,161.45799926,-0.009835884080627966,7.844417497195045,2019,2,168.550417955284,174.869995,174.330002,174.229996
2019-03-01,174.279999,175.149994,172.889999,174.970001,171.933121,25886200,172.8959977,161.67859924,0.010511158319763014,7.6897919957400065,2019,3,168.9645846033302,173.149994,174.869995,174.330002
2019-03-04,175.690002,177.75,173.970001,175.850006,172.797882,27436200,173.4389985,161.87419921999998,0.005029462164774179,7.553604002526818,2019,3,169.40880533859922,174.970001,173.149994,174.869995
2019-03-05,175.940002,176.0,174.539993,175.529999,172.483414,19737400,173.8989991,162.16699922,-0.0018197724713185925,7.395575241156493,2019,3,169.8037210586896,175.850006,174.970001,173.149994
2019-03-06,174.669998,175.490005,173.940002,174.520004,171.490967,20810400,174.1479996,162.52079926,-0.005753973712493421,6.908442253625293,2019,3,170.10799737748383,175.529999,175.850006,174.970001
2019-03-07,173.869995,174.440002,172.020004,172.5,169.506027,24796400,174.2919998,162.95619934,-0.01157462728456049,6.314946740452763,2019,3,170.2623201273236,174.520004,175.529999,175.850006
2019-03-08,170.320007,173.070007,169.5,172.910004,169.908905,23999400,174.2860001,163.47779938,0.002376834782608528,5.465936250667761,2019,3,170.4331384416898,172.5,174.520004,175.529999
2019-03-11,175.490005,179.119995,175.350006,178.899994,175.794922,32011000,174.75299990000002,163.9123993,0.034642240827199355,5.14435687781227,2019,3,170.97938718738723,172.910004,172.5,174.520004
2019-03-12,180.0,182.669998,179.369995,180.910004,177.77005,32467600,175.41100009999997,164.4075995,0.011235383272287791,4.65455678887318,2019,3,171.62007214303966,178.899994,172.910004,172.5
2019-03-13,182.25,183.300003,180.919998,181.710007,178.556152,31032500,176.0950013,164.91719971999999,0.004422104816270922,3.7449601470854823,2019,3,172.2710356821984,180.910004,178.899994,172.910004
2019-03-14,183.899994,184.100006,182.559998,183.729996,180.541092,23579500,177.15300150000002,165.43699954,0.01111655342129847,3.982138890953509,2019,3,173.0103234446372,181.710007,180.910004,178.899994
2019-03-15,184.850006,187.330002,183.740005,186.119995,182.889603,39042900,178.2680009,166.00099948,0.01300821342204772,4.401749330759773,2019,3,173.85610870627352,183.729996,181.710007,180.910004
2019-03-18,185.800003,188.389999,185.789993,188.020004,184.756653,26219800,179.4850007,166.91759952,0.010208516285421299,4.865077461271976,2019,3,174.76990840264295,186.119995,183.729996,181.710007
2019-03-19,188.350006,188.990005,185.919998,186.529999,183.292511,31646400,180.5850007,167.68299960000002,-0.007924715287209505,5.270823633585157,2019,3,175.52862392505307,188.020004,186.119995,183.729996
2019-03-20,186.229996,189.490005,184.729996,188.160004,184.894226,31035200,181.9490007,168.48759981999999,0.008738567569498423,5.768219014704611,2019,3,176.34355167182383,186.529999,188.020004,186.119995
2019-03-21,190.020004,196.330002,189.809998,195.089996,191.703918,51034200,184.20800029999998,169.37439974,0.03683031384289315,6.756642199884021,2019,3,177.55299969299648,188.160004,186.529999,188.020004
2019-03-22,195.339996,197.690002,190.779999,191.050003,187.734055,42407700,186.0220002,170.12919984,-0.02070835554274142,7.180251096732376,2019,3,178.4237740998999,195.089996,188.160004,186.529999
2019-03-25,191.509995,191.979996,186.600006,188.740005,185.464127,43845300,187.00600129999998,170.82799988,-0.012091064976324617,7.3710426597294445,2019,3,179.08933738377732,191.050003,195.089996,188.160004
2019-03-26,191.660004,192.880005,184.580002,186.789993,183.547989,49800500,187.5940002,171.51799988000002,-0.010331736507053657,7.382105798315787,2019,3,179.58615387514652,188.740005,191.050003,195.089996
2019-03-27,188.75,189.759995,186.550003,188.470001,185.198837,29848400,188.26999959999998,172.28739990000003,0.008994100663626048,7.47383702269475,2019,3,180.15930530255642,186.789993,188.740005,191.050003
2019-03-28,188.949997,189.559998,187.529999,188.720001,185.444489,20780400,188.7690001,173.00039978,0.0013264710493634535,7.498772819068951,2019,3,180.7116082507786,188.470001,186.789993,188.740005
2019-03-29,189.830002,190.080002,188.539993,189.949997,186.653152,23564000,189.1520003,173.70059967999998,0.006517570970127284,7.550447668349812,2019,3,181.30763333137355,188.720001,188.470001,186.789993
2019-04-01,191.639999,191.679993,188.380005,191.240005,187.920776,27862000,189.4740004,174.40819976,0.006791303081726374,7.586273125122033,2019,4,181.94843150354302,189.949997,188.720001,188.470001
2019-04-02,191.089996,194.460007,191.050003,194.020004,190.652512,22765700,190.22300090000002,175.15219969999998,0.014536702192619266,7.720562106774079,2019,4,182.7272426323467,191.240005,189.949997,188.720001
2019-04-03,193.25,196.5,193.149994,195.350006,191.959442,23271800,190.9420011,175.99319975999998,0.0068549735727250205,7.898933689030771,2019,4,183.54161446251788,194.020004,191.240005,189.949997
2019-04-04,194.789993,196.369995,193.139999,195.690002,192.293503,19114300,191.0020017,176.82859983999998,0.0017404453010356757,7.965122935520639,2019,4,184.32538140041996,195.350006,194.020004,191.240005
2019-04-05,196.449997,197.100006,195.929993,197.0,193.580765,18526600,191.5970014,177.7145999,0.006694251043035004,8.1112126333549,2019,4,185.14309872942513,195.690002,195.350006,194.020004
2019-04-08,196.419998,200.229996,196.339996,200.100006,196.626968,25881700,192.7330015,178.56140012,0.015736071065989954,8.409863626408132,2019,4,186.10806048881707,197.0,195.690002,195.350006
2019-04-09,200.320007,202.850006,199.229996,199.5,196.037384,35768200,194.0040022,179.42540006,-0.0029985306447217752,8.579960795427931,2019,4,186.97205658631273,200.100006,197.0,195.690002
2019-04-10,198.679993,200.740005,198.179993,200.619995,197.137939,21695300,195.21900159999998,180.34420010000002,0.005614010025062566,8.748661716766312,2019,4,187.8525687420345,199.5,200.100006,197.0
2019-04-11,200.850006,201.0,198.440002,198.949997,195.496933,20900800,196.2420012,181.01820004,-0.008324185233879566,8.655833771210263,2019,4,188.56853185545162,200.619995,199.5,200.100006
2019-04-12,199.199997,200.139999,196.210007,198.869995,195.41832,27760700,197.13400099999998,181.6667999,-0.0004021211420275339,8.572951512831096,2019,4,189.23314238090637,198.949997,200.619995,199.5
2019-04-15,198.580002,199.850006,198.009995,199.229996,195.772064,17536600,197.9330001,182.32099974000002,0.0018102328609199692,8.475123935380793,2019,4,189.8781006789124,198.869995,198.949997,200.619995
2019-04-16,199.460007,201.369995,198.559998,199.25,195.791733,25696400,198.45599969999998,182.88099974,0.00010040656729226605,8.28288394121019,2019,4,190.482739344789,199.229996,198.869995,198.949997
2019-04-17,199.539993,203.380005,198.610001,203.130005,199.604385,28906800,199.2339996,183.45999998,0.01947304893350066,8.113630770353415,2019,4,191.29869196770585,199.25,199.229996,198.869995
2019-04-18,203.119995,204.149994,202.520004,203.860001,200.321732,24195800,200.0509995,184.05239989999998,0.003593737911836259,7.6962606213363465,2019,4,192.1090990020474,203.130005,199.25,199.229996
2019-04-22,202.830002,204.940002,202.339996,204.529999,200.980103,19439500,200.8039994,184.72419984,0.0032865593873905308,7.174100792172039,2019,4,192.91044738901206,203.860001,203.130005,199.25
2019-04-23,204.429993,207.75,203.899994,207.479996,203.878876,23323000,201.5419984,185.46559968000003,0.014423297386316314,7.161175486190214,2019,4,193.85041826714033,204.529999,203.860001,203.130005
2019-04-24,207.360001,208.479996,207.050003,207.160004,203.564438,17540600,202.3079988,186.22019989999998,-0.0015422788035913682,7.140564149875925,2019,4,194.70910121764737,207.479996,204.529999,203.860001
2019-04-25,206.830002,207.759995,205.119995,205.279999,201.717087,18543200,202.7739992,186.9079999,-0.009075134985998434,6.963869098201201,2019,4,195.39109462296045,207.160004,207.479996,204.529999
2019-04-26,204.899994,205.0,202.119995,204.300003,200.754089,18649100,203.30899979999998,187.5904001,-0.004773947801899547,6.78340178370891,2019,4,195.9658629053501,205.279999,207.160004,207.479996
2019-04-29,204.399994,205.970001,203.860001,204.610001,201.058716,22204700,203.8830004,188.26660005999997,0.0015173665954375526,6.683997132976438,2019,4,196.52354923403718,204.300003,205.279999,207.160004
2019-04-30,203.059998,203.399994,199.110001,200.669998,197.187088,46534900,204.0270006,188.87160006000002,-0.019256160406352807,6.512855387778794,2019,4,196.79106205764768,204.610001,204.300003,205.279999
2019-05-01,209.880005,215.309998,209.229996,210.520004,206.866135,64827300,205.15400100000002,189.66340028,0.04908559375178756,6.636226919135345,2019,5,197.67680024747685,200.669998,204.610001,204.300003
2019-05-02,209.839996,212.649994,208.130005,209.149994,205.519897,31996300,205.7559999,190.40580018,-0.006507742608631184,6.675465740407939,2019,5,198.41700629602673,210.520004,200.669998,204.610001
2019-05-03,210.889999,211.839996,210.229996,211.75,208.074783,20892400,206.5449998,191.21960022,0.012431298468026819,7.051969325870185,2019,5,199.27719943821853,209.149994,210.520004,200.669998
2019-05-06,204.289993,208.839996,203.5,208.479996,204.861542,32443100,206.93999950000003,191.92980012,-0.015442757969303389,7.075382653188209,2019,5,199.87092824865604,211.75,209.149994,210.520004
2019-05-07,205.880005,207.419998,200.830002,202.860001,199.339096,38763700,206.478,192.50240022000003,-0.0269569987904259,6.779074908456205,2019,5,200.06377165196855,208.479996,211.75,209.149994
2019-05-08,201.899994,205.339996,201.75,202.899994,199.378372,26339500,206.05199899999997,193.07380006,0.00019714581387564323,6.29692653978859,2019,5,200.2467537389383,202.860001,208.479996,211.75
2019-05-09,200.399994,201.679993,196.660004,200.720001,197.236206,34908600,205.5959992,193.59080018,-0.010744174787900684,5.852075001122062,2019,5,200.27728582029712,202.899994,202.860001,208.479996
2019-05-10,197.419998,198.850006,192.770004,197.179993,194.503815,41208700,204.8839982,194.07140015999997,-0.01763654833780115,5.417860241948637,2019,5,200.07746047705217,200.720001,202.899994,202.860001
2019-05-13,187.710007,189.479996,182.850006,185.720001,183.199371,57430600,202.9949982,194.28640015999997,-0.058119446225966764,5.771718045251813,2019,5,199.15117276885525,197.179993,200.720001,202.899994
2019-05-14,186.410004,189.699997,185.410004,188.660004,186.099457,36529700,201.7939988,194.54260012000003,0.015830298213276306,5.944008589696935,2019,5,198.47432317086458,185.720001,197.179993,200.720001
2019-05-15,186.270004,191.75,186.020004,190.919998,188.328781,26544700,199.8339982,194.8504001,0.01197918982340318,6.098982208909734,2019,5,197.9869473533894,188.660004,185.720001,197.179993
2019-05-16,189.910004,192.470001,188.839996,190.080002,187.500198,33031400,197.926999,195.16160006,-0.004399727680701071,6.3427613160362295,2019,5,197.47682184671913,190.919998,188.660004,185.720001
2019-05-17,186.929993,190.899994,186.759995,189.0,186.43486,32879100,195.651999,195.49160006000002,-0.005681828643920195,6.645272822819238,2019,5,196.92993011467274,190.080002,190.919998,188.660004
2019-05-20,183.520004,184.350006,180.279999,183.089996,180.605057,38612300,193.112999,195.69519989999998,-0.03126986243386232,7.362474629900654,2019,5,196.0370311395326,189.0,190.080002,190.919998
2019-05-21,185.220001,188.0,184.699997,186.600006,184.067429,28364800,191.4869995,195.84920014,0.019170954594373235,7.775209868998124,2019,5,195.42819080794985,183.089996,189.0,190.080002
2019-05-22,184.660004,185.710007,182.550003,182.779999,180.299255,29748600,189.475,195.88660004000002,-0.020471633854073912,8.376130405010903,2019,5,194.6121784332434,186.600006,183.089996,189.0
2019-05-23,179.800003,180.539993,177.809998,179.660004,177.221603,36529700,187.36900029999998,195.84559998,-0.017069674018326375,9.102977865541071,2019,5,193.64752201819545,182.779999,186.600006,183.089996
2019-05-24,180.199997,182.139999,178.619995,178.970001,176.540985,23714700,185.54800110000002,195.75040008,-0.003840604389611313,9.780623218296391,2019,5,192.70058517831185,179.660004,182.779999,186.600006
2019-05-28,178.919998,180.589996,177.910004,178.229996,175.81102,27948200,184.7990006,195.59260009999997,-0.004134799105242171,10.416315321838008,2019,5,191.7669987797111,178.970001,179.660004,182.779999
2019-05-29,176.419998,179.350006,176.0,177.380005,174.972549,28481200,183.6710007,195.37980012,-0.004769068165158874,11.017866353727577,2019,5,190.83880563263295,178.229996,178.970001,179.660004
2019-05-30,177.949997,179.229996,176.669998,178.300003,175.880081,21218400,182.40900119999998,195.2152002,0.005186593607323431,11.491141371246925,2019,5,190.02985062407598,177.380005,178.229996,178.970001
2019-05-31,176.229996,177.990005,174.990005,175.070007,172.693909,27043600,180.9080017,194.95340026000002,-0.018115512875229722,12.004375128835349,2019,5,189.06469942252266,178.300003,177.380005,178.229996
2019-06-03,175.600006,177.919998,170.270004,173.300003,170.947906,40396100,179.33800200000002,194.51760040000002,-0.010110264061393481,12.500996880301043,2019,6,188.04762223397282,175.070007,178.300003,177.380005
2019-06-04,175.440002,179.830002,174.520004,179.639999,177.201874,30968000,178.9930023,194.28940032,0.03658393473888166,12.593012877644327,2019,6,187.50519492855523,173.300003,175.070007,178.300003
2019-06-05,184.279999,184.990005,181.139999,182.539993,180.062485,29773400,178.58700100000001,194.16540008,0.016143364596656662,12.427317061102196,2019,6,187.18485932026132,179.639999,173.300003,175.070007
2019-06-06,183.080002,185.470001,182.149994,185.220001,182.706146,22526300,178.8310012,194.13400023999998,0.014681757986042987,12.158265539064505,2019,6,187.05809426734126,182.539993,179.639999,173.300003
2019-06-07,186.509995,191.919998,185.770004,190.149994,187.569214,30684400,179.88000019999998,194.1676001,0.026616958068151675,11.875431719040817,2019,6,187.25757166944825,185.220001,182.539993,179.639999
2019-06-10,191.809998,195.369995,191.619995,192.580002,189.966248,26220900,181.2410003,194.24480012,0.012779427171583313,11.610885380398448,2019,6,187.60095427141934,190.149994,185.220001,182.539993
2019-06-11,194.860001,196.0,193.600006,194.809998,192.16597,26932900,182.8990005,194.34200014,0.01157958239090684,11.336514096329088,2019,6,188.06605386681164,192.580002,190.149994,185.220001
2019-06-12,193.949997,195.970001,193.389999,194.190002,191.554413,18221800,184.5800002,194.40100008000002,-0.003182567662672109,11.191562924545504,2019,6,188.46114729475926,194.809998,192.580002,190.149994
2019-06-13,194.699997,196.789993,193.600006,194.149994,191.514923,21674600,186.1649993,194.40359988,-0.00020602502491351427,10.53727660449117,2019,6,188.8281696628393,194.190002,194.809998,192.580002
2019-06-14,191.550003,193.589996,190.300003,192.740005,190.124084,18761500,187.9319991,194.35139986,-0.007262369526521817,9.886222327987976,2019,6,189.0805461362045,194.149994,194.190002,194.809998
2019-06-17,192.899994,194.960007,192.169998,193.889999,191.258484,14669100,189.9909987,194.31539980000002,0.005966555827369602,8.95838471712367,2019,6,189.39083341773969,192.740005,194.149994,194.190002
2019-06-18,196.050003,200.289993,195.210007,198.449997,195.756577,26551000,191.8719985,194.34439974,0.023518479671558623,8.346598525179212,2019,6,189.97529558433712,193.889999,192.740005,194.149994
2019-06-19,199.679993,199.880005,197.309998,197.869995,195.184464,21124200,193.4049987,194.29979952000002,-0.002922660663985832,8.085746249879739,2019,6,190.48463103050892,198.449997,193.889999,192.740005
2019-06-20,200.369995,200.610001,198.029999,199.460007,196.752869,21514000,194.8289993,194.29899966000002,0.008035639764381708,7.886549319739671,2019,6,191.06368754466965,197.869995,198.449997,193.889999
2019-06-21,198.800003,200.850006,198.149994,198.779999,196.082092,47800600,195.69199980000002,194.26219974,-0.003409244841749093,7.783488072296566,2019,6,191.56151409017482,199.460007,197.869995,198.449997
2019-06-24,198.539993,200.160004,198.169998,198.580002,195.884811,18220400,196.29199979999999,194.25479983999998,-0.0010061223513739836,7.846556796623512,2019,6,192.01431976177645,198.779999,199.460007,197.869995
2019-06-25,198.429993,199.259995,195.289993,195.570007,192.91568,21070300,196.36800069999998,194.18880008,-0.01515759376414949,7.966292000859717,2019,6,192.24371893843602,198.580002,198.779999,199.460007
2019-06-26,197.770004,200.990005,197.350006,199.800003,197.088272,26067500,196.92900079999998,194.20020022,0.0216290629881708,8.251583084582343,2019,6,192.73122113595625,195.570007,198.580002,198.779999
2019-06-27,200.289993,201.570007,199.570007,199.740005,197.029083,20899700,197.48800190000003,194.21000032,-0.0003002902857814904,8.498153771327146,2019,6,193.18340074008813,199.800003,195.570007,198.580002
2019-06-28,198.679993,199.5,197.050003,197.919998,195.233765,31110600,198.0060012,194.10580018000002,-0.009111880216484458,8.66143576367118,2019,6,193.48898766008244,199.740005,199.800003,195.570007
2019-07-01,203.169998,204.490005,200.649994,201.550003,198.814529,27316700,198.7720016,194.05960022,0.018340769182910055,8.961862789074702,2019,7,194.00905316588356,197.919998,199.740005,199.800003
2019-07-02,201.410004,203.130005,201.360001,202.729996,199.978485,16935200,199.2000015,194.02360016,0.005854591825533273,9.20165980958351,2019,7,194.57169463905237,201.550003,197.919998,199.740005
2019-07-03,203.279999,204.440002,202.690002,204.410004,201.635681,11362000,199.85400239999998,193.96220032000002,0.008286923657809364,9.541540784128534,2019,7,195.2064242752425,202.729996,201.550003,197.919998
2019-07-05,203.350006,205.080002,202.899994,204.229996,201.458115,17265500,200.3310013,193.90360016000002,-0.0008806222615209691,9.735854132858163,2019,7,195.7885901929688,204.410004,202.729996,201.550003
2019-07-08,200.809998,201.399994,198.410004,200.020004,197.305267,25338600,200.4550018,193.79840026000002,-0.020613974844322036,9.603007659194251,2019,7,196.0615846321321,204.229996,204.410004,202.729996
2019-07-09,199.199997,201.509995,198.809998,201.240005,198.508728,20578000,200.72100210000002,193.7372003,0.006099394938518188,9.419310849243756,2019,7,196.39567626876874,200.020004,204.229996,204.410004
2019-07-10,201.850006,203.729996,201.559998,203.229996,200.47171,17897100,201.48700100000002,193.7096002,0.009888645152836384,9.193473796008696,2019,7,196.83660012239656,201.240005,200.020004,204.229996
2019-07-11,203.309998,204.389999,201.710007,201.75,199.011795,20191800,201.6820007,193.73120024,-0.007282369872211203,8.779607780218411,2019,7,197.1535936628871,203.229996,201.240005,200.020004
2019-07-12,202.449997,204.0,202.199997,203.300003,200.540771,17595200,202.0380005,193.58680022000001,0.007682790582403953,8.376240327697403,2019,7,197.55013620076534,201.75,203.229996,201.240005
2019-07-15,204.089996,205.869995,204.0,205.210007,202.424835,16947400,202.7670014,193.50800048000002,0.009395002320782053,7.6509073158759895,2019,7,198.0443214136192,203.300003,201.75,203.229996
2019-07-16,204.589996,206.110001,203.5,204.5,201.724472,16866800,203.0620011,193.36300048,-0.0034599043700631604,6.452487380360349,2019,7,198.46081680628893,205.210007,203.300003,201.75
2019-07-17,204.050003,205.089996,203.270004,203.350006,200.590073,14107500,203.12400209999998,193.26040068000003,-0.005623442542787238,5.615793030620612,2019,7,198.7762483671735,204.5,205.210007,203.300003
2019-07-18,204.0,205.880005,203.699997,205.660004,202.868729,18582200,203.2490021,193.31640073999998,0.011359714442299884,4.9598448840229805,2019,7,199.22036163380747,203.350006,204.5,205.210007
2019-07-19,205.789993,206.5,202.360001,202.589996,199.840378,20929300,203.0850021,193.31020078,-0.01492758893459889,4.283253568651081,2019,7,199.43775739936828,205.660004,203.350006,204.5
2019-07-22,203.649994,207.229996,203.610001,207.220001,204.407562,22277900,203.8050018,193.44020078000003,0.022854065311299854,4.141490688668195,2019,7,199.9398376316671,202.589996,205.660004,203.350006
2019-07-23,208.460007,208.910004,207.289993,208.839996,206.005554,18355200,204.5650009,193.67340084,0.007817754040065017,4.202638485775174,2019,7,200.51404139736601,207.220001,202.589996,205.660004
2019-07-24,207.669998,209.149994,207.169998,208.669998,205.837891,14991600,205.10900109999997,194.13240078,-0.0008140107415057773,4.31297807228939,2019,7,201.04023214592306,208.839996,207.220001,202.589996
2019-07-25,208.889999,209.240005,206.729996,207.020004,204.210281,13909600,205.63600149999996,194.49960078,-0.007907193251614375,4.251315910535851,2019,7,201.42602387844417,208.669998,208.839996,207.220001
2019-07-26,207.479996,209.729996,207.139999,207.740005,204.920502,17618900,206.0800017,194.83600092,0.003477929601431118,4.173759865675412,2019,7,201.8333774991897,207.020004,208.669998,208.839996
2019-07-29,208.460007,210.639999,208.440002,209.679993,206.834152,21673400,206.5270003,195.22800074,0.009338538333047541,4.039916097843029,2019,7,202.3396107573065,207.740005,207.020004,208.669998
2019-07-30,208.759995,210.160004,207.309998,208.779999,205.946365,33935700,206.9550002,195.62360071999998,-0.004292226392815568,3.8649972640547654,2019,7,202.75511967618993,209.679993,207.740005,207.020004
2019-07-31,216.419998,221.369995,211.300003,213.039993,210.14856,69281400,207.92399890000002,196.22260066,0.020404224640311552,4.186445872580748,2019,7,203.41865989062927,208.779999,209.679993,207.740005
2019-08-01,213.899994,218.029999,206.740005,208.429993,205.60112,54017900,208.2009978,196.6592004,-0.02163912951311453,4.147821864750707,2019,8,203.74197170413706,213.039993,208.779999,209.679993
2019-08-02,205.529999,206.429993,201.630005,204.020004,201.250992,40862100,208.34399860000002,197.0840005,-0.021158130538343367,4.067278750854325,2019,8,203.7599092716121,208.429993,213.039993,208.779999
2019-08-05,197.990005,198.649994,192.580002,193.339996,190.715927,52393000,206.9559981,197.35760034000003,-0.05234784722384378,4.411076824780714,2019,8,203.08765680247583,204.020004,208.429993,213.039993
2019-08-06,196.309998,198.070007,194.039993,197.0,194.326248,35824800,205.77199850000002,197.71820032000002,0.018930402791567102,4.483629069747299,2019,8,202.6949047507032,193.339996,204.020004,208.429993
2019-08-07,195.410004,199.559998,193.820007,199.039993,196.338562,33364400,204.80899799999997,198.13440026,0.010355294416243721,4.308370499711497,2019,8,202.4591039925933,197.0,193.339996,204.020004
2019-08-08,200.199997,203.529999,199.389999,203.429993,200.668991,27009500,204.4499969,198.65540002,0.02205586894288114,4.242580687921099,2019,8,202.52174199307117,199.039993,197.0,193.339996
2019-08-09,201.300003,202.759995,199.289993,200.990005,199.015396,24619700,203.77499690000002,199.10920006,-0.01199423921722298,4.206067043106566,2019,8,202.42292025158272,203.429993,199.039993,197.0
2019-08-12,199.619995,202.050003,199.149994,200.479996,198.510406,22474900,202.8549972,199.61739984,-0.0025374843888381626,4.103939086463922,2019,8,202.29757029986771,200.990005,203.429993,199.039993
2019-08-13,201.020004,212.139999,200.479996,208.970001,206.917007,47218500,202.8739974,200.3307998,0.042348389711659884,4.171137814419101,2019,8,202.72804969987627,200.479996,200.990005,203.429993
2019-08-14,203.160004,206.440002,202.589996,202.75,200.758102,36547400,201.8449981,200.79299982,-0.029765042686677345,4.170880265488021,2019,8,202.72946584827136,208.970001,200.479996,200.990005
2019-08-15,203.460007,205.139999,199.669998,201.740005,199.758026,27227400,201.1759993,201.17700005999998,-0.004981479654747267,4.196806690735908,2019,8,202.6656296645119,202.75,208.970001,200.479996
2019-08-16,204.279999,207.160004,203.839996,206.5,204.471252,27620400,201.4239989,201.60260004,0.023594700515646272,4.217616569771604,2019,8,202.9130083958337,201.740005,202.75,208.970001
2019-08-19,210.619995,212.729996,210.029999,210.350006,208.283447,24413600,203.1249999,202.00660028000001,0.018644096852300285,4.278701521686368,2019,8,203.3928146928767,206.5,201.740005,202.75
2019-08-20,210.880005,213.350006,210.320007,210.360001,208.29335,26884300,204.461,202.36220025999998,4.751604333219639e-05,4.352977592233228,2019,8,203.84231058365884,210.350006,206.5,201.740005
2019-08-21,212.990005,213.649994,211.600006,212.639999,210.550949,21535400,205.8210006,202.71880027999998,0.010838552905311882,4.560158370215799,2019,8,204.40990338471312,210.360001,210.350006,206.5
2019-08-22,213.190002,214.440002,210.75,212.460007,210.372726,22253700,206.724002,203.08420038,-0.0008464635103765383,4.694257513973472,2019,8,204.92926490828003,212.639999,210.360001,210.350006
2019-08-23,209.429993,212.050003,201.0,202.639999,200.6492,46818000,206.8890014,203.25400048,-0.04622050116001364,4.706953969153093,2019,8,204.7815703335523,212.460007,212.639999,210.360001
2019-08-26,205.860001,207.190002,205.059998,206.490005,204.461349,26043600,207.49000229999996,203.52900048000004,0.01899924012534182,4.709272738908453,2019,8,204.89179192493603,202.639999,212.460007,212.639999
2019-08-27,207.860001,208.550003,203.529999,204.160004,202.154251,25873300,207.00900259999997,203.73440058,-0.011283843980729236,4.712479020911429,2019,8,204.8445798007466,206.490005,202.639999,212.460007
2019-08-28,204.100006,205.720001,203.320007,205.529999,203.510803,15938800,207.28700250000003,203.87600062,0.006710398575423326,4.693153800272453,2019,8,204.8888003942468,204.160004,206.490005,202.639999
2019-08-29,208.5,209.320007,206.660004,209.009995,206.956604,20990500,208.0140015,204.09880062,0.01693181538914912,4.732221679206256,2019,8,205.1546839171986,205.529999,204.160004,206.490005
2019-08-30,210.160004,210.449997,207.199997,208.740005,206.689255,21143400,208.238002,204.28440058,-0.0012917564061948328,4.721701163473809,2019,8,205.38599495479872,209.009995,205.529999,204.160004
2019-09-03,206.429993,206.979996,204.220001,205.699997,203.679108,20023000,207.77300110000002,204.42280054,-0.014563609883979867,4.716332808180315,2019,9,205.40625315126334,208.740005,209.009995,205.529999
2019-09-04,208.389999,209.479996,207.320007,209.190002,207.134857,19188100,207.6560012,204.63500054,0.016966480558577635,4.724151370736612,2019,9,205.65036598021408,205.699997,208.740005,209.009995
2019-09-05,212.0,213.970001,211.509995,213.279999,211.184647,23913700,207.72000119999998,204.98920038,0.019551589277196912,4.887396925487483,2019,9,206.14260036858735,209.190002,205.699997,208.740005
2019-09-06,214.050003,214.419998,212.509995,213.259995,211.164841,19362300,207.8,205.25840022,-9.379219848926201e-05,5.057006128158233,2019,9,206.60178711900105,213.279999,209.190002,205.699997
2019-09-09,214.839996,216.440002,211.070007,214.169998,212.065918,27309400,208.95299989999998,205.54700008,0.004267105980190866,5.25158072735313,2019,9,207.0900587887429,213.259995,213.279999,209.190002
2019-09-10,213.860001,216.779999,211.710007,216.699997,214.571045,31777900,209.9739991,205.92260005999998,0.0118130411524775,5.544588083643779,2019,9,207.7100548023724,214.169998,213.259995,213.279999
2019-09-11,218.070007,223.710007,217.729996,223.589996,221.393372,44289600,211.91699830000002,206.36339992,0.03179510427035215,6.332737536366301,2019,9,208.73456713770324,216.699997,214.169998,213.259995
2019-09-12,224.800003,226.419998,222.860001,223.089996,220.89827,32226700,213.672998,206.77059992000002,-0.0022362360076253474,6.889980456532356,2019,9,209.66072383849658,223.589996,216.699997,214.169998
2019-09-13,220.0,220.789993,217.020004,218.75,216.600922,39763300,214.64699850000002,207.05739984,-0.0194540144238472,7.184111363622925,2019,9,210.24712875214198,223.089996,223.589996,216.699997
2019-09-16,217.729996,220.130005,217.559998,219.899994,217.739609,21158100,215.7629974,207.3707998,0.005257115428571435,7.464448026217889,2019,9,210.86989425200377,218.75,223.089996,223.589996
2019-09-17,219.960007,220.820007,219.119995,220.699997,218.531769,18318700,217.2629974,207.78439966,0.0036380310224111145,7.218872441567584,2019,9,211.50409442929387,219.899994,218.75,223.089996
2019-09-18,221.059998,222.850006,219.440002,222.770004,220.581436,25340000,218.6209976,208.21499963999997,0.009379279692514064,7.2272999636700295,2019,9,212.2309273048233,220.699997,219.899994,218.75
2019-09-19,222.009995,223.759995,220.369995,220.960007,218.789215,22060600,219.3889984,208.56959985999998,-0.00812495833146376,7.163078742429353,2019,9,212.79409373677018,222.770004,220.699997,219.899994
2019-09-20,221.380005,222.559998,217.470001,217.729996,215.590912,55413100,219.83599850000002,208.88919977999998,-0.014618079732410583,7.119230999227123,2019,9,213.11253904407533,220.960007,222.770004,220.699997
2019-09-23,218.949997,219.839996,217.649994,218.720001,216.571213,19165500,220.29099879999998,209.19759974000002,0.004546938952775248,6.954692879941488,2019,9,213.47431078316725,217.729996,220.960007,222.770004
2019-09-24,221.029999,222.490005,217.190002,217.679993,215.541412,31190800,220.3889984,209.44699946,-0.0047549743747486994,6.671685589254967,2019,9,213.7456451197371,218.720001,217.729996,220.960007
2019-09-25,218.550003,221.5,217.139999,221.029999,218.858505,21903400,220.1329987,209.77759944,0.015389590719069979,6.80629531906878,2019,9,214.21560343459277,217.679993,218.720001,217.729996
2019-09-26,220.0,220.940002,218.830002,219.889999,217.729721,18833500,219.812999,210.10839929999997,-0.00515767092773689,6.631655507792303,2019,9,214.58169347107065,221.029999,217.679993,218.720001
2019-09-27,220.539993,220.960007,217.279999,218.820007,216.670242,25352000,219.81999969999998,210.37159936,-0.0048660330386375295,6.304237792659782,2019,9,214.8551330535822,219.889999,221.029999,217.679993
2019-09-30,220.899994,224.580002,220.789993,223.970001,221.769623,25977400,220.2270004,210.79919945999998,0.02353529766590312,6.378667362156677,2019,9,215.44318905012528,218.820007,219.889999,221.029999
2019-10-01,225.070007,228.220001,224.199997,224.589996,222.383545,34805800,220.6160003,211.14659936,0.0027682055508855274,6.567552705167755,2019,10,216.03330562753658,223.970001,218.820007,219.889999
2019-10-02,223.059998,223.580002,217.929993,218.960007,216.808853,34612300,220.23500059999998,211.34899958000003,-0.02506785297774361,6.535838353224439,2019,10,216.22212507092132,224.589996,223.970001,218.820007
2019-10-03,218.429993,220.960007,215.130005,220.820007,218.650574,28606500,220.22100059999997,211.59199976,0.008494701957147965,6.582697593657926,2019,10,216.51876261473282,218.960007,224.589996,223.970001
2019-10-04,225.639999,227.490005,223.889999,227.009995,224.77977,34619700,221.1490005,211.99179958000002,0.028031825938670485,6.860069403682545,2019,10,217.1956163170081,220.820007,218.960007,224.589996
2019-10-07,226.270004,229.929993,225.839996,227.059998,224.829269,30576500,221.98300020000002,212.37819944,0.00022026783446249532,6.633073563195701,2019,10,217.83202803849147,227.009995,220.820007,218.960007
2019-10-08,225.820007,228.059998,224.330002,224.399994,222.195404,27955000,222.65500030000004,212.67259946000001,-0.011714982927111706,6.450954423320121,2019,10,218.25576777794362,227.059998,227.009995,220.820007
2019-10-09,227.029999,227.789993,225.639999,227.029999,224.799576,18692600,223.25500029999998,213.03759946,0.011720165197508958,6.143015855050907,2019,10,218.82184721162469,224.399994,227.059998,227.009995
2019-10-10,227.929993,230.440002,227.300003,230.089996,227.829498,28253400,224.275,213.37859952,0.01347838177103644,5.9987244241888735,2019,10,219.5488245528102,227.029999,224.399994,227.059998
2019-10-11,232.949997,237.639999,232.309998,236.210007,233.889374,41698900,226.01399999999998,213.9341998,0.026598335896359293,6.436639502302569,2019,10,220.6237395494031,230.089996,227.029999,224.399994
2019-10-14,234.899994,238.130005,234.669998,235.869995,233.552719,24106900,227.20399940000001,214.57119962000002,-0.0014394479062015408,6.678102590698016,2019,10,221.60736893331259,236.210007,230.089996,227.029999
2019-10-15,236.389999,237.649994,234.880005,235.320007,233.008133,21840000,228.27700049999999,215.41079984,-0.0023317421107333924,6.515793672800646,2019,10,222.49205526019563,235.869995,236.210007,230.089996
2019-10-16,233.369995,235.240005,233.199997,234.369995,232.067444,18475800,229.81799929999997,216.15819974,-0.004037106798148393,6.422962806804093,2019,10,223.25837395308625,235.320007,235.869995,236.210007
2019-10-17,235.089996,236.149994,233.520004,235.279999,232.968521,16896300,231.26399849999999,216.88299986,0.00388276664852083,6.542558494531738,2019,10,224.03396266579037,234.369995,235.320007,235.869995
2019-10-18,234.589996,237.580002,234.289993,236.410004,234.087433,24358400,232.20399940000001,217.54260007999997,0.004802809438978262,6.6423963563897646,2019,10,224.8324169454168,235.279999,234.369995,235.320007
2019-10-21,237.520004,240.990005,237.320007,240.509995,238.147125,21811800,233.5489991,218.33299988,0.017342713635756457,6.976480494534541,2019,10,225.8438735940996,236.410004,235.279999,234.369995
2019-10-22,241.160004,242.199997,239.619995,239.960007,237.602539,20573400,235.10500040000002,219.12260009999997,-0.002286757354928226,7.276752427250441,2019,10,226.75459187835125,240.509995,236.410004,235.279999
2019-10-23,242.100006,243.240005,241.220001,243.179993,240.790909,18957200,236.7199998,219.80679994,0.013418844416019704,7.900651428635855,2019,10,227.81429517652214,239.960007,240.509995,236.410004
2019-10-24,244.509995,244.800003,241.809998,243.580002,241.186966,17318800,238.0690004,220.62339998,0.0016449091681649541,8.444518511235426,2019,10,228.8314375522304,243.179993,239.960007,240.509995
2019-10-25,243.160004,246.729996,242.880005,246.580002,244.157501,18369300,239.1059999,221.52019992,0.012316282023842051,8.975095250498255,2019,10,229.97650622628007,243.580002,243.179993,239.960007
2019-10-28,247.419998,249.25,246.720001,249.050003,246.603241,24143200,240.4240007,222.37119997999997,0.010017036985829897,9.589719360509477,2019,10,231.2070544052297,246.580002,243.580002,243.179993
2019-10-29,248.970001,249.75,242.570007,243.289993,240.899811,35709900,241.2209993,223.02999971999998,-0.02312792584065937,9.777430178381428,2019,10,231.98659883069874,249.050003,246.580002,243.580002
2019-10-30,244.759995,245.300003,241.210007,243.259995,240.870102,31130500,242.10999929999997,223.6879996,-0.00012330141338778855,9.966061050060704,2019,10,232.71391471258914,243.289993,249.050003,246.580002
2019-10-31,247.240005,249.169998,237.259995,248.759995,246.316086,34790500,243.45799890000004,224.41039952,0.02260955402880782,10.313559659663715,2019,10,233.74914569887372,243.259995,243.289993,249.050003
2019-11-01,249.539993,255.929993,249.160004,255.820007,253.306732,37781300,245.3989992,225.27759952,0.02838081742202969,10.870641849963517,2019,11,235.17307223443024,248.759995,243.259995,243.289993
2019-11-04,257.329987,257.850006,255.380005,257.5,254.970215,25818000,247.0979997,226.37479954000003,0.006567089961810435,11.416214180530242,2019,11,236.61351918704764,255.820007,248.759995,243.259995
2019-11-05,257.049988,258.190002,256.320007,257.130005,254.603882,19974400,248.81499949999997,227.38759953999997,-0.0014368737864078884,11.714678653629656,2019,11,237.93716343304456,257.5,255.820007,248.759995
2019-11-06,256.769989,257.48999,255.369995,257.23999,254.712769,18966100,250.2209992,228.44919926,0.00042774082316832107,12.030861846595908,2019,11,239.18250708252555,257.130005,257.5,255.820007
2019-11-07,258.73999,260.350006,258.109985,259.429993,257.652466,23735100,251.8059983,229.52719913999996,0.008513462467480526,12.285314571073132,2019,11,240.48879649655618,257.23999,257.130005,257.5
2019-11-08,258.690002,260.440002,256.850006,260.140015,258.357635,17496600,253.1619996,230.54979953999998,0.002736853945796369,12.37099555768077,2019,11,241.75661704516546,259.429993,257.23999,257.130005
2019-11-11,258.299988,262.470001,258.279999,262.200012,260.403503,20455300,254.47700049999997,231.61899967999997,0.007918800958014893,12.68878461303433,2019,11,243.07554575192896,260.140015,259.429993,257.23999
2019-11-12,261.549988,262.790009,260.920013,261.959991,260.165131,21847200,256.3440003,232.74419955999997,-0.0009154118574182801,12.885346194068246,2019,11,244.29389705825614,262.200012,260.140015,259.429993
2019-11-13,261.130005,264.779999,261.070007,264.470001,262.657959,25683600,258.46500090000006,233.84979954000002,0.00958165401677702,12.764102385781369,2019,11,245.59558118352996,261.959991,262.200012,260.140015
2019-11-14,263.75,264.880005,262.100006,262.640015,260.840485,22295700,259.8530029,234.83699986,-0.006919446413886532,12.486394175473105,2019,11,246.69522207491514,264.470001,261.959991,262.200012
2019-11-15,263.679993,265.779999,263.01001,265.76001,263.939117,25051600,260.8470032,235.88700015999999,0.01187935890119407,12.580301956297044,2019,11,247.92520839266254,262.640015,264.470001,261.959991
2019-11-18,265.799988,267.429993,264.230011,267.100006,265.269958,21675800,261.8070038,236.94560032,0.005042128046277572,12.60909684525928,2019,11,249.16229210926497,265.76001,262.640015,264.470001
2019-11-19,267.899994,268.0,265.390015,266.290009,264.465485,19041800,262.7230042,237.93740056000001,-0.00303256077051528,12.279695386335733,2019,11,250.26730610221563,267.100006,265.76001,262.640015
2019-11-20,265.540009,266.079987,260.399994,263.190002,261.386749,26558600,263.31800540000006,238.72940068,-0.011641469432674079,11.827252251482797,2019,11,251.1010284182017,266.290009,267.100006,265.76001
2019-11-21,263.690002,264.01001,261.179993,262.01001,260.214813,30348800,263.5760071,239.50780096,-0.0044834225883700896,11.394176573514855,2019,11,251.80483368154353,263.190002,266.290009,267.100006
2019-11-22,262.589996,263.179993,260.839996,261.779999,259.986389,16331300,263.7400055,240.36840094,-0.0008778710401180501,11.192628002605503,2019,11,252.44839273434715,262.01001,263.190002,266.290009
2019-11-25,262.709991,266.440002,262.519989,266.369995,264.544922,21005100,264.15700380000004,241.29780096,0.017533791800495857,11.061148721086566,2019,11,253.34656062245378,261.779999,262.01001,263.190002
2019-11-26,266.940002,267.160004,262.5,264.290009,262.479156,26301900,264.3900056,242.1696012,-0.007808634752574206,10.72204920171595,2019,11,254.0525895500374,266.369995,261.779999,262.01001
2019-11-27,265.579987,267.980011,265.309998,267.839996,266.004852,16308900,264.7270051,243.07100104,0.013432164966932225,10.345378519853698,2019,11,254.9420996435834,264.290009,266.369995,261.779999
2019-11-29,266.600006,268.0,265.899994,267.25,265.418915,11654400,265.1880036,243.9968009,-0.002202792744964044,9.868893660034635,2019,11,255.73615773109412,267.839996,264.290009,266.369995
2019-12-02,267.269989,268.25,263.450012,264.160004,262.350067,23621800,265.028003,244.92540106,-0.01156219270346115,9.233324525903814,2019,12,256.27963168392677,267.25,267.839996,264.290009
2019-12-03,258.309998,259.529999,256.290009,259.450012,257.672363,28607600,264.2630036,245.74000128,-0.01783007241323331,8.692127261085783,2019,12,256.4841723494799,264.160004,267.25,267.839996
2019-12-04,261.070007,263.309998,260.679993,261.73999,259.946655,16795400,263.80800170000003,246.62120122,0.008826278258179387,8.042674249207655,2019,12,256.82325735919085,259.450012,264.160004,267.25
2019-12-05,263.790009,265.890015,262.730011,265.579987,263.760345,18606100,264.0470002,247.51220098000002,0.014671036703256757,7.604108672587932,2019,12,257.3882076585979,261.73999,259.450012,264.160004
2019-12-06,267.480011,271.0,267.299988,270.709991,268.855194,26518900,264.9169983,248.52860081999998,0.019316229577193145,7.2897323414938615,2019,12,258.2476775515916,265.579987,261.73999,259.450012
2019-12-09,270.0,270.799988,264.910004,266.920013,265.091156,32010600,265.4309997,249.49060094,-0.014000140837062913,6.925741431807683,2019,12,258.8071830643922,270.709991,265.579987,261.73999
2019-12-10,268.600006,270.070007,265.859985,268.480011,266.640503,22605100,265.6420013,250.38080114000002,0.0058444399970862815,6.695893528759963,2019,12,259.4312364795927,266.920013,270.709991,265.579987
2019-12-11,268.809998,271.100006,268.5,270.769989,268.914795,19689200,266.2899993,251.30440099999998,0.00852941711180133,5.969679017435035,2019,12,260.16276890026415,268.480011,266.920013,270.709991
2019-12-12,267.779999,272.559998,267.320007,271.459991,269.600067,34327600,266.6519988,252.35440068,0.002548295704957182,5.003513642588897,2019,12,260.8916219389568,270.769989,268.480011,266.920013
2019-12-13,271.459991,275.299988,270.929993,275.149994,273.264771,33396900,267.4419982,253.44100042,0.013593174398948582,4.671264568441526,2019,12,261.811516910637,271.459991,270.769989,268.480011
2019-12-16,277.0,280.790009,276.980011,279.859985,277.942474,32046500,269.0119963,254.49800022,0.017117903335298612,5.220723096260937,2019,12,262.97593420672496,275.149994,271.459991,270.769989
2019-12-17,279.570007,281.769989,278.799988,280.410004,278.48877,28539600,271.10799549999996,255.56500034,0.0019653363448870476,5.741173142188833,2019,12,264.1007129030653,279.859985,275.149994,271.459991
2019-12-18,279.799988,281.899994,279.119995,279.73999,277.823334,29007100,272.90799549999997,256.67180026,-0.0023894083322363313,6.049597774184692,2019,12,265.1096985222224,280.410004,279.859985,275.149994
2019-12-19,279.5,281.179993,278.950012,280.019989,278.10141,24592300,274.35199570000003,257.73160006,0.0010009258955074873,6.275300335066226,2019,12,266.0716527465952,279.73999,280.410004,279.859985
2019-12-20,282.230011,282.649994,278.559998,279.440002,277.525391,68994500,275.2249968,258.71860018,-0.00207123427892153,6.476854267027633,2019,12,266.9341268919762,280.019989,279.73999,280.410004
2019-12-23,280.529999,284.25,280.369995,284.0,282.054138,24643000,276.9329955,259.67440004,0.016318343713725092,6.93881944446795,2019,12,268.0351509634616,279.440002,280.019989,279.73999
2019-12-24,284.690002,284.890015,282.920013,284.269989,282.322266,12119700,278.5119933,260.64239992,0.0009506654929578584,7.381591650625212,2019,12,269.0825598690447,284.0,279.440002,280.019989
2019-12-26,284.820007,289.980011,284.700012,289.910004,287.923645,23280300,280.4259948,261.73419986,0.01984034621396491,8.131138773906821,2019,12,270.42626594200954,284.269989,284.0,279.440002
2019-12-27,291.119995,293.970001,288.119995,289.799988,287.814392,36566500,282.2599945,262.84279972,-0.00037948328268111453,8.786239576262258,2019,12,271.67618349413794,289.910004,284.269989,284.0
2019-12-30,289.459991,292.690002,285.220001,291.519989,289.522614,36028600,283.896994,263.96759952,0.005935131370675029,9.37682059346586,2019,12,272.95642901064514,289.799988,289.910004,284.269989
